] [39m---
[37m[8/12/2026, 3:01:14 PM] [39mLoaded plugin: @sam-hunt/homebridge-esphome-ts@1.6.2
[37m[8/12/2026, 3:01:14 PM] [39mRegistering platform '@sam-hunt/homebridge-esphome-ts.esphome'
[37m[8/12/2026, 3:01:14 PM] [39m---
[37m[8/12/2026, 3:01:14 PM] [39mLoading 6 platforms...
[37m[8/12/2026, 3:01:14 PM] [39m[36m[zigbee2mqtt][39m Initializing zigbee2mqtt platform...
[37m[8/12/2026, 3:01:14 PM] [39m[36m[zigbee2mqtt][39m Initializing child bridge 0E:85:25:C6:58:78
[37m[8/12/2026, 3:01:14 PM] [39m[36m[Ring][39m Initializing Ring platform...
[37m[8/12/2026, 3:01:14 PM] [39m[36m[Ring][39m Initializing child bridge 0E:98:C8:CF:BE:1F
[37m[8/12/2026, 3:01:14 PM] [39m[36m[esphome][39m Initializing esphome platform...
[37m[8/12/2026, 3:01:14 PM] [39m[36m[esphome][39m Initializing child bridge 0E:F0:BF:5E:78:83
[37m[8/12/2026, 3:01:14 PM] [39m[36m[Camera FFmpeg][39m Initializing Camera-ffmpeg platform...
[37m[8/12/2026, 3:01:14 PM] [39m[36m[Camera FFmpeg][39m Initializing child bridge 0E:68:28:6C:7C:3C
[37m[8/12/2026, 3:01:14 PM] [39m[36m[CameraUI][39m Initializing CameraUI platform...
[37m[8/12/2026, 3:01:14 PM] [39m[36m[CameraUI][39m Initializing child bridge 0E:CC:B0:52:44:83
[37m[8/12/2026, 3:01:14 PM] [39m[33m[39m
[33m[39m
[33mNOTICE TO USERS AND PLUGIN DEVELOPERS[39m
[33m> 🎯 Homebridge v2.0 is planned for May 2026! See the following link for details:[39m
[33m> ℹ️ https://github.com/homebridge/homebridge/wiki/Updating-To-Homebridge-v2.0[39m
[33m> 🚀 Your current Node.js version will be compatible with Homebridge v2.0.[39m
[33m[39m
Setup Payload:
X-HM://0024GB2GTC3BR
Enter this code with your HomeKit app on your iOS device to pair with Homebridge:
[30m[47m                       [49m[39m
[30m[47m    ┌────────────┐     [49m[39m
[30m[47m    │ 594-16-893 │     [49m[39m
[30m[47m    └────────────┘     [49m[39m
[30m[47m                       [49m[39m
[37m[8/12/2026, 3:01:14 PM] [39m[32mHomebridge v1.11.2 (HAP v0.14.1) (Homebridge BA2C) is running on port 51833.[39m
[37m[8/12/2026, 3:01:15 PM][0m [36m[HB Supervisor][0m OS: Linux 6.8.0-117-generic x64
[37m[8/12/2026, 3:01:15 PM][0m [36m[HB Supervisor][0m Node.js v24.19.0 /opt/homebridge/bin/node
[37m[8/12/2026, 3:01:15 PM][0m [36m[HB Supervisor][0m Homebridge Path: /var/lib/homebridge/node_modules/homebridge/bin/homebridge
[37m[8/12/2026, 3:01:15 PM][0m [36m[HB Supervisor][0m UI Path: /opt/homebridge/lib/node_modules/homebridge-config-ui-x/dist/bin/standalone.js
innerError Error: Cannot find module '../build/Debug/pty.node'
Require stack:
- /opt/homebridge/lib/node_modules/homebridge-config-ui-x/node_modules/@homebridge/node-pty-prebuilt-multiarch/lib/prebuild-loader.js
- /opt/homebridge/lib/node_modules/homebridge-config-ui-x/node_modules/@homebridge/node-pty-prebuilt-multiarch/lib/unixTerminal.js
- /opt/homebridge/lib/node_modules/homebridge-config-ui-x/node_modules/@homebridge/node-pty-prebuilt-multiarch/lib/index.js
- /opt/homebridge/lib/node_modules/homebridge-config-ui-x/dist/core/node-pty/node-pty.service.js
- /opt/homebridge/lib/node_modules/homebridge-config-ui-x/dist/core/node-pty/node-pty.module.js
- /opt/homebridge/lib/node_modules/homebridge-config-ui-x/dist/modules/plugins/plugins.module.js
- /opt/homebridge/lib/node_modules/homebridge-config-ui-x/dist/modules/backup/backup.module.js
- /opt/homebridge/lib/node_modules/homebridge-config-ui-x/dist/app.module.js
- /opt/homebridge/lib/node_modules/homebridge-config-ui-x/dist/main.js
- /opt/homebridge/lib/node_modules/homebridge-config-ui-x/dist/bin/hb-service.js
    at Module._resolveFilename (node:internal/modules/cjs/loader:1517:15)
    at wrapResolveFilename (node:internal/modules/cjs/loader:1071:27)
    at defaultResolveImplForCJSLoading (node:internal/modules/cjs/loader:1095:10)
    at resolveForCJSWithHooks (node:internal/modules/cjs/loader:1122:12)
    at Module._load (node:internal/modules/cjs/loader:1294:5)
    at wrapModuleLoad (node:internal/modules/cjs/loader:255:19)
    at Module.require (node:internal/modules/cjs/loader:1617:12)
    at require (node:internal/modules/helpers:153:16)
    at Object.<anonymous> (/opt/homebridge/lib/node_modules/homebridge-config-ui-x/node_modules/@homebridge/node-pty-prebuilt-multiarch/src/prebuild-loader.ts:9:11)
    at Module._compile (node:internal/modules/cjs/loader:1872:14) {
  code: 'MODULE_NOT_FOUND',
  requireStack: [
    '/opt/homebridge/lib/node_modules/homebridge-config-ui-x/node_modules/@homebridge/node-pty-prebuilt-multiarch/lib/prebuild-loader.js',
    '/opt/homebridge/lib/node_modules/homebridge-config-ui-x/node_modules/@homebridge/node-pty-prebuilt-multiarch/lib/unixTerminal.js',
    '/opt/homebridge/lib/node_modules/homebridge-config-ui-x/node_modules/@homebridge/node-pty-prebuilt-multiarch/lib/index.js',
    '/opt/homebridge/lib/node_modules/homebridge-config-ui-x/dist/core/node-pty/node-pty.service.js',
    '/opt/homebridge/lib/node_modules/homebridge-config-ui-x/dist/core/node-pty/node-pty.module.js',
    '/opt/homebridge/lib/node_modules/homebridge-config-ui-x/dist/modules/plugins/plugins.module.js',
    '/opt/homebridge/lib/node_modules/homebridge-config-ui-x/dist/modules/backup/backup.module.js',
    '/opt/homebridge/lib/node_modules/homebridge-config-ui-x/dist/app.module.js',
    '/opt/homebridge/lib/node_modules/homebridge-config-ui-x/dist/main.js',
    '/opt/homebridge/lib/node_modules/homebridge-config-ui-x/dist/bin/hb-service.js'
  ]
}
[37m[8/12/2026, 3:01:18 PM][0m [36m[HB Supervisor][0m ERROR: The user interface threw an unhandled error
Error: Cannot find module '../build/Release/pty.node'
Require stack:
- /opt/homebridge/lib/node_modules/homebridge-config-ui-x/node_modules/@homebridge/node-pty-prebuilt-multiarch/lib/prebuild-loader.js
- /opt/homebridge/lib/node_modules/homebridge-config-ui-x/node_modules/@homebridge/node-pty-prebuilt-multiarch/lib/unixTerminal.js
- /opt/homebridge/lib/node_modules/homebridge-config-ui-x/node_modules/@homebridge/node-pty-prebuilt-multiarch/lib/index.js
- /opt/homebridge/lib/node_modules/homebridge-config-ui-x/dist/core/node-pty/node-pty.service.js
- /opt/homebridge/lib/node_modules/homebridge-config-ui-x/dist/core/node-pty/node-pty.module.js
- /opt/homebridge/lib/node_modules/homebridge-config-ui-x/dist/modules/plugins/plugins.module.js
- /opt/homebridge/lib/node_modules/homebridge-config-ui-x/dist/modules/backup/backup.module.js
- /opt/homebridge/lib/node_modules/homebridge-config-ui-x/dist/app.module.js
- /opt/homebridge/lib/node_modules/homebridge-config-ui-x/dist/main.js
- /opt/homebridge/lib/node_modules/homebridge-config-ui-x/dist/bin/hb-service.js
    at Module._resolveFilename (node:internal/modules/cjs/loader:1517:15)
    at wrapResolveFilename (node:internal/modules/cjs/loader:1071:27)
    at defaultResolveImplForCJSLoading (node:internal/modules/cjs/loader:1095:10)
    at resolveForCJSWithHooks (node:internal/modules/cjs/loader:1122:12)
    at Module._load (node:internal/modules/cjs/loader:1294:5)
    at wrapModuleLoad (node:internal/modules/cjs/loader:255:19)
    at Module.require (node:internal/modules/cjs/loader:1617:12)
    at require (node:internal/modules/helpers:153:16)
    at Object.<anonymous> (/opt/homebridge/lib/node_modules/homebridge-config-ui-x/node_modules/@homebridge/node-pty-prebuilt-multiarch/src/prebuild-loader.ts:6:9)
    at Module._compile (node:internal/modules/cjs/loader:1872:14) {
  code: 'MODULE_NOT_FOUND',
  requireStack: [
    '/opt/homebridge/lib/node_modules/homebridge-config-ui-x/node_modules/@homebridge/node-pty-prebuilt-multiarch/lib/prebuild-loader.js',
    '/opt/homebridge/lib/node_modules/homebridge-config-ui-x/node_modules/@homebridge/node-pty-prebuilt-multiarch/lib/unixTerminal.js',
    '/opt/homebridge/lib/node_modules/homebridge-config-ui-x/node_modules/@homebridge/node-pty-prebuilt-multiarch/lib/index.js',
    '/opt/homebridge/lib/node_modules/homebridge-config-ui-x/dist/core/node-pty/node-pty.service.js',
    '/opt/homebridge/lib/node_modules/homebridge-config-ui-x/dist/core/node-pty/node-pty.module.js',
    '/opt/homebridge/lib/node_modules/homebridge-config-ui-x/dist/modules/plugins/plugins.module.js',
    '/opt/homebridge/lib/node_modules/homebridge-config-ui-x/dist/modules/backup/backup.module.js',
    '/opt/homebridge/lib/node_modules/homebridge-config-ui-x/dist/app.module.js',
    '/opt/homebridge/lib/node_modules/homebridge-config-ui-x/dist/main.js',
    '/opt/homebridge/lib/node_modules/homebridge-config-ui-x/dist/bin/hb-service.js'
  ]
}
[37m[8/12/2026, 3:01:18 PM][0m [36m[HB Supervisor][0m Starting Homebridge with extra flags: -I -P /var/lib/homebridge/node_modules --strict-plugin-resolution
[37m[8/12/2026, 3:01:18 PM][0m [36m[HB Supervisor][0m Started Homebridge v1.11.2 with PID: 13031
[37m[8/12/2026, 3:01:19 PM] [39mLoaded config.json with 0 accessories and 6 platforms.
[37m[8/12/2026, 3:01:19 PM] [39mLoaded 0 cached accessories from cachedAccessories.
[37m[8/12/2026, 3:01:19 PM] [39m---
[37m[8/12/2026, 3:01:20 PM] [39mLoaded plugin: homebridge-camera-ffmpeg@3.1.4
[37m[8/12/2026, 3:01:20 PM] [39mRegistering platform 'homebridge-camera-ffmpeg.Camera-ffmpeg'
[37m[8/12/2026, 3:01:20 PM] [39m---
[37m[8/12/2026, 3:01:20 PM] [39mLoaded plugin: homebridge-camera-ui@5.0.27
[37m[8/12/2026, 3:01:20 PM] [39mRegistering platform 'homebridge-camera-ui.CameraUI'
[37m[8/12/2026, 3:01:20 PM] [39m---
[37m[8/12/2026, 3:01:22 PM] [39mLoaded plugin: homebridge-ring@14.3.0
[37m[8/12/2026, 3:01:22 PM] [39mRegistering platform 'homebridge-ring.Ring'
[37m[8/12/2026, 3:01:22 PM] [39m---
[37m[8/12/2026, 3:01:22 PM] [39mLoaded plugin: homebridge-tapo-camera@2.9.6
[37m[8/12/2026, 3:01:22 PM] [39mRegistering platform 'homebridge-tapo-camera.tapo-camera'
[37m[8/12/2026, 3:01:22 PM] [39m---
[37m[8/12/2026, 3:01:23 PM][0m [36m[HB Supervisor][0m OS: Linux 6.8.0-117-generic x64
[37m[8/12/2026, 3:01:23 PM][0m [36m[HB Supervisor][0m Node.js v24.19.0 /opt/homebridge/bin/node
[37m[8/12/2026, 3:01:23 PM][0m [36m[HB Supervisor][0m Homebridge Path: /var/lib/homebridge/node_modules/homebridge/bin/homebridge
[37m[8/12/2026, 3:01:23 PM][0m [36m[HB Supervisor][0m UI Path: /opt/homebridge/lib/node_modules/homebridge-config-ui-x/dist/bin/standalone.js
innerError Error: Cannot find module '../build/Debug/pty.node'
Require stack:
- /opt/homebridge/lib/node_modules/homebridge-config-ui-x/node_modules/@homebridge/node-pty-prebuilt-multiarch/lib/prebuild-loader.js
- /opt/homebridge/lib/node_modules/homebridge-config-ui-x/node_modules/@homebridge/node-pty-prebuilt-multiarch/lib/unixTerminal.js
- /opt/homebridge/lib/node_modules/homebridge-config-ui-x/node_modules/@homebridge/node-pty-prebuilt-multiarch/lib/index.js
- /opt/homebridge/lib/node_modules/homebridge-config-ui-x/dist/core/node-pty/node-pty.service.js
- /opt/homebridge/lib/node_modules/homebridge-config-ui-x/dist/core/node-pty/node-pty.module.js
- /opt/homebridge/lib/node_modules/homebridge-config-ui-x/dist/modules/plugins/plugins.module.js
- /opt/homebridge/lib/node_modules/homebridge-config-ui-x/dist/modules/backup/backup.module.js
- /opt/homebridge/lib/node_modules/homebridge-config-ui-x/dist/app.module.js
- /opt/homebridge/lib/node_modules/homebridge-config-ui-x/dist/main.js
- /opt/homebridge/lib/node_modules/homebridge-config-ui-x/dist/bin/hb-service.js
    at Module._resolveFilename (node:internal/modules/cjs/loader:1517:15)
    at wrapResolveFilename (node:internal/modules/cjs/loader:1071:27)
    at defaultResolveImplForCJSLoading (node:internal/modules/cjs/loader:1095:10)
    at resolveForCJSWithHooks (node:internal/modules/cjs/loader:1122:12)
    at Module._load (node:internal/modules/cjs/loader:1294:5)
    at wrapModuleLoad (node:internal/modules/cjs/loader:255:19)
    at Module.require (node:internal/modules/cjs/loader:1617:12)
    at require (node:internal/modules/helpers:153:16)
    at Object.<anonymous> (/opt/homebridge/lib/node_modules/homebridge-config-ui-x/node_modules/@homebridge/node-pty-prebuilt-multiarch/src/prebuild-loader.ts:9:11)
    at Module._compile (node:internal/modules/cjs/loader:1872:14) {
  code: 'MODULE_NOT_FOUND',
  requireStack: [
    '/opt/homebridge/lib/node_modules/homebridge-config-ui-x/node_modules/@homebridge/node-pty-prebuilt-multiarch/lib/prebuild-loader.js',
    '/opt/homebridge/lib/node_modules/homebridge-config-ui-x/node_modules/@homebridge/node-pty-prebuilt-multiarch/lib/unixTerminal.js',
    '/opt/homebridge/lib/node_modules/homebridge-config-ui-x/node_modules/@homebridge/node-pty-prebuilt-multiarch/lib/index.js',
    '/opt/homebridge/lib/node_modules/homebridge-config-ui-x/dist/core/node-pty/node-pty.service.js',
    '/opt/homebridge/lib/node_modules/homebridge-config-ui-x/dist/core/node-pty/node-pty.module.js',
    '/opt/homebridge/lib/node_modules/homebridge-config-ui-x/dist/modules/plugins/plugins.module.js',
    '/opt/homebridge/lib/node_modules/homebridge-config-ui-x/dist/modules/backup/backup.module.js',
    '/opt/homebridge/lib/node_modules/homebridge-config-ui-x/dist/app.module.js',
    '/opt/homebridge/lib/node_modules/homebridge-config-ui-x/dist/main.js',
    '/opt/homebridge/lib/node_modules/homebridge-config-ui-x/dist/bin/hb-service.js'
  ]
}
[37m[8/12/2026, 3:01:25 PM][0m [36m[HB Supervisor][0m ERROR: The user interface threw an unhandled error
Error: Cannot find module '../build/Release/pty.node'
Require stack:
- /opt/homebridge/lib/node_modules/homebridge-config-ui-x/node_modules/@homebridge/node-pty-prebuilt-multiarch/lib/prebuild-loader.js
- /opt/homebridge/lib/node_modules/homebridge-config-ui-x/node_modules/@homebridge/node-pty-prebuilt-multiarch/lib/unixTerminal.js
- /opt/homebridge/lib/node_modules/homebridge-config-ui-x/node_modules/@homebridge/node-pty-prebuilt-multiarch/lib/index.js
- /opt/homebridge/lib/node_modules/homebridge-config-ui-x/dist/core/node-pty/node-pty.service.js
- /opt/homebridge/lib/node_modules/homebridge-config-ui-x/dist/core/node-pty/node-pty.module.js
- /opt/homebridge/lib/node_modules/homebridge-config-ui-x/dist/modules/plugins/plugins.module.js
- /opt/homebridge/lib/node_modules/homebridge-config-ui-x/dist/modules/backup/backup.module.js
- /opt/homebridge/lib/node_modules/homebridge-config-ui-x/dist/app.module.js
- /opt/homebridge/lib/node_modules/homebridge-config-ui-x/dist/main.js
- /opt/homebridge/lib/node_modules/homebridge-config-ui-x/dist/bin/hb-service.js
    at Module._resolveFilename (node:internal/modules/cjs/loader:1517:15)
    at wrapResolveFilename (node:internal/modules/cjs/loader:1071:27)
    at defaultResolveImplForCJSLoading (node:internal/modules/cjs/loader:1095:10)
    at resolveForCJSWithHooks (node:internal/modules/cjs/loader:1122:12)
    at Module._load (node:internal/modules/cjs/loader:1294:5)
    at wrapModuleLoad (node:internal/modules/cjs/loader:255:19)
    at Module.require (node:internal/modules/cjs/loader:1617:12)
    at require (node:internal/modules/helpers:153:16)
    at Object.<anonymous> (/opt/homebridge/lib/node_modules/homebridge-config-ui-x/node_modules/@homebridge/node-pty-prebuilt-multiarch/src/prebuild-loader.ts:6:9)
    at Module._compile (node:internal/modules/cjs/loader:1872:14) {
  code: 'MODULE_NOT_FOUND',
  requireStack: [
    '/opt/homebridge/lib/node_modules/homebridge-config-ui-x/node_modules/@homebridge/node-pty-prebuilt-multiarch/lib/prebuild-loader.js',
    '/opt/homebridge/lib/node_modules/homebridge-config-ui-x/node_modules/@homebridge/node-pty-prebuilt-multiarch/lib/unixTerminal.js',
    '/opt/homebridge/lib/node_modules/homebridge-config-ui-x/node_modules/@homebridge/node-pty-prebuilt-multiarch/lib/index.js',
    '/opt/homebridge/lib/node_modules/homebridge-config-ui-x/dist/core/node-pty/node-pty.service.js',
    '/opt/homebridge/lib/node_modules/homebridge-config-ui-x/dist/core/node-pty/node-pty.module.js',
    '/opt/homebridge/lib/node_modules/homebridge-config-ui-x/dist/modules/plugins/plugins.module.js',
    '/opt/homebridge/lib/node_modules/homebridge-config-ui-x/dist/modules/backup/backup.module.js',
    '/opt/homebridge/lib/node_modules/homebridge-config-ui-x/dist/app.module.js',
    '/opt/homebridge/lib/node_modules/homebridge-config-ui-x/dist/main.js',
    '/opt/homebridge/lib/node_modules/homebridge-config-ui-x/dist/bin/hb-service.js'
  ]
}
[37m[8/12/2026, 3:01:25 PM][0m [36m[HB Supervisor][0m Starting Homebridge with extra flags: -I -P /var/lib/homebridge/node_modules --strict-plugin-resolution
[37m[8/12/2026, 3:01:25 PM][0m [36m[HB Supervisor][0m Started Homebridge v1.11.2 with PID: 13102
[37m[8/12/2026, 3:01:26 PM] [39mLoaded config.json with 0 accessories and 6 platforms.
[37m[8/12/2026, 3:01:26 PM] [39mLoaded 0 cached accessories from cachedAccessories.
[37m[8/12/2026, 3:01:26 PM] [39m---
[37m[8/12/2026, 3:01:26 PM] [39mLoaded plugin: homebridge-camera-ffmpeg@3.1.4
[37m[8/12/2026, 3:01:26 PM] [39mRegistering platform 'homebridge-camera-ffmpeg.Camera-ffmpeg'
[37m[8/12/2026, 3:01:26 PM] [39m---
[37m[8/12/2026, 3:01:26 PM] [39mLoaded plugin: homebridge-camera-ui@5.0.27
[37m[8/12/2026, 3:01:26 PM] [39mRegistering platform 'homebridge-camera-ui.CameraUI'
[37m[8/12/2026, 3:01:26 PM] [39m---
[37m[8/12/2026, 3:01:28 PM] [39mLoaded plugin: homebridge-ring@14.3.0
[37m[8/12/2026, 3:01:28 PM] [39mRegistering platform 'homebridge-ring.Ring'
[37m[8/12/2026, 3:01:28 PM] [39m---
[37m[8/12/2026, 3:01:28 PM] [39mLoaded plugin: homebridge-tapo-camera@2.9.6
[37m[8/12/2026, 3:01:28 PM] [39mRegistering platform 'homebridge-tapo-camera.tapo-camera'
[37m[8/12/2026, 3:01:28 PM] [39m---
[37m[8/12/2026, 3:01:28 PM] [39mLoaded plugin: homebridge-z2m@1.11.0
[37m[8/12/2026, 3:01:28 PM] [39mRegistering platform 'homebridge-z2m.zigbee2mqtt'
[37m[8/12/2026, 3:01:28 PM] [39m---
[37m[8/12/2026, 3:01:29 PM] [39mLoaded plugin: @sam-hunt/homebridge-esphome-ts@1.6.2
[37m[8/12/2026, 3:01:29 PM] [39mRegistering platform '@sam-hunt/homebridge-esphome-ts.esphome'
[37m[8/12/2026, 3:01:29 PM] [39m---
[37m[8/12/2026, 3:01:29 PM] [39mLoading 6 platforms...
[37m[8/12/2026, 3:01:29 PM] [39m[36m[zigbee2mqtt][39m Initializing zigbee2mqtt platform...
[37m[8/12/2026, 3:01:29 PM] [39m[36m[zigbee2mqtt][39m Initializing child bridge 0E:85:25:C6:58:78
[37m[8/12/2026, 3:01:29 PM] [39m[36m[Ring][39m Initializing Ring platform...
[37m[8/12/2026, 3:01:29 PM] [39m[36m[Ring][39m Initializing child bridge 0E:98:C8:CF:BE:1F
[37m[8/12/2026, 3:01:29 PM] [39m[36m[esphome][39m Initializing esphome platform...
[37m[8/12/2026, 3:01:29 PM] [39m[36m[esphome][39m Initializing child bridge 0E:F0:BF:5E:78:83
[37m[8/12/2026, 3:01:29 PM] [39m[36m[Camera FFmpeg][39m Initializing Camera-ffmpeg platform...
[37m[8/12/2026, 3:01:29 PM] [39m[36m[Camera FFmpeg][39m Initializing child bridge 0E:68:28:6C:7C:3C
[37m[8/12/2026, 3:01:29 PM] [39m[36m[CameraUI][39m Initializing CameraUI platform...
[37m[8/12/2026, 3:01:29 PM] [39m[36m[CameraUI][39m Initializing child bridge 0E:CC:B0:52:44:83
[37m[8/12/2026, 3:01:29 PM] [39m[33m[39m
[33m[39m
[33mNOTICE TO USERS AND PLUGIN DEVELOPERS[39m
[33m> 🎯 Homebridge v2.0 is planned for May 2026! See the following link for details:[39m
[33m> ℹ️ https://github.com/homebridge/homebridge/wiki/Updating-To-Homebridge-v2.0[39m
[33m> 🚀 Your current Node.js version will be compatible with Homebridge v2.0.[39m
[33m[39m
Setup Payload:
X-HM://0024GB2GTC3BR
Enter this code with your HomeKit app on your iOS device to pair with Homebridge:
[30m[47m                       [49m[39m
[30m[47m    ┌────────────┐     [49m[39m
[30m[47m    │ 594-16-893 │     [49m[39m
[30m[47m    └────────────┘     [49m[39m
[30m[47m                       [49m[39m
[37m[8/12/2026, 3:01:29 PM] [39m[32mHomebridge v1.11.2 (HAP v0.14.1) (Homebridge BA2C) is running on port 51833.[39m
[37m[8/12/2026, 3:01:31 PM][0m [36m[HB Supervisor][0m OS: Linux 6.8.0-117-generic x64
[37m[8/12/2026, 3:01:31 PM][0m [36m[HB Supervisor][0m Node.js v24.19.0 /opt/homebridge/bin/node
[37m[8/12/2026, 3:01:31 PM][0m [36m[HB Supervisor][0m Homebridge Path: /var/lib/homebridge/node_modules/homebridge/bin/homebridge
[37m[8/12/2026, 3:01:31 PM][0m [36m[HB Supervisor][0m UI Path: /opt/homebridge/lib/node_modules/homebridge-config-ui-x/dist/bin/standalone.js
innerError Error: Cannot find module '../build/Debug/pty.node'
Require stack:
- /opt/homebridge/lib/node_modules/homebridge-config-ui-x/node_modules/@homebridge/node-pty-prebuilt-multiarch/lib/prebuild-loader.js
- /opt/homebridge/lib/node_modules/homebridge-config-ui-x/node_modules/@homebridge/node-pty-prebuilt-multiarch/lib/unixTerminal.js
- /opt/homebridge/lib/node_modules/homebridge-config-ui-x/node_modules/@homebridge/node-pty-prebuilt-multiarch/lib/index.js
- /opt/homebridge/lib/node_modules/homebridge-config-ui-x/dist/core/node-pty/node-pty.service.js
- /opt/homebridge/lib/node_modules/homebridge-config-ui-x/dist/core/node-pty/node-pty.module.js
- /opt/homebridge/lib/node_modules/homebridge-config-ui-x/dist/modules/plugins/plugins.module.js
- /opt/homebridge/lib/node_modules/homebridge-config-ui-x/dist/modules/backup/backup.module.js
- /opt/homebridge/lib/node_modules/homebridge-config-ui-x/dist/app.module.js
- /opt/homebridge/lib/node_modules/homebridge-config-ui-x/dist/main.js
- /opt/homebridge/lib/node_modules/homebridge-config-ui-x/dist/bin/hb-service.js
    at Module._resolveFilename (node:internal/modules/cjs/loader:1517:15)
    at wrapResolveFilename (node:internal/modules/cjs/loader:1071:27)
    at defaultResolveImplForCJSLoading (node:internal/modules/cjs/loader:1095:10)
    at resolveForCJSWithHooks (node:internal/modules/cjs/loader:1122:12)
    at Module._load (node:internal/modules/cjs/loader:1294:5)
    at wrapModuleLoad (node:internal/modules/cjs/loader:255:19)
    at Module.require (node:internal/modules/cjs/loader:1617:12)
    at require (node:internal/modules/helpers:153:16)
    at Object.<anonymous> (/opt/homebridge/lib/node_modules/homebridge-config-ui-x/node_modules/@homebridge/node-pty-prebuilt-multiarch/src/prebuild-loader.ts:9:11)
    at Module._compile (node:internal/modules/cjs/loader:1872:14) {
  code: 'MODULE_NOT_FOUND',
  requireStack: [
    '/opt/homebridge/lib/node_modules/homebridge-config-ui-x/node_modules/@homebridge/node-pty-prebuilt-multiarch/lib/prebuild-loader.js',
    '/opt/homebridge/lib/node_modules/homebridge-config-ui-x/node_modules/@homebridge/node-pty-prebuilt-multiarch/lib/unixTerminal.js',
    '/opt/homebridge/lib/node_modules/homebridge-config-ui-x/node_modules/@homebridge/node-pty-prebuilt-multiarch/lib/index.js',
    '/opt/homebridge/lib/node_modules/homebridge-config-ui-x/dist/core/node-pty/node-pty.service.js',
    '/opt/homebridge/lib/node_modules/homebridge-config-ui-x/dist/core/node-pty/node-pty.module.js',
    '/opt/homebridge/lib/node_modules/homebridge-config-ui-x/dist/modules/plugins/plugins.module.js',
    '/opt/homebridge/lib/node_modules/homebridge-config-ui-x/dist/modules/backup/backup.module.js',
    '/opt/homebridge/lib/node_modules/homebridge-config-ui-x/dist/app.module.js',
    '/opt/homebridge/lib/node_modules/homebridge-config-ui-x/dist/main.js',
    '/opt/homebridge/lib/node_modules/homebridge-config-ui-x/dist/bin/hb-service.js'
  ]
}
[37m[8/12/2026, 3:01:33 PM][0m [36m[HB Supervisor][0m ERROR: The user interface threw an unhandled error
Error: Cannot find module '../build/Release/pty.node'
Require stack:
- /opt/homebridge/lib/node_modules/homebridge-config-ui-x/node_modules/@homebridge/node-pty-prebuilt-multiarch/lib/prebuild-loader.js
- /opt/homebridge/lib/node_modules/homebridge-config-ui-x/node_modules/@homebridge/node-pty-prebuilt-multiarch/lib/unixTerminal.js
- /opt/homebridge/lib/node_modules/homebridge-config-ui-x/node_modules/@homebridge/node-pty-prebuilt-multiarch/lib/index.js
- /opt/homebridge/lib/node_modules/homebridge-config-ui-x/dist/core/node-pty/node-pty.service.js
- /opt/homebridge/lib/node_modules/homebridge-config-ui-x/dist/core/node-pty/node-pty.module.js
- /opt/homebridge/lib/node_modules/homebridge-config-ui-x/dist/modules/plugins/plugins.module.js
- /opt/homebridge/lib/node_modules/homebridge-config-ui-x/dist/modules/backup/backup.module.js
- /opt/homebridge/lib/node_modules/homebridge-config-ui-x/dist/app.module.js
- /opt/homebridge/lib/node_modules/homebridge-config-ui-x/dist/main.js
- /opt/homebridge/lib/node_modules/homebridge-config-ui-x/dist/bin/hb-service.js
    at Module._resolveFilename (node:internal/modules/cjs/loader:1517:15)
    at wrapResolveFilename (node:internal/modules/cjs/loader:1071:27)
    at defaultResolveImplForCJSLoading (node:internal/modules/cjs/loader:1095:10)
    at resolveForCJSWithHooks (node:internal/modules/cjs/loader:1122:12)
    at Module._load (node:internal/modules/cjs/loader:1294:5)
    at wrapModuleLoad (node:internal/modules/cjs/loader:255:19)
    at Module.require (node:internal/modules/cjs/loader:1617:12)
    at require (node:internal/modules/helpers:153:16)
    at Object.<anonymous> (/opt/homebridge/lib/node_modules/homebridge-config-ui-x/node_modules/@homebridge/node-pty-prebuilt-multiarch/src/prebuild-loader.ts:6:9)
    at Module._compile (node:internal/modules/cjs/loader:1872:14) {
  code: 'MODULE_NOT_FOUND',
  requireStack: [
    '/opt/homebridge/lib/node_modules/homebridge-config-ui-x/node_modules/@homebridge/node-pty-prebuilt-multiarch/lib/prebuild-loader.js',
    '/opt/homebridge/lib/node_modules/homebridge-config-ui-x/node_modules/@homebridge/node-pty-prebuilt-multiarch/lib/unixTerminal.js',
    '/opt/homebridge/lib/node_modules/homebridge-config-ui-x/node_modules/@homebridge/node-pty-prebuilt-multiarch/lib/index.js',
    '/opt/homebridge/lib/node_modules/homebridge-config-ui-x/dist/core/node-pty/node-pty.service.js',
    '/opt/homebridge/lib/node_modules/homebridge-config-ui-x/dist/core/node-pty/node-pty.module.js',
    '/opt/homebridge/lib/node_modules/homebridge-config-ui-x/dist/modules/plugins/plugins.module.js',
    '/opt/homebridge/lib/node_modules/homebridge-config-ui-x/dist/modules/backup/backup.module.js',
    '/opt/homebridge/lib/node_modules/homebridge-config-ui-x/dist/app.module.js',
    '/opt/homebridge/lib/node_modules/homebridge-config-ui-x/dist/main.js',
    '/opt/homebridge/lib/node_modules/homebridge-config-ui-x/dist/bin/hb-service.js'
  ]
}
[37m[8/12/2026, 3:01:33 PM][0m [36m[HB Supervisor][0m Starting Homebridge with extra flags: -I -P /var/lib/homebridge/node_modules --strict-plugin-resolution
[37m[8/12/2026, 3:01:33 PM][0m [36m[HB Supervisor][0m Started Homebridge v1.11.2 with PID: 13174
[37m[8/12/2026, 3:01:34 PM] [39mLoaded config.json with 0 accessories and 6 platforms.
[37m[8/12/2026, 3:01:34 PM] [39mLoaded 0 cached accessories from cachedAccessories.
[37m[8/12/2026, 3:01:34 PM] [39m---
[37m[8/12/2026, 3:01:35 PM] [39mLoaded plugin: homebridge-camera-ffmpeg@3.1.4
[37m[8/12/2026, 3:01:35 PM] [39mRegistering platform 'homebridge-camera-ffmpeg.Camera-ffmpeg'
[37m[8/12/2026, 3:01:35 PM] [39m---
[37m[8/12/2026, 3:01:35 PM] [39mLoaded plugin: homebridge-camera-ui@5.0.27
[37m[8/12/2026, 3:01:35 PM] [39mRegistering platform 'homebridge-camera-ui.CameraUI'
[37m[8/12/2026, 3:01:35 PM] [39m---
[37m[8/12/2026, 3:01:37 PM] [39mLoaded plugin: homebridge-ring@14.3.0
[37m[8/12/2026, 3:01:37 PM] [39mRegistering platform 'homebridge-ring.Ring'
[37m[8/12/2026, 3:01:37 PM] [39m---
[37m[8/12/2026, 3:01:37 PM] [39mLoaded plugin: homebridge-tapo-camera@2.9.6
[37m[8/12/2026, 3:01:37 PM] [39mRegistering platform 'homebridge-tapo-camera.tapo-camera'
[37m[8/12/2026, 3:01:37 PM] [39m---
[37m[8/12/2026, 3:01:37 PM] [39mLoaded plugin: homebridge-z2m@1.11.0
[37m[8/12/2026, 3:01:37 PM] [39mRegistering platform 'homebridge-z2m.zigbee2mqtt'
[37m[8/12/2026, 3:01:37 PM] [39m---
[37m[8/12/2026, 3:01:37 PM] [39mLoaded plugin: @sam-hunt/homebridge-esphome-ts@1.6.2
[37m[8/12/2026, 3:01:37 PM] [39mRegistering platform '@sam-hunt/homebridge-esphome-ts.esphome'
[37m[8/12/2026, 3:01:37 PM] [39m---
[37m[8/12/2026, 3:01:37 PM] [39mLoading 6 platforms...
[37m[8/12/2026, 3:01:37 PM] [39m[36m[zigbee2mqtt][39m Initializing zigbee2mqtt platform...
[37m[8/12/2026, 3:01:37 PM] [39m[36m[zigbee2mqtt][39m Initializing child bridge 0E:85:25:C6:58:78
[37m[8/12/2026, 3:01:37 PM] [39m[36m[Ring][39m Initializing Ring platform...
[37m[8/12/2026, 3:01:37 PM] [39m[36m[Ring][39m Initializing child bridge 0E:98:C8:CF:BE:1F
[37m[8/12/2026, 3:01:37 PM] [39m[36m[esphome][39m Initializing esphome platform...
[37m[8/12/2026, 3:01:37 PM] [39m[36m[esphome][39m Initializing child bridge 0E:F0:BF:5E:78:83
[37m[8/12/2026, 3:01:37 PM] [39m[36m[Camera FFmpeg][39m Initializing Camera-ffmpeg platform...
[37m[8/12/2026, 3:01:37 PM] [39m[36m[Camera FFmpeg][39m Initializing child bridge 0E:68:28:6C:7C:3C
[37m[8/12/2026, 3:01:37 PM] [39m[36m[CameraUI][39m Initializing CameraUI platform...
[37m[8/12/2026, 3:01:37 PM] [39m[36m[CameraUI][39m Initializing child bridge 0E:CC:B0:52:44:83
[37m[8/12/2026, 3:01:37 PM] [39m[33m[39m
[33m[39m
[33mNOTICE TO USERS AND PLUGIN DEVELOPERS[39m
[33m> 🎯 Homebridge v2.0 is planned for May 2026! See the following link for details:[39m
[33m> ℹ️ https://github.com/homebridge/homebridge/wiki/Updating-To-Homebridge-v2.0[39m
[33m> 🚀 Your current Node.js version will be compatible with Homebridge v2.0.[39m
[33m[39m
Setup Payload:
X-HM://0024GB2GTC3BR
Enter this code with your HomeKit app on your iOS device to pair with Homebridge:
[30m[47m                       [49m[39m
[30m[47m    ┌────────────┐     [49m[39m
[30m[47m    │ 594-16-893 │     [49m[39m
[30m[47m    └────────────┘     [49m[39m
[30m[47m                       [49m[39m
[37m[8/12/2026, 3:01:37 PM] [39m[32mHomebridge v1.11.2 (HAP v0.14.1) (Homebridge BA2C) is running on port 51833.[39m
[37m[8/12/2026, 3:01:39 PM][0m [36m[HB Supervisor][0m OS: Linux 6.8.0-117-generic x64
[37m[8/12/2026, 3:01:39 PM][0m [36m[HB Supervisor][0m Node.js v24.19.0 /opt/homebridge/bin/node
[37m[8/12/2026, 3:01:39 PM][0m [36m[HB Supervisor][0m Homebridge Path: /var/lib/homebridge/node_modules/homebridge/bin/homebridge
[37m[8/12/2026, 3:01:39 PM][0m [36m[HB Supervisor][0m UI Path: /opt/homebridge/lib/node_modules/homebridge-config-ui-x/dist/bin/standalone.js
innerError Error: Cannot find module '../build/Debug/pty.node'
Require stack:
- /opt/homebridge/lib/node_modules/homebridge-config-ui-x/node_modules/@homebridge/node-pty-prebuilt-multiarch/lib/prebuild-loader.js
- /opt/homebridge/lib/node_modules/homebridge-config-ui-x/node_modules/@homebridge/node-pty-prebuilt-multiarch/lib/unixTerminal.js
- /opt/homebridge/lib/node_modules/homebridge-config-ui-x/node_modules/@homebridge/node-pty-prebuilt-multiarch/lib/index.js
- /opt/homebridge/lib/node_modules/homebridge-config-ui-x/dist/core/node-pty/node-pty.service.js
- /opt/homebridge/lib/node_modules/homebridge-config-ui-x/dist/core/node-pty/node-pty.module.js
- /opt/homebridge/lib/node_modules/homebridge-config-ui-x/dist/modules/plugins/plugins.module.js
- /opt/homebridge/lib/node_modules/homebridge-config-ui-x/dist/modules/backup/backup.module.js
- /opt/homebridge/lib/node_modules/homebridge-config-ui-x/dist/app.module.js
- /opt/homebridge/lib/node_modules/homebridge-config-ui-x/dist/main.js
- /opt/homebridge/lib/node_modules/homebridge-config-ui-x/dist/bin/hb-service.js
    at Module._resolveFilename (node:internal/modules/cjs/loader:1517:15)
    at wrapResolveFilename (node:internal/modules/cjs/loader:1071:27)
    at defaultResolveImplForCJSLoading (node:internal/modules/cjs/loader:1095:10)
    at resolveForCJSWithHooks (node:internal/modules/cjs/loader:1122:12)
    at Module._load (node:internal/modules/cjs/loader:1294:5)
    at wrapModuleLoad (node:internal/modules/cjs/loader:255:19)
    at Module.require (node:internal/modules/cjs/loader:1617:12)
    at require (node:internal/modules/helpers:153:16)
    at Object.<anonymous> (/opt/homebridge/lib/node_modules/homebridge-config-ui-x/node_modules/@homebridge/node-pty-prebuilt-multiarch/src/prebuild-loader.ts:9:11)
    at Module._compile (node:internal/modules/cjs/loader:1872:14) {
  code: 'MODULE_NOT_FOUND',
  requireStack: [
    '/opt/homebridge/lib/node_modules/homebridge-config-ui-x/node_modules/@homebridge/node-pty-prebuilt-multiarch/lib/prebuild-loader.js',
    '/opt/homebridge/lib/node_modules/homebridge-config-ui-x/node_modules/@homebridge/node-pty-prebuilt-multiarch/lib/unixTerminal.js',
    '/opt/homebridge/lib/node_modules/homebridge-config-ui-x/node_modules/@homebridge/node-pty-prebuilt-multiarch/lib/index.js',
    '/opt/homebridge/lib/node_modules/homebridge-config-ui-x/dist/core/node-pty/node-pty.service.js',
    '/opt/homebridge/lib/node_modules/homebridge-config-ui-x/dist/core/node-pty/node-pty.module.js',
    '/opt/homebridge/lib/node_modules/homebridge-config-ui-x/dist/modules/plugins/plugins.module.js',
    '/opt/homebridge/lib/node_modules/homebridge-config-ui-x/dist/modules/backup/backup.module.js',
    '/opt/homebridge/lib/node_modules/homebridge-config-ui-x/dist/app.module.js',
    '/opt/homebridge/lib/node_modules/homebridge-config-ui-x/dist/main.js',
    '/opt/homebridge/lib/node_modules/homebridge-config-ui-x/dist/bin/hb-service.js'
  ]
}
[37m[8/12/2026, 3:01:41 PM][0m [36m[HB Supervisor][0m ERROR: The user interface threw an unhandled error
Error: Cannot find module '../build/Release/pty.node'
Require stack:
- /opt/homebridge/lib/node_modules/homebridge-config-ui-x/node_modules/@homebridge/node-pty-prebuilt-multiarch/lib/prebuild-loader.js
- /opt/homebridge/lib/node_modules/homebridge-config-ui-x/node_modules/@homebridge/node-pty-prebuilt-multiarch/lib/unixTerminal.js
- /opt/homebridge/lib/node_modules/homebridge-config-ui-x/node_modules/@homebridge/node-pty-prebuilt-multiarch/lib/index.js
- /opt/homebridge/lib/node_modules/homebridge-config-ui-x/dist/core/node-pty/node-pty.service.js
- /opt/homebridge/lib/node_modules/homebridge-config-ui-x/dist/core/node-pty/node-pty.module.js
- /opt/homebridge/lib/node_modules/homebridge-config-ui-x/dist/modules/plugins/plugins.module.js
- /opt/homebridge/lib/node_modules/homebridge-config-ui-x/dist/modules/backup/backup.module.js
- /opt/homebridge/lib/node_modules/homebridge-config-ui-x/dist/app.module.js
- /opt/homebridge/lib/node_modules/homebridge-config-ui-x/dist/main.js
- /opt/homebridge/lib/node_modules/homebridge-config-ui-x/dist/bin/hb-service.js
    at Module._resolveFilename (node:internal/modules/cjs/loader:1517:15)
    at wrapResolveFilename (node:internal/modules/cjs/loader:1071:27)
    at defaultResolveImplForCJSLoading (node:internal/modules/cjs/loader:1095:10)
    at resolveForCJSWithHooks (node:internal/modules/cjs/loader:1122:12)
    at Module._load (node:internal/modules/cjs/loader:1294:5)
    at wrapModuleLoad (node:internal/modules/cjs/loader:255:19)
    at Module.require (node:internal/modules/cjs/loader:1617:12)
    at require (node:internal/modules/helpers:153:16)
    at Object.<anonymous> (/opt/homebridge/lib/node_modules/homebridge-config-ui-x/node_modules/@homebridge/node-pty-prebuilt-multiarch/src/prebuild-loader.ts:6:9)
    at Module._compile (node:internal/modules/cjs/loader:1872:14) {
  code: 'MODULE_NOT_FOUND',
  requireStack: [
    '/opt/homebridge/lib/node_modules/homebridge-config-ui-x/node_modules/@homebridge/node-pty-prebuilt-multiarch/lib/prebuild-loader.js',
    '/opt/homebridge/lib/node_modules/homebridge-config-ui-x/node_modules/@homebridge/node-pty-prebuilt-multiarch/lib/unixTerminal.js',
    '/opt/homebridge/lib/node_modules/homebridge-config-ui-x/node_modules/@homebridge/node-pty-prebuilt-multiarch/lib/index.js',
    '/opt/homebridge/lib/node_modules/homebridge-config-ui-x/dist/core/node-pty/node-pty.service.js',
    '/opt/homebridge/lib/node_modules/homebridge-config-ui-x/dist/core/node-pty/node-pty.module.js',
    '/opt/homebridge/lib/node_modules/homebridge-config-ui-x/dist/modules/plugins/plugins.module.js',
    '/opt/homebridge/lib/node_modules/homebridge-config-ui-x/dist/modules/backup/backup.module.js',
    '/opt/homebridge/lib/node_modules/homebridge-config-ui-x/dist/app.module.js',
    '/opt/homebridge/lib/node_modules/homebridge-config-ui-x/dist/main.js',
    '/opt/homebridge/lib/node_modules/homebridge-config-ui-x/dist/bin/hb-service.js'
  ]
}
[37m[8/12/2026, 3:01:41 PM][0m [36m[HB Supervisor][0m Starting Homebridge with extra flags: -I -P /var/lib/homebridge/node_modules --strict-plugin-resolution
[37m[8/12/2026, 3:01:41 PM][0m [36m[HB Supervisor][0m Started Homebridge v1.11.2 with PID: 13255
[37m[8/12/2026, 3:01:42 PM] [39mLoaded config.json with 0 accessories and 6 platforms.
[37m[8/12/2026, 3:01:42 PM] [39mLoaded 0 cached accessories from cachedAccessories.
[37m[8/12/2026, 3:01:42 PM] [39m---
[37m[8/12/2026, 3:01:42 PM] [39mLoaded plugin: homebridge-camera-ffmpeg@3.1.4
[37m[8/12/2026, 3:01:42 PM] [39mRegistering platform 'homebridge-camera-ffmpeg.Camera-ffmpeg'
[37m[8/12/2026, 3:01:42 PM] [39m---
[37m[8/12/2026, 3:01:42 PM] [39mLoaded plugin: homebridge-camera-ui@5.0.27
[37m[8/12/2026, 3:01:42 PM] [39mRegistering platform 'homebridge-camera-ui.CameraUI'
[37m[8/12/2026, 3:01:42 PM] [39m---
[37m[8/12/2026, 3:01:44 PM] [39mLoaded plugin: homebridge-ring@14.3.0
[37m[8/12/2026, 3:01:44 PM] [39mRegistering platform 'homebridge-ring.Ring'
[37m[8/12/2026, 3:01:44 PM] [39m---
[37m[8/12/2026, 3:01:44 PM] [39mLoaded plugin: homebridge-tapo-camera@2.9.6
[37m[8/12/2026, 3:01:44 PM] [39mRegistering platform 'homebridge-tapo-camera.tapo-camera'
[37m[8/12/2026, 3:01:44 PM] [39m---
[37m[8/12/2026, 3:01:44 PM] [39mLoaded plugin: homebridge-z2m@1.11.0
[37m[8/12/2026, 3:01:44 PM] [39mRegistering platform 'homebridge-z2m.zigbee2mqtt'
[37m[8/12/2026, 3:01:44 PM] [39m---
[37m[8/12/2026, 3:01:45 PM] [39mLoaded plugin: @sam-hunt/homebridge-esphome-ts@1.6.2
[37m[8/12/2026, 3:01:45 PM] [39mRegistering platform '@sam-hunt/homebridge-esphome-ts.esphome'
[37m[8/12/2026, 3:01:45 PM] [39m---
[37m[8/12/2026, 3:01:45 PM] [39mLoading 6 platforms...
[37m[8/12/2026, 3:01:45 PM] [39m[36m[zigbee2mqtt][39m Initializing zigbee2mqtt platform...
[37m[8/12/2026, 3:01:45 PM] [39m[36m[zigbee2mqtt][39m Initializing child bridge 0E:85:25:C6:58:78
[37m[8/12/2026, 3:01:45 PM] [39m[36m[Ring][39m Initializing Ring platform...
[37m[8/12/2026, 3:01:45 PM] [39m[36m[Ring][39m Initializing child bridge 0E:98:C8:CF:BE:1F
[37m[8/12/2026, 3:01:45 PM] [39m[36m[esphome][39m Initializing esphome platform...
[37m[8/12/2026, 3:01:45 PM] [39m[36m[esphome][39m Initializing child bridge 0E:F0:BF:5E:78:83
[37m[8/12/2026, 3:01:45 PM] [39m[36m[Camera FFmpeg][39m Initializing Camera-ffmpeg platform...
[37m[8/12/2026, 3:01:45 PM] [39m[36m[Camera FFmpeg][39m Initializing child bridge 0E:68:28:6C:7C:3C
[37m[8/12/2026, 3:01:45 PM] [39m[36m[CameraUI][39m Initializing CameraUI platform...
[37m[8/12/2026, 3:01:45 PM] [39m[36m[CameraUI][39m Initializing child bridge 0E:CC:B0:52:44:83
[37m[8/12/2026, 3:01:45 PM] [39m[33m[39m
[33m[39m
[33mNOTICE TO USERS AND PLUGIN DEVELOPERS[39m
[33m> 🎯 Homebridge v2.0 is planned for May 2026! See the following link for details:[39m
[33m> ℹ️ https://github.com/homebridge/homebridge/wiki/Updating-To-Homebridge-v2.0[39m
[33m> 🚀 Your current Node.js version will be compatible with Homebridge v2.0.[39m
[33m[39m
Setup Payload:
X-HM://0024GB2GTC3BR
Enter this code with your HomeKit app on your iOS device to pair with Homebridge:
[30m[47m                       [49m[39m
[30m[47m    ┌────────────┐     [49m[39m
[30m[47m    │ 594-16-893 │     [49m[39m
[30m[47m    └────────────┘     [49m[39m
[30m[47m                       [49m[39m
[37m[8/12/2026, 3:01:45 PM] [39m[32mHomebridge v1.11.2 (HAP v0.14.1) (Homebridge BA2C) is running on port 51833.[39m
[37m[8/12/2026, 3:01:47 PM][0m [36m[HB Supervisor][0m OS: Linux 6.8.0-117-generic x64
[37m[8/12/2026, 3:01:47 PM][0m [36m[HB Supervisor][0m Node.js v24.19.0 /opt/homebridge/bin/node
[37m[8/12/2026, 3:01:47 PM][0m [36m[HB Supervisor][0m Homebridge Path: /var/lib/homebridge/node_modules/homebridge/bin/homebridge
[37m[8/12/2026, 3:01:47 PM][0m [36m[HB Supervisor][0m UI Path: /opt/homebridge/lib/node_modules/homebridge-config-ui-x/dist/bin/standalone.js
innerError Error: Cannot find module '../build/Debug/pty.node'
Require stack:
- /opt/homebridge/lib/node_modules/homebridge-config-ui-x/node_modules/@homebridge/node-pty-prebuilt-multiarch/lib/prebuild-loader.js
- /opt/homebridge/lib/node_modules/homebridge-config-ui-x/node_modules/@homebridge/node-pty-prebuilt-multiarch/lib/unixTerminal.js
- /opt/homebridge/lib/node_modules/homebridge-config-ui-x/node_modules/@homebridge/node-pty-prebuilt-multiarch/lib/index.js
- /opt/homebridge/lib/node_modules/homebridge-config-ui-x/dist/core/node-pty/node-pty.service.js
- /opt/homebridge/lib/node_modules/homebridge-config-ui-x/dist/core/node-pty/node-pty.module.js
- /opt/homebridge/lib/node_modules/homebridge-config-ui-x/dist/modules/plugins/plugins.module.js
- /opt/homebridge/lib/node_modules/homebridge-config-ui-x/dist/modules/backup/backup.module.js
- /opt/homebridge/lib/node_modules/homebridge-config-ui-x/dist/app.module.js
- /opt/homebridge/lib/node_modules/homebridge-config-ui-x/dist/main.js
- /opt/homebridge/lib/node_modules/homebridge-config-ui-x/dist/bin/hb-service.js
    at Module._resolveFilename (node:internal/modules/cjs/loader:1517:15)
    at wrapResolveFilename (node:internal/modules/cjs/loader:1071:27)
    at defaultResolveImplForCJSLoading (node:internal/modules/cjs/loader:1095:10)
    at resolveForCJSWithHooks (node:internal/modules/cjs/loader:1122:12)
    at Module._load (node:internal/modules/cjs/loader:1294:5)
    at wrapModuleLoad (node:internal/modules/cjs/loader:255:19)
    at Module.require (node:internal/modules/cjs/loader:1617:12)
    at require (node:internal/modules/helpers:153:16)
    at Object.<anonymous> (/opt/homebridge/lib/node_modules/homebridge-config-ui-x/node_modules/@homebridge/node-pty-prebuilt-multiarch/src/prebuild-loader.ts:9:11)
    at Module._compile (node:internal/modules/cjs/loader:1872:14) {
  code: 'MODULE_NOT_FOUND',
  requireStack: [
    '/opt/homebridge/lib/node_modules/homebridge-config-ui-x/node_modules/@homebridge/node-pty-prebuilt-multiarch/lib/prebuild-loader.js',
    '/opt/homebridge/lib/node_modules/homebridge-config-ui-x/node_modules/@homebridge/node-pty-prebuilt-multiarch/lib/unixTerminal.js',
    '/opt/homebridge/lib/node_modules/homebridge-config-ui-x/node_modules/@homebridge/node-pty-prebuilt-multiarch/lib/index.js',
    '/opt/homebridge/lib/node_modules/homebridge-config-ui-x/dist/core/node-pty/node-pty.service.js',
    '/opt/homebridge/lib/node_modules/homebridge-config-ui-x/dist/core/node-pty/node-pty.module.js',
    '/opt/homebridge/lib/node_modules/homebridge-config-ui-x/dist/modules/plugins/plugins.module.js',
    '/opt/homebridge/lib/node_modules/homebridge-config-ui-x/dist/modules/backup/backup.module.js',
    '/opt/homebridge/lib/node_modules/homebridge-config-ui-x/dist/app.module.js',
    '/opt/homebridge/lib/node_modules/homebridge-config-ui-x/dist/main.js',
    '/opt/homebridge/lib/node_modules/homebridge-config-ui-x/dist/bin/hb-service.js'
  ]
}
[37m[8/12/2026, 3:01:50 PM][0m [36m[HB Supervisor][0m ERROR: The user interface threw an unhandled error
Error: Cannot find module '../build/Release/pty.node'
Require stack:
- /opt/homebridge/lib/node_modules/homebridge-config-ui-x/node_modules/@homebridge/node-pty-prebuilt-multiarch/lib/prebuild-loader.js
- /opt/homebridge/lib/node_modules/homebridge-config-ui-x/node_modules/@homebridge/node-pty-prebuilt-multiarch/lib/unixTerminal.js
- /opt/homebridge/lib/node_modules/homebridge-config-ui-x/node_modules/@homebridge/node-pty-prebuilt-multiarch/lib/index.js
- /opt/homebridge/lib/node_modules/homebridge-config-ui-x/dist/core/node-pty/node-pty.service.js
- /opt/homebridge/lib/node_modules/homebridge-config-ui-x/dist/core/node-pty/node-pty.module.js
- /opt/homebridge/lib/node_modules/homebridge-config-ui-x/dist/modules/plugins/plugins.module.js
- /opt/homebridge/lib/node_modules/homebridge-config-ui-x/dist/modules/backup/backup.module.js
- /opt/homebridge/lib/node_modules/homebridge-config-ui-x/dist/app.module.js
- /opt/homebridge/lib/node_modules/homebridge-config-ui-x/dist/main.js
- /opt/homebridge/lib/node_modules/homebridge-config-ui-x/dist/bin/hb-service.js
    at Module._resolveFilename (node:internal/modules/cjs/loader:1517:15)
    at wrapResolveFilename (node:internal/modules/cjs/loader:1071:27)
    at defaultResolveImplForCJSLoading (node:internal/modules/cjs/loader:1095:10)
    at resolveForCJSWithHooks (node:internal/modules/cjs/loader:1122:12)
    at Module._load (node:internal/modules/cjs/loader:1294:5)
    at wrapModuleLoad (node:internal/modules/cjs/loader:255:19)
    at Module.require (node:internal/modules/cjs/loader:1617:12)
    at require (node:internal/modules/helpers:153:16)
    at Object.<anonymous> (/opt/homebridge/lib/node_modules/homebridge-config-ui-x/node_modules/@homebridge/node-pty-prebuilt-multiarch/src/prebuild-loader.ts:6:9)
    at Module._compile (node:internal/modules/cjs/loader:1872:14) {
  code: 'MODULE_NOT_FOUND',
  requireStack: [
    '/opt/homebridge/lib/node_modules/homebridge-config-ui-x/node_modules/@homebridge/node-pty-prebuilt-multiarch/lib/prebuild-loader.js',
    '/opt/homebridge/lib/node_modules/homebridge-config-ui-x/node_modules/@homebridge/node-pty-prebuilt-multiarch/lib/unixTerminal.js',
    '/opt/homebridge/lib/node_modules/homebridge-config-ui-x/node_modules/@homebridge/node-pty-prebuilt-multiarch/lib/index.js',
    '/opt/homebridge/lib/node_modules/homebridge-config-ui-x/dist/core/node-pty/node-pty.service.js',
    '/opt/homebridge/lib/node_modules/homebridge-config-ui-x/dist/core/node-pty/node-pty.module.js',
    '/opt/homebridge/lib/node_modules/homebridge-config-ui-x/dist/modules/plugins/plugins.module.js',
    '/opt/homebridge/lib/node_modules/homebridge-config-ui-x/dist/modules/backup/backup.module.js',
    '/opt/homebridge/lib/node_modules/homebridge-config-ui-x/dist/app.module.js',
    '/opt/homebridge/lib/node_modules/homebridge-config-ui-x/dist/main.js',
    '/opt/homebridge/lib/node_modules/homebridge-config-ui-x/dist/bin/hb-service.js'
  ]
}
[37m[8/12/2026, 3:01:50 PM][0m [36m[HB Supervisor][0m Starting Homebridge with extra flags: -I -P /var/lib/homebridge/node_modules --strict-plugin-resolution
[37m[8/12/2026, 3:01:50 PM][0m [36m[HB Supervisor][0m Started Homebridge v1.11.2 with PID: 13341
[37m[8/12/2026, 3:01:51 PM] [39mLoaded config.json with 0 accessories and 6 platforms.
[37m[8/12/2026, 3:01:51 PM] [39mLoaded 0 cached accessories from cachedAccessories.
[37m[8/12/2026, 3:01:51 PM] [39m---
[37m[8/12/2026, 3:01:51 PM] [39mLoaded plugin: homebridge-camera-ffmpeg@3.1.4
[37m[8/12/2026, 3:01:51 PM] [39mRegistering platform 'homebridge-camera-ffmpeg.Camera-ffmpeg'
[37m[8/12/2026, 3:01:51 PM] [39m---
[37m[8/12/2026, 3:01:52 PM] [39mLoaded plugin: homebridge-camera-ui@5.0.27
[37m[8/12/2026, 3:01:52 PM] [39mRegistering platform 'homebridge-camera-ui.CameraUI'
[37m[8/12/2026, 3:01:52 PM] [39m---
[37m[8/12/2026, 3:01:54 PM] [39mLoaded plugin: homebridge-ring@14.3.0
[37m[8/12/2026, 3:01:54 PM] [39mRegistering platform 'homebridge-ring.Ring'
[37m[8/12/2026, 3:01:54 PM] [39m---
[37m[8/12/2026, 3:01:54 PM] [39mLoaded plugin: homebridge-tapo-camera@2.9.6
[37m[8/12/2026, 3:01:54 PM] [39mRegistering platform 'homebridge-tapo-camera.tapo-camera'
[37m[8/12/2026, 3:01:54 PM] [39m---
[37m[8/12/2026, 3:01:54 PM] [39mLoaded plugin: homebridge-z2m@1.11.0
[37m[8/12/2026, 3:01:54 PM] [39mRegistering platform 'homebridge-z2m.zigbee2mqtt'
[37m[8/12/2026, 3:01:54 PM] [39m---
[37m[8/12/2026, 3:01:54 PM] [39mLoaded plugin: @sam-hunt/homebridge-esphome-ts@1.6.2
[37m[8/12/2026, 3:01:54 PM] [39mRegistering platform '@sam-hunt/homebridge-esphome-ts.esphome'
[37m[8/12/2026, 3:01:54 PM] [39m---
[37m[8/12/2026, 3:01:54 PM] [39mLoading 6 platforms...
[37m[8/12/2026, 3:01:54 PM] [39m[36m[zigbee2mqtt][39m Initializing zigbee2mqtt platform...
[37m[8/12/2026, 3:01:54 PM] [39m[36m[zigbee2mqtt][39m Initializing child bridge 0E:85:25:C6:58:78
[37m[8/12/2026, 3:01:54 PM] [39m[36m[Ring][39m Initializing Ring platform...
[37m[8/12/2026, 3:01:54 PM] [39m[36m[Ring][39m Initializing child bridge 0E:98:C8:CF:BE:1F
[37m[8/12/2026, 3:01:54 PM] [39m[36m[esphome][39m Initializing esphome platform...
[37m[8/12/2026, 3:01:54 PM] [39m[36m[esphome][39m Initializing child bridge 0E:F0:BF:5E:78:83
[37m[8/12/2026, 3:01:54 PM] [39m[36m[Camera FFmpeg][39m Initializing Camera-ffmpeg platform...
[37m[8/12/2026, 3:01:54 PM] [39m[36m[Camera FFmpeg][39m Initializing child bridge 0E:68:28:6C:7C:3C
[37m[8/12/2026, 3:01:54 PM] [39m[36m[CameraUI][39m Initializing CameraUI platform...
[37m[8/12/2026, 3:01:54 PM] [39m[36m[CameraUI][39m Initializing child bridge 0E:CC:B0:52:44:83
[37m[8/12/2026, 3:01:54 PM] [39m[33m[39m
[33m[39m
[33mNOTICE TO USERS AND PLUGIN DEVELOPERS[39m
[33m> 🎯 Homebridge v2.0 is planned for May 2026! See the following link for details:[39m
[33m> ℹ️ https://github.com/homebridge/homebridge/wiki/Updating-To-Homebridge-v2.0[39m
[33m> 🚀 Your current Node.js version will be compatible with Homebridge v2.0.[39m
[33m[39m
Setup Payload:
X-HM://0024GB2GTC3BR
Enter this code with your HomeKit app on your iOS device to pair with Homebridge:
[30m[47m                       [49m[39m
[30m[47m    ┌────────────┐     [49m[39m
[30m[47m    │ 594-16-893 │     [49m[39m
[30m[47m    └────────────┘     [49m[39m
[30m[47m                       [49m[39m
[37m[8/12/2026, 3:01:55 PM] [39m[32mHomebridge v1.11.2 (HAP v0.14.1) (Homebridge BA2C) is running on port 51833.[39m
[37m[8/12/2026, 3:01:56 PM][0m [36m[HB Supervisor][0m OS: Linux 6.8.0-117-generic x64
[37m[8/12/2026, 3:01:56 PM][0m [36m[HB Supervisor][0m Node.js v24.19.0 /opt/homebridge/bin/node
[37m[8/12/2026, 3:01:56 PM][0m [36m[HB Supervisor][0m Homebridge Path: /var/lib/homebridge/node_modules/homebridge/bin/homebridge
[37m[8/12/2026, 3:01:56 PM][0m [36m[HB Supervisor][0m UI Path: /opt/homebridge/lib/node_modules/homebridge-config-ui-x/dist/bin/standalone.js
innerError Error: Cannot find module '../build/Debug/pty.node'
Require stack:
- /opt/homebridge/lib/node_modules/homebridge-config-ui-x/node_modules/@homebridge/node-pty-prebuilt-multiarch/lib/prebuild-loader.js
- /opt/homebridge/lib/node_modules/homebridge-config-ui-x/node_modules/@homebridge/node-pty-prebuilt-multiarch/lib/unixTerminal.js
- /opt/homebridge/lib/node_modules/homebridge-config-ui-x/node_modules/@homebridge/node-pty-prebuilt-multiarch/lib/index.js
- /opt/homebridge/lib/node_modules/homebridge-config-ui-x/dist/core/node-pty/node-pty.service.js
- /opt/homebridge/lib/node_modules/homebridge-config-ui-x/dist/core/node-pty/node-pty.module.js
- /opt/homebridge/lib/node_modules/homebridge-config-ui-x/dist/modules/plugins/plugins.module.js
- /opt/homebridge/lib/node_modules/homebridge-config-ui-x/dist/modules/backup/backup.module.js
- /opt/homebridge/lib/node_modules/homebridge-config-ui-x/dist/app.module.js
- /opt/homebridge/lib/node_modules/homebridge-config-ui-x/dist/main.js
- /opt/homebridge/lib/node_modules/homebridge-config-ui-x/dist/bin/hb-service.js
    at Module._resolveFilename (node:internal/modules/cjs/loader:1517:15)
    at wrapResolveFilename (node:internal/modules/cjs/loader:1071:27)
    at defaultResolveImplForCJSLoading (node:internal/modules/cjs/loader:1095:10)
    at resolveForCJSWithHooks (node:internal/modules/cjs/loader:1122:12)
    at Module._load (node:internal/modules/cjs/loader:1294:5)
    at wrapModuleLoad (node:internal/modules/cjs/loader:255:19)
    at Module.require (node:internal/modules/cjs/loader:1617:12)
    at require (node:internal/modules/helpers:153:16)
    at Object.<anonymous> (/opt/homebridge/lib/node_modules/homebridge-config-ui-x/node_modules/@homebridge/node-pty-prebuilt-multiarch/src/prebuild-loader.ts:9:11)
    at Module._compile (node:internal/modules/cjs/loader:1872:14) {
  code: 'MODULE_NOT_FOUND',
  requireStack: [
    '/opt/homebridge/lib/node_modules/homebridge-config-ui-x/node_modules/@homebridge/node-pty-prebuilt-multiarch/lib/prebuild-loader.js',
    '/opt/homebridge/lib/node_modules/homebridge-config-ui-x/node_modules/@homebridge/node-pty-prebuilt-multiarch/lib/unixTerminal.js',
    '/opt/homebridge/lib/node_modules/homebridge-config-ui-x/node_modules/@homebridge/node-pty-prebuilt-multiarch/lib/index.js',
    '/opt/homebridge/lib/node_modules/homebridge-config-ui-x/dist/core/node-pty/node-pty.service.js',
    '/opt/homebridge/lib/node_modules/homebridge-config-ui-x/dist/core/node-pty/node-pty.module.js',
    '/opt/homebridge/lib/node_modules/homebridge-config-ui-x/dist/modules/plugins/plugins.module.js',
    '/opt/homebridge/lib/node_modules/homebridge-config-ui-x/dist/modules/backup/backup.module.js',
    '/opt/homebridge/lib/node_modules/homebridge-config-ui-x/dist/app.module.js',
    '/opt/homebridge/lib/node_modules/homebridge-config-ui-x/dist/main.js',
    '/opt/homebridge/lib/node_modules/homebridge-config-ui-x/dist/bin/hb-service.js'
  ]
}
[37m[8/12/2026, 3:01:59 PM][0m [36m[HB Supervisor][0m ERROR: The user interface threw an unhandled error
Error: Cannot find module '../build/Release/pty.node'
Require stack:
- /opt/homebridge/lib/node_modules/homebridge-config-ui-x/node_modules/@homebridge/node-pty-prebuilt-multiarch/lib/prebuild-loader.js
- /opt/homebridge/lib/node_modules/homebridge-config-ui-x/node_modules/@homebridge/node-pty-prebuilt-multiarch/lib/unixTerminal.js
- /opt/homebridge/lib/node_modules/homebridge-config-ui-x/node_modules/@homebridge/node-pty-prebuilt-multiarch/lib/index.js
- /opt/homebridge/lib/node_modules/homebridge-config-ui-x/dist/core/node-pty/node-pty.service.js
- /opt/homebridge/lib/node_modules/homebridge-config-ui-x/dist/core/node-pty/node-pty.module.js
- /opt/homebridge/lib/node_modules/homebridge-config-ui-x/dist/modules/plugins/plugins.module.js
- /opt/homebridge/lib/node_modules/homebridge-config-ui-x/dist/modules/backup/backup.module.js
- /opt/homebridge/lib/node_modules/homebridge-config-ui-x/dist/app.module.js
- /opt/homebridge/lib/node_modules/homebridge-config-ui-x/dist/main.js
- /opt/homebridge/lib/node_modules/homebridge-config-ui-x/dist/bin/hb-service.js
    at Module._resolveFilename (node:internal/modules/cjs/loader:1517:15)
    at wrapResolveFilename (node:internal/modules/cjs/loader:1071:27)
    at defaultResolveImplForCJSLoading (node:internal/modules/cjs/loader:1095:10)
    at resolveForCJSWithHooks (node:internal/modules/cjs/loader:1122:12)
    at Module._load (node:internal/modules/cjs/loader:1294:5)
    at wrapModuleLoad (node:internal/modules/cjs/loader:255:19)
    at Module.require (node:internal/modules/cjs/loader:1617:12)
    at require (node:internal/modules/helpers:153:16)
    at Object.<anonymous> (/opt/homebridge/lib/node_modules/homebridge-config-ui-x/node_modules/@homebridge/node-pty-prebuilt-multiarch/src/prebuild-loader.ts:6:9)
    at Module._compile (node:internal/modules/cjs/loader:1872:14) {
  code: 'MODULE_NOT_FOUND',
  requireStack: [
    '/opt/homebridge/lib/node_modules/homebridge-config-ui-x/node_modules/@homebridge/node-pty-prebuilt-multiarch/lib/prebuild-loader.js',
    '/opt/homebridge/lib/node_modules/homebridge-config-ui-x/node_modules/@homebridge/node-pty-prebuilt-multiarch/lib/unixTerminal.js',
    '/opt/homebridge/lib/node_modules/homebridge-config-ui-x/node_modules/@homebridge/node-pty-prebuilt-multiarch/lib/index.js',
    '/opt/homebridge/lib/node_modules/homebridge-config-ui-x/dist/core/node-pty/node-pty.service.js',
    '/opt/homebridge/lib/node_modules/homebridge-config-ui-x/dist/core/node-pty/node-pty.module.js',
    '/opt/homebridge/lib/node_modules/homebridge-config-ui-x/dist/modules/plugins/plugins.module.js',
    '/opt/homebridge/lib/node_modules/homebridge-config-ui-x/dist/modules/backup/backup.module.js',
    '/opt/homebridge/lib/node_modules/homebridge-config-ui-x/dist/app.module.js',
    '/opt/homebridge/lib/node_modules/homebridge-config-ui-x/dist/main.js',
    '/opt/homebridge/lib/node_modules/homebridge-config-ui-x/dist/bin/hb-service.js'
  ]
}
[37m[8/12/2026, 3:01:59 PM][0m [36m[HB Supervisor][0m Starting Homebridge with extra flags: -I -P /var/lib/homebridge/node_modules --strict-plugin-resolution
[37m[8/12/2026, 3:01:59 PM][0m [36m[HB Supervisor][0m Started Homebridge v1.11.2 with PID: 13427
[37m[8/12/2026, 3:02:00 PM] [39mLoaded config.json with 0 accessories and 6 platforms.
[37m[8/12/2026, 3:02:00 PM] [39mLoaded 0 cached accessories from cachedAccessories.
[37m[8/12/2026, 3:02:00 PM] [39m---
[37m[8/12/2026, 3:02:00 PM] [39mLoaded plugin: homebridge-camera-ffmpeg@3.1.4
[37m[8/12/2026, 3:02:00 PM] [39mRegistering platform 'homebridge-camera-ffmpeg.Camera-ffmpeg'
[37m[8/12/2026, 3:02:00 PM] [39m---
[37m[8/12/2026, 3:02:00 PM] [39mLoaded plugin: homebridge-camera-ui@5.0.27
[37m[8/12/2026, 3:02:00 PM] [39mRegistering platform 'homebridge-camera-ui.CameraUI'
[37m[8/12/2026, 3:02:00 PM] [39m---
[37m[8/12/2026, 3:02:02 PM] [39mLoaded plugin: homebridge-ring@14.3.0
[37m[8/12/2026, 3:02:02 PM] [39mRegistering platform 'homebridge-ring.Ring'
[37m[8/12/2026, 3:02:02 PM] [39m---
[37m[8/12/2026, 3:02:02 PM] [39mLoaded plugin: homebridge-tapo-camera@2.9.6
[37m[8/12/2026, 3:02:02 PM] [39mRegistering platform 'homebridge-tapo-camera.tapo-camera'
[37m[8/12/2026, 3:02:02 PM] [39m---
[37m[8/12/2026, 3:02:02 PM] [39mLoaded plugin: homebridge-z2m@1.11.0
[37m[8/12/2026, 3:02:02 PM] [39mRegistering platform 'homebridge-z2m.zigbee2mqtt'
[37m[8/12/2026, 3:02:02 PM] [39m---
[37m[8/12/2026, 3:02:03 PM] [39mLoaded plugin: @sam-hunt/homebridge-esphome-ts@1.6.2
[37m[8/12/2026, 3:02:03 PM] [39mRegistering platform '@sam-hunt/homebridge-esphome-ts.esphome'
[37m[8/12/2026, 3:02:03 PM] [39m---
[37m[8/12/2026, 3:02:03 PM] [39mLoading 6 platforms...
[37m[8/12/2026, 3:02:03 PM] [39m[36m[zigbee2mqtt][39m Initializing zigbee2mqtt platform...
[37m[8/12/2026, 3:02:03 PM] [39m[36m[zigbee2mqtt][39m Initializing child bridge 0E:85:25:C6:58:78
[37m[8/12/2026, 3:02:03 PM] [39m[36m[Ring][39m Initializing Ring platform...
[37m[8/12/2026, 3:02:03 PM] [39m[36m[Ring][39m Initializing child bridge 0E:98:C8:CF:BE:1F
[37m[8/12/2026, 3:02:03 PM] [39m[36m[esphome][39m Initializing esphome platform...
[37m[8/12/2026, 3:02:03 PM] [39m[36m[esphome][39m Initializing child bridge 0E:F0:BF:5E:78:83
[37m[8/12/2026, 3:02:03 PM] [39m[36m[Camera FFmpeg][39m Initializing Camera-ffmpeg platform...
[37m[8/12/2026, 3:02:03 PM] [39m[36m[Camera FFmpeg][39m Initializing child bridge 0E:68:28:6C:7C:3C
[37m[8/12/2026, 3:02:03 PM] [39m[36m[CameraUI][39m Initializing CameraUI platform...
[37m[8/12/2026, 3:02:03 PM] [39m[36m[CameraUI][39m Initializing child bridge 0E:CC:B0:52:44:83
[37m[8/12/2026, 3:02:03 PM] [39m[33m[39m
[33m[39m
[33mNOTICE TO USERS AND PLUGIN DEVELOPERS[39m
[33m> 🎯 Homebridge v2.0 is planned for May 2026! See the following link for details:[39m
[33m> ℹ️ https://github.com/homebridge/homebridge/wiki/Updating-To-Homebridge-v2.0[39m
[33m> 🚀 Your current Node.js version will be compatible with Homebridge v2.0.[39m
[33m[39m
Setup Payload:
X-HM://0024GB2GTC3BR
Enter this code with your HomeKit app on your iOS device to pair with Homebridge:
[30m[47m                       [49m[39m
[30m[47m    ┌────────────┐     [49m[39m
[30m[47m    │ 594-16-893 │     [49m[39m
[30m[47m    └────────────┘     [49m[39m
[30m[47m                       [49m[39m
[37m[8/12/2026, 3:02:03 PM] [39m[32mHomebridge v1.11.2 (HAP v0.14.1) (Homebridge BA2C) is running on port 51833.[39m
[37m[8/12/2026, 3:02:05 PM][0m [36m[HB Supervisor][0m OS: Linux 6.8.0-117-generic x64
[37m[8/12/2026, 3:02:05 PM][0m [36m[HB Supervisor][0m Node.js v24.19.0 /opt/homebridge/bin/node
[37m[8/12/2026, 3:02:05 PM][0m [36m[HB Supervisor][0m Homebridge Path: /var/lib/homebridge/node_modules/homebridge/bin/homebridge
[37m[8/12/2026, 3:02:05 PM][0m [36m[HB Supervisor][0m UI Path: /opt/homebridge/lib/node_modules/homebridge-config-ui-x/dist/bin/standalone.js
innerError Error: Cannot find module '../build/Debug/pty.node'
Require stack:
- /opt/homebridge/lib/node_modules/homebridge-config-ui-x/node_modules/@homebridge/node-pty-prebuilt-multiarch/lib/prebuild-loader.js
- /opt/homebridge/lib/node_modules/homebridge-config-ui-x/node_modules/@homebridge/node-pty-prebuilt-multiarch/lib/unixTerminal.js
- /opt/homebridge/lib/node_modules/homebridge-config-ui-x/node_modules/@homebridge/node-pty-prebuilt-multiarch/lib/index.js
- /opt/homebridge/lib/node_modules/homebridge-config-ui-x/dist/core/node-pty/node-pty.service.js
- /opt/homebridge/lib/node_modules/homebridge-config-ui-x/dist/core/node-pty/node-pty.module.js
- /opt/homebridge/lib/node_modules/homebridge-config-ui-x/dist/modules/plugins/plugins.module.js
- /opt/homebridge/lib/node_modules/homebridge-config-ui-x/dist/modules/backup/backup.module.js
- /opt/homebridge/lib/node_modules/homebridge-config-ui-x/dist/app.module.js
- /opt/homebridge/lib/node_modules/homebridge-config-ui-x/dist/main.js
- /opt/homebridge/lib/node_modules/homebridge-config-ui-x/dist/bin/hb-service.js
    at Module._resolveFilename (node:internal/modules/cjs/loader:1517:15)
    at wrapResolveFilename (node:internal/modules/cjs/loader:1071:27)
    at defaultResolveImplForCJSLoading (node:internal/modules/cjs/loader:1095:10)
    at resolveForCJSWithHooks (node:internal/modules/cjs/loader:1122:12)
    at Module._load (node:internal/modules/cjs/loader:1294:5)
    at wrapModuleLoad (node:internal/modules/cjs/loader:255:19)
    at Module.require (node:internal/modules/cjs/loader:1617:12)
    at require (node:internal/modules/helpers:153:16)
    at Object.<anonymous> (/opt/homebridge/lib/node_modules/homebridge-config-ui-x/node_modules/@homebridge/node-pty-prebuilt-multiarch/src/prebuild-loader.ts:9:11)
    at Module._compile (node:internal/modules/cjs/loader:1872:14) {
  code: 'MODULE_NOT_FOUND',
  requireStack: [
    '/opt/homebridge/lib/node_modules/homebridge-config-ui-x/node_modules/@homebridge/node-pty-prebuilt-multiarch/lib/prebuild-loader.js',
    '/opt/homebridge/lib/node_modules/homebridge-config-ui-x/node_modules/@homebridge/node-pty-prebuilt-multiarch/lib/unixTerminal.js',
    '/opt/homebridge/lib/node_modules/homebridge-config-ui-x/node_modules/@homebridge/node-pty-prebuilt-multiarch/lib/index.js',
    '/opt/homebridge/lib/node_modules/homebridge-config-ui-x/dist/core/node-pty/node-pty.service.js',
    '/opt/homebridge/lib/node_modules/homebridge-config-ui-x/dist/core/node-pty/node-pty.module.js',
    '/opt/homebridge/lib/node_modules/homebridge-config-ui-x/dist/modules/plugins/plugins.module.js',
    '/opt/homebridge/lib/node_modules/homebridge-config-ui-x/dist/modules/backup/backup.module.js',
    '/opt/homebridge/lib/node_modules/homebridge-config-ui-x/dist/app.module.js',
    '/opt/homebridge/lib/node_modules/homebridge-config-ui-x/dist/main.js',
    '/opt/homebridge/lib/node_modules/homebridge-config-ui-x/dist/bin/hb-service.js'
  ]
}
[37m[8/12/2026, 3:02:08 PM][0m [36m[HB Supervisor][0m ERROR: The user interface threw an unhandled error
Error: Cannot find module '../build/Release/pty.node'
Require stack:
- /opt/homebridge/lib/node_modules/homebridge-config-ui-x/node_modules/@homebridge/node-pty-prebuilt-multiarch/lib/prebuild-loader.js
- /opt/homebridge/lib/node_modules/homebridge-config-ui-x/node_modules/@homebridge/node-pty-prebuilt-multiarch/lib/unixTerminal.js
- /opt/homebridge/lib/node_modules/homebridge-config-ui-x/node_modules/@homebridge/node-pty-prebuilt-multiarch/lib/index.js
- /opt/homebridge/lib/node_modules/homebridge-config-ui-x/dist/core/node-pty/node-pty.service.js
- /opt/homebridge/lib/node_modules/homebridge-config-ui-x/dist/core/node-pty/node-pty.module.js
- /opt/homebridge/lib/node_modules/homebridge-config-ui-x/dist/modules/plugins/plugins.module.js
- /opt/homebridge/lib/node_modules/homebridge-config-ui-x/dist/modules/backup/backup.module.js
- /opt/homebridge/lib/node_modules/homebridge-config-ui-x/dist/app.module.js
- /opt/homebridge/lib/node_modules/homebridge-config-ui-x/dist/main.js
- /opt/homebridge/lib/node_modules/homebridge-config-ui-x/dist/bin/hb-service.js
    at Module._resolveFilename (node:internal/modules/cjs/loader:1517:15)
    at wrapResolveFilename (node:internal/modules/cjs/loader:1071:27)
    at defaultResolveImplForCJSLoading (node:internal/modules/cjs/loader:1095:10)
    at resolveForCJSWithHooks (node:internal/modules/cjs/loader:1122:12)
    at Module._load (node:internal/modules/cjs/loader:1294:5)
    at wrapModuleLoad (node:internal/modules/cjs/loader:255:19)
    at Module.require (node:internal/modules/cjs/loader:1617:12)
    at require (node:internal/modules/helpers:153:16)
    at Object.<anonymous> (/opt/homebridge/lib/node_modules/homebridge-config-ui-x/node_modules/@homebridge/node-pty-prebuilt-multiarch/src/prebuild-loader.ts:6:9)
    at Module._compile (node:internal/modules/cjs/loader:1872:14) {
  code: 'MODULE_NOT_FOUND',
  requireStack: [
    '/opt/homebridge/lib/node_modules/homebridge-config-ui-x/node_modules/@homebridge/node-pty-prebuilt-multiarch/lib/prebuild-loader.js',
    '/opt/homebridge/lib/node_modules/homebridge-config-ui-x/node_modules/@homebridge/node-pty-prebuilt-multiarch/lib/unixTerminal.js',
    '/opt/homebridge/lib/node_modules/homebridge-config-ui-x/node_modules/@homebridge/node-pty-prebuilt-multiarch/lib/index.js',
    '/opt/homebridge/lib/node_modules/homebridge-config-ui-x/dist/core/node-pty/node-pty.service.js',
    '/opt/homebridge/lib/node_modules/homebridge-config-ui-x/dist/core/node-pty/node-pty.module.js',
    '/opt/homebridge/lib/node_modules/homebridge-config-ui-x/dist/modules/plugins/plugins.module.js',
    '/opt/homebridge/lib/node_modules/homebridge-config-ui-x/dist/modules/backup/backup.module.js',
    '/opt/homebridge/lib/node_modules/homebridge-config-ui-x/dist/app.module.js',
    '/opt/homebridge/lib/node_modules/homebridge-config-ui-x/dist/main.js',
    '/opt/homebridge/lib/node_modules/homebridge-config-ui-x/dist/bin/hb-service.js'
  ]
}
[37m[8/12/2026, 3:02:08 PM][0m [36m[HB Supervisor][0m Starting Homebridge with extra flags: -I -P /var/lib/homebridge/node_modules --strict-plugin-resolution
[37m[8/12/2026, 3:02:08 PM][0m [36m[HB Supervisor][0m Started Homebridge v1.11.2 with PID: 13522
[37m[8/12/2026, 3:02:09 PM] [39mLoaded config.json with 0 accessories and 6 platforms.
[37m[8/12/2026, 3:02:09 PM] [39mLoaded 0 cached accessories from cachedAccessories.
[37m[8/12/2026, 3:02:09 PM] [39m---
[37m[8/12/2026, 3:02:09 PM] [39mLoaded plugin: homebridge-camera-ffmpeg@3.1.4
[37m[8/12/2026, 3:02:09 PM] [39mRegistering platform 'homebridge-camera-ffmpeg.Camera-ffmpeg'
[37m[8/12/2026, 3:02:09 PM] [39m---
[37m[8/12/2026, 3:02:10 PM] [39mLoaded plugin: homebridge-camera-ui@5.0.27
[37m[8/12/2026, 3:02:10 PM] [39mRegistering platform 'homebridge-camera-ui.CameraUI'
[37m[8/12/2026, 3:02:10 PM] [39m---
[37m[8/12/2026, 3:02:11 PM] [39mLoaded plugin: homebridge-ring@14.3.0
[37m[8/12/2026, 3:02:11 PM] [39mRegistering platform 'homebridge-ring.Ring'
[37m[8/12/2026, 3:02:11 PM] [39m---
[37m[8/12/2026, 3:02:12 PM] [39mLoaded plugin: homebridge-tapo-camera@2.9.6
[37m[8/12/2026, 3:02:12 PM] [39mRegistering platform 'homebridge-tapo-camera.tapo-camera'
[37m[8/12/2026, 3:02:12 PM] [39m---
[37m[8/12/2026, 3:02:12 PM] [39mLoaded plugin: homebridge-z2m@1.11.0
[37m[8/12/2026, 3:02:12 PM] [39mRegistering platform 'homebridge-z2m.zigbee2mqtt'
[37m[8/12/2026, 3:02:12 PM] [39m---
[37m[8/12/2026, 3:02:12 PM] [39mLoaded plugin: @sam-hunt/homebridge-esphome-ts@1.6.2
[37m[8/12/2026, 3:02:12 PM] [39mRegistering platform '@sam-hunt/homebridge-esphome-ts.esphome'
[37m[8/12/2026, 3:02:12 PM] [39m---
[37m[8/12/2026, 3:02:12 PM] [39mLoading 6 platforms...
[37m[8/12/2026, 3:02:12 PM] [39m[36m[zigbee2mqtt][39m Initializing zigbee2mqtt platform...
[37m[8/12/2026, 3:02:12 PM] [39m[36m[zigbee2mqtt][39m Initializing child bridge 0E:85:25:C6:58:78
[37m[8/12/2026, 3:02:12 PM] [39m[36m[Ring][39m Initializing Ring platform...
[37m[8/12/2026, 3:02:12 PM] [39m[36m[Ring][39m Initializing child bridge 0E:98:C8:CF:BE:1F
[37m[8/12/2026, 3:02:12 PM] [39m[36m[esphome][39m Initializing esphome platform...
[37m[8/12/2026, 3:02:12 PM] [39m[36m[esphome][39m Initializing child bridge 0E:F0:BF:5E:78:83
[37m[8/12/2026, 3:02:12 PM] [39m[36m[Camera FFmpeg][39m Initializing Camera-ffmpeg platform...
[37m[8/12/2026, 3:02:12 PM] [39m[36m[Camera FFmpeg][39m Initializing child bridge 0E:68:28:6C:7C:3C
[37m[8/12/2026, 3:02:12 PM] [39m[36m[CameraUI][39m Initializing CameraUI platform...
[37m[8/12/2026, 3:02:12 PM] [39m[36m[CameraUI][39m Initializing child bridge 0E:CC:B0:52:44:83
[37m[8/12/2026, 3:02:12 PM] [39m[33m[39m
[33m[39m
[33mNOTICE TO USERS AND PLUGIN DEVELOPERS[39m
[33m> 🎯 Homebridge v2.0 is planned for May 2026! See the following link for details:[39m
[33m> ℹ️ https://github.com/homebridge/homebridge/wiki/Updating-To-Homebridge-v2.0[39m
[33m> 🚀 Your current Node.js version will be compatible with Homebridge v2.0.[39m
[33m[39m
Setup Payload:
X-HM://0024GB2GTC3BR
Enter this code with your HomeKit app on your iOS device to pair with Homebridge:
[30m[47m                       [49m[39m
[30m[47m    ┌────────────┐     [49m[39m
[30m[47m    │ 594-16-893 │     [49m[39m
[30m[47m    └────────────┘     [49m[39m
[30m[47m                       [49m[39m
[37m[8/12/2026, 3:02:12 PM] [39m[32mHomebridge v1.11.2 (HAP v0.14.1) (Homebridge BA2C) is running on port 51833.[39m
[37m[8/12/2026, 3:02:14 PM][0m [36m[HB Supervisor][0m OS: Linux 6.8.0-117-generic x64
[37m[8/12/2026, 3:02:14 PM][0m [36m[HB Supervisor][0m Node.js v24.19.0 /opt/homebridge/bin/node
[37m[8/12/2026, 3:02:14 PM][0m [36m[HB Supervisor][0m Homebridge Path: /var/lib/homebridge/node_modules/homebridge/bin/homebridge
[37m[8/12/2026, 3:02:14 PM][0m [36m[HB Supervisor][0m UI Path: /opt/homebridge/lib/node_modules/homebridge-config-ui-x/dist/bin/standalone.js
innerError Error: Cannot find module '../build/Debug/pty.node'
Require stack:
- /opt/homebridge/lib/node_modules/homebridge-config-ui-x/node_modules/@homebridge/node-pty-prebuilt-multiarch/lib/prebuild-loader.js
- /opt/homebridge/lib/node_modules/homebridge-config-ui-x/node_modules/@homebridge/node-pty-prebuilt-multiarch/lib/unixTerminal.js
- /opt/homebridge/lib/node_modules/homebridge-config-ui-x/node_modules/@homebridge/node-pty-prebuilt-multiarch/lib/index.js
- /opt/homebridge/lib/node_modules/homebridge-config-ui-x/dist/core/node-pty/node-pty.service.js
- /opt/homebridge/lib/node_modules/homebridge-config-ui-x/dist/core/node-pty/node-pty.module.js
- /opt/homebridge/lib/node_modules/homebridge-config-ui-x/dist/modules/plugins/plugins.module.js
- /opt/homebridge/lib/node_modules/homebridge-config-ui-x/dist/modules/backup/backup.module.js
- /opt/homebridge/lib/node_modules/homebridge-config-ui-x/dist/app.module.js
- /opt/homebridge/lib/node_modules/homebridge-config-ui-x/dist/main.js
- /opt/homebridge/lib/node_modules/homebridge-config-ui-x/dist/bin/hb-service.js
    at Module._resolveFilename (node:internal/modules/cjs/loader:1517:15)
    at wrapResolveFilename (node:internal/modules/cjs/loader:1071:27)
    at defaultResolveImplForCJSLoading (node:internal/modules/cjs/loader:1095:10)
    at resolveForCJSWithHooks (node:internal/modules/cjs/loader:1122:12)
    at Module._load (node:internal/modules/cjs/loader:1294:5)
    at wrapModuleLoad (node:internal/modules/cjs/loader:255:19)
    at Module.require (node:internal/modules/cjs/loader:1617:12)
    at require (node:internal/modules/helpers:153:16)
    at Object.<anonymous> (/opt/homebridge/lib/node_modules/homebridge-config-ui-x/node_modules/@homebridge/node-pty-prebuilt-multiarch/src/prebuild-loader.ts:9:11)
    at Module._compile (node:internal/modules/cjs/loader:1872:14) {
  code: 'MODULE_NOT_FOUND',
  requireStack: [
    '/opt/homebridge/lib/node_modules/homebridge-config-ui-x/node_modules/@homebridge/node-pty-prebuilt-multiarch/lib/prebuild-loader.js',
    '/opt/homebridge/lib/node_modules/homebridge-config-ui-x/node_modules/@homebridge/node-pty-prebuilt-multiarch/lib/unixTerminal.js',
    '/opt/homebridge/lib/node_modules/homebridge-config-ui-x/node_modules/@homebridge/node-pty-prebuilt-multiarch/lib/index.js',
    '/opt/homebridge/lib/node_modules/homebridge-config-ui-x/dist/core/node-pty/node-pty.service.js',
    '/opt/homebridge/lib/node_modules/homebridge-config-ui-x/dist/core/node-pty/node-pty.module.js',
    '/opt/homebridge/lib/node_modules/homebridge-config-ui-x/dist/modules/plugins/plugins.module.js',
    '/opt/homebridge/lib/node_modules/homebridge-config-ui-x/dist/modules/backup/backup.module.js',
    '/opt/homebridge/lib/node_modules/homebridge-config-ui-x/dist/app.module.js',
    '/opt/homebridge/lib/node_modules/homebridge-config-ui-x/dist/main.js',
    '/opt/homebridge/lib/node_modules/homebridge-config-ui-x/dist/bin/hb-service.js'
  ]
}
[37m[8/12/2026, 3:02:16 PM][0m [36m[HB Supervisor][0m ERROR: The user interface threw an unhandled error
Error: Cannot find module '../build/Release/pty.node'
Require stack:
- /opt/homebridge/lib/node_modules/homebridge-config-ui-x/node_modules/@homebridge/node-pty-prebuilt-multiarch/lib/prebuild-loader.js
- /opt/homebridge/lib/node_modules/homebridge-config-ui-x/node_modules/@homebridge/node-pty-prebuilt-multiarch/lib/unixTerminal.js
- /opt/homebridge/lib/node_modules/homebridge-config-ui-x/node_modules/@homebridge/node-pty-prebuilt-multiarch/lib/index.js
- /opt/homebridge/lib/node_modules/homebridge-config-ui-x/dist/core/node-pty/node-pty.service.js
- /opt/homebridge/lib/node_modules/homebridge-config-ui-x/dist/core/node-pty/node-pty.module.js
- /opt/homebridge/lib/node_modules/homebridge-config-ui-x/dist/modules/plugins/plugins.module.js
- /opt/homebridge/lib/node_modules/homebridge-config-ui-x/dist/modules/backup/backup.module.js
- /opt/homebridge/lib/node_modules/homebridge-config-ui-x/dist/app.module.js
- /opt/homebridge/lib/node_modules/homebridge-config-ui-x/dist/main.js
- /opt/homebridge/lib/node_modules/homebridge-config-ui-x/dist/bin/hb-service.js
    at Module._resolveFilename (node:internal/modules/cjs/loader:1517:15)
    at wrapResolveFilename (node:internal/modules/cjs/loader:1071:27)
    at defaultResolveImplForCJSLoading (node:internal/modules/cjs/loader:1095:10)
    at resolveForCJSWithHooks (node:internal/modules/cjs/loader:1122:12)
    at Module._load (node:internal/modules/cjs/loader:1294:5)
    at wrapModuleLoad (node:internal/modules/cjs/loader:255:19)
    at Module.require (node:internal/modules/cjs/loader:1617:12)
    at require (node:internal/modules/helpers:153:16)
    at Object.<anonymous> (/opt/homebridge/lib/node_modules/homebridge-config-ui-x/node_modules/@homebridge/node-pty-prebuilt-multiarch/src/prebuild-loader.ts:6:9)
    at Module._compile (node:internal/modules/cjs/loader:1872:14) {
  code: 'MODULE_NOT_FOUND',
  requireStack: [
    '/opt/homebridge/lib/node_modules/homebridge-config-ui-x/node_modules/@homebridge/node-pty-prebuilt-multiarch/lib/prebuild-loader.js',
    '/opt/homebridge/lib/node_modules/homebridge-config-ui-x/node_modules/@homebridge/node-pty-prebuilt-multiarch/lib/unixTerminal.js',
    '/opt/homebridge/lib/node_modules/homebridge-config-ui-x/node_modules/@homebridge/node-pty-prebuilt-multiarch/lib/index.js',
    '/opt/homebridge/lib/node_modules/homebridge-config-ui-x/dist/core/node-pty/node-pty.service.js',
    '/opt/homebridge/lib/node_modules/homebridge-config-ui-x/dist/core/node-pty/node-pty.module.js',
    '/opt/homebridge/lib/node_modules/homebridge-config-ui-x/dist/modules/plugins/plugins.module.js',
    '/opt/homebridge/lib/node_modules/homebridge-config-ui-x/dist/modules/backup/backup.module.js',
    '/opt/homebridge/lib/node_modules/homebridge-config-ui-x/dist/app.module.js',
    '/opt/homebridge/lib/node_modules/homebridge-config-ui-x/dist/main.js',
    '/opt/homebridge/lib/node_modules/homebridge-config-ui-x/dist/bin/hb-service.js'
  ]
}
[37m[8/12/2026, 3:02:16 PM][0m [36m[HB Supervisor][0m Starting Homebridge with extra flags: -I -P /var/lib/homebridge/node_modules --strict-plugin-resolution
[37m[8/12/2026, 3:02:16 PM][0m [36m[HB Supervisor][0m Started Homebridge v1.11.2 with PID: 13603
[37m[8/12/2026, 3:02:17 PM] [39mLoaded config.json with 0 accessories and 6 platforms.
[37m[8/12/2026, 3:02:17 PM] [39mLoaded 0 cached accessories from cachedAccessories.
[37m[8/12/2026, 3:02:17 PM] [39m---
[37m[8/12/2026, 3:02:17 PM] [39mLoaded plugin: homebridge-camera-ffmpeg@3.1.4
[37m[8/12/2026, 3:02:17 PM] [39mRegistering platform 'homebridge-camera-ffmpeg.Camera-ffmpeg'
[37m[8/12/2026, 3:02:17 PM] [39m---
[37m[8/12/2026, 3:02:17 PM] [39mLoaded plugin: homebridge-camera-ui@5.0.27
[37m[8/12/2026, 3:02:17 PM] [39mRegistering platform 'homebridge-camera-ui.CameraUI'
[37m[8/12/2026, 3:02:17 PM] [39m---
[37m[8/12/2026, 3:02:19 PM] [39mLoaded plugin: homebridge-ring@14.3.0
[37m[8/12/2026, 3:02:19 PM] [39mRegistering platform 'homebridge-ring.Ring'
[37m[8/12/2026, 3:02:19 PM] [39m---
[37m[8/12/2026, 3:02:19 PM] [39mLoaded plugin: homebridge-tapo-camera@2.9.6
[37m[8/12/2026, 3:02:19 PM] [39mRegistering platform 'homebridge-tapo-camera.tapo-camera'
[37m[8/12/2026, 3:02:19 PM] [39m---
[37m[8/12/2026, 3:02:20 PM] [39mLoaded plugin: homebridge-z2m@1.11.0
[37m[8/12/2026, 3:02:20 PM] [39mRegistering platform 'homebridge-z2m.zigbee2mqtt'
[37m[8/12/2026, 3:02:20 PM] [39m---
[37m[8/12/2026, 3:02:20 PM] [39mLoaded plugin: @sam-hunt/homebridge-esphome-ts@1.6.2
[37m[8/12/2026, 3:02:20 PM] [39mRegistering platform '@sam-hunt/homebridge-esphome-ts.esphome'
[37m[8/12/2026, 3:02:20 PM] [39m---
[37m[8/12/2026, 3:02:20 PM] [39mLoading 6 platforms...
[37m[8/12/2026, 3:02:20 PM] [39m[36m[zigbee2mqtt][39m Initializing zigbee2mqtt platform...
[37m[8/12/2026, 3:02:20 PM] [39m[36m[zigbee2mqtt][39m Initializing child bridge 0E:85:25:C6:58:78
[37m[8/12/2026, 3:02:20 PM] [39m[36m[Ring][39m Initializing Ring platform...
[37m[8/12/2026, 3:02:20 PM] [39m[36m[Ring][39m Initializing child bridge 0E:98:C8:CF:BE:1F
[37m[8/12/2026, 3:02:20 PM] [39m[36m[esphome][39m Initializing esphome platform...
[37m[8/12/2026, 3:02:20 PM] [39m[36m[esphome][39m Initializing child bridge 0E:F0:BF:5E:78:83
[37m[8/12/2026, 3:02:20 PM] [39m[36m[Camera FFmpeg][39m Initializing Camera-ffmpeg platform...
[37m[8/12/2026, 3:02:20 PM] [39m[36m[Camera FFmpeg][39m Initializing child bridge 0E:68:28:6C:7C:3C
[37m[8/12/2026, 3:02:20 PM] [39m[36m[CameraUI][39m Initializing CameraUI platform...
[37m[8/12/2026, 3:02:20 PM] [39m[36m[CameraUI][39m Initializing child bridge 0E:CC:B0:52:44:83
[37m[8/12/2026, 3:02:20 PM] [39m[33m[39m
[33m[39m
[33mNOTICE TO USERS AND PLUGIN DEVELOPERS[39m
[33m> 🎯 Homebridge v2.0 is planned for May 2026! See the following link for details:[39m
[33m> ℹ️ https://github.com/homebridge/homebridge/wiki/Updating-To-Homebridge-v2.0[39m
[33m> 🚀 Your current Node.js version will be compatible with Homebridge v2.0.[39m
[33m[39m
Setup Payload:
X-HM://0024GB2GTC3BR
Enter this code with your HomeKit app on your iOS device to pair with Homebridge:
[30m[47m                       [49m[39m
[30m[47m    ┌────────────┐     [49m[39m
[30m[47m    │ 594-16-893 │     [49m[39m
[30m[47m    └────────────┘     [49m[39m
[30m[47m                       [49m[39m
[37m[8/12/2026, 3:02:20 PM] [39m[32mHomebridge v1.11.2 (HAP v0.14.1) (Homebridge BA2C) is running on port 51833.[39m
[37m[8/12/2026, 3:02:22 PM][0m [36m[HB Supervisor][0m OS: Linux 6.8.0-117-generic x64
[37m[8/12/2026, 3:02:22 PM][0m [36m[HB Supervisor][0m Node.js v24.19.0 /opt/homebridge/bin/node
[37m[8/12/2026, 3:02:22 PM][0m [36m[HB Supervisor][0m Homebridge Path: /var/lib/homebridge/node_modules/homebridge/bin/homebridge
[37m[8/12/2026, 3:02:22 PM][0m [36m[HB Supervisor][0m UI Path: /opt/homebridge/lib/node_modules/homebridge-config-ui-x/dist/bin/standalone.js
innerError Error: Cannot find module '../build/Debug/pty.node'
Require stack:
- /opt/homebridge/lib/node_modules/homebridge-config-ui-x/node_modules/@homebridge/node-pty-prebuilt-multiarch/lib/prebuild-loader.js
- /opt/homebridge/lib/node_modules/homebridge-config-ui-x/node_modules/@homebridge/node-pty-prebuilt-multiarch/lib/unixTerminal.js
- /opt/homebridge/lib/node_modules/homebridge-config-ui-x/node_modules/@homebridge/node-pty-prebuilt-multiarch/lib/index.js
- /opt/homebridge/lib/node_modules/homebridge-config-ui-x/dist/core/node-pty/node-pty.service.js
- /opt/homebridge/lib/node_modules/homebridge-config-ui-x/dist/core/node-pty/node-pty.module.js
- /opt/homebridge/lib/node_modules/homebridge-config-ui-x/dist/modules/plugins/plugins.module.js
- /opt/homebridge/lib/node_modules/homebridge-config-ui-x/dist/modules/backup/backup.module.js
- /opt/homebridge/lib/node_modules/homebridge-config-ui-x/dist/app.module.js
- /opt/homebridge/lib/node_modules/homebridge-config-ui-x/dist/main.js
- /opt/homebridge/lib/node_modules/homebridge-config-ui-x/dist/bin/hb-service.js
    at Module._resolveFilename (node:internal/modules/cjs/loader:1517:15)
    at wrapResolveFilename (node:internal/modules/cjs/loader:1071:27)
    at defaultResolveImplForCJSLoading (node:internal/modules/cjs/loader:1095:10)
    at resolveForCJSWithHooks (node:internal/modules/cjs/loader:1122:12)
    at Module._load (node:internal/modules/cjs/loader:1294:5)
    at wrapModuleLoad (node:internal/modules/cjs/loader:255:19)
    at Module.require (node:internal/modules/cjs/loader:1617:12)
    at require (node:internal/modules/helpers:153:16)
    at Object.<anonymous> (/opt/homebridge/lib/node_modules/homebridge-config-ui-x/node_modules/@homebridge/node-pty-prebuilt-multiarch/src/prebuild-loader.ts:9:11)
    at Module._compile (node:internal/modules/cjs/loader:1872:14) {
  code: 'MODULE_NOT_FOUND',
  requireStack: [
    '/opt/homebridge/lib/node_modules/homebridge-config-ui-x/node_modules/@homebridge/node-pty-prebuilt-multiarch/lib/prebuild-loader.js',
    '/opt/homebridge/lib/node_modules/homebridge-config-ui-x/node_modules/@homebridge/node-pty-prebuilt-multiarch/lib/unixTerminal.js',
    '/opt/homebridge/lib/node_modules/homebridge-config-ui-x/node_modules/@homebridge/node-pty-prebuilt-multiarch/lib/index.js',
    '/opt/homebridge/lib/node_modules/homebridge-config-ui-x/dist/core/node-pty/node-pty.service.js',
    '/opt/homebridge/lib/node_modules/homebridge-config-ui-x/dist/core/node-pty/node-pty.module.js',
    '/opt/homebridge/lib/node_modules/homebridge-config-ui-x/dist/modules/plugins/plugins.module.js',
    '/opt/homebridge/lib/node_modules/homebridge-config-ui-x/dist/modules/backup/backup.module.js',
    '/opt/homebridge/lib/node_modules/homebridge-config-ui-x/dist/app.module.js',
    '/opt/homebridge/lib/node_modules/homebridge-config-ui-x/dist/main.js',
    '/opt/homebridge/lib/node_modules/homebridge-config-ui-x/dist/bin/hb-service.js'
  ]
}
[37m[8/12/2026, 3:02:24 PM][0m [36m[HB Supervisor][0m ERROR: The user interface threw an unhandled error
Error: Cannot find module '../build/Release/pty.node'
Require stack:
- /opt/homebridge/lib/node_modules/homebridge-config-ui-x/node_modules/@homebridge/node-pty-prebuilt-multiarch/lib/prebuild-loader.js
- /opt/homebridge/lib/node_modules/homebridge-config-ui-x/node_modules/@homebridge/node-pty-prebuilt-multiarch/lib/unixTerminal.js
- /opt/homebridge/lib/node_modules/homebridge-config-ui-x/node_modules/@homebridge/node-pty-prebuilt-multiarch/lib/index.js
- /opt/homebridge/lib/node_modules/homebridge-config-ui-x/dist/core/node-pty/node-pty.service.js
- /opt/homebridge/lib/node_modules/homebridge-config-ui-x/dist/core/node-pty/node-pty.module.js
- /opt/homebridge/lib/node_modules/homebridge-config-ui-x/dist/modules/plugins/plugins.module.js
- /opt/homebridge/lib/node_modules/homebridge-config-ui-x/dist/modules/backup/backup.module.js
- /opt/homebridge/lib/node_modules/homebridge-config-ui-x/dist/app.module.js
- /opt/homebridge/lib/node_modules/homebridge-config-ui-x/dist/main.js
- /opt/homebridge/lib/node_modules/homebridge-config-ui-x/dist/bin/hb-service.js
    at Module._resolveFilename (node:internal/modules/cjs/loader:1517:15)
    at wrapResolveFilename (node:internal/modules/cjs/loader:1071:27)
    at defaultResolveImplForCJSLoading (node:internal/modules/cjs/loader:1095:10)
    at resolveForCJSWithHooks (node:internal/modules/cjs/loader:1122:12)
    at Module._load (node:internal/modules/cjs/loader:1294:5)
    at wrapModuleLoad (node:internal/modules/cjs/loader:255:19)
    at Module.require (node:internal/modules/cjs/loader:1617:12)
    at require (node:internal/modules/helpers:153:16)
    at Object.<anonymous> (/opt/homebridge/lib/node_modules/homebridge-config-ui-x/node_modules/@homebridge/node-pty-prebuilt-multiarch/src/prebuild-loader.ts:6:9)
    at Module._compile (node:internal/modules/cjs/loader:1872:14) {
  code: 'MODULE_NOT_FOUND',
  requireStack: [
    '/opt/homebridge/lib/node_modules/homebridge-config-ui-x/node_modules/@homebridge/node-pty-prebuilt-multiarch/lib/prebuild-loader.js',
    '/opt/homebridge/lib/node_modules/homebridge-config-ui-x/node_modules/@homebridge/node-pty-prebuilt-multiarch/lib/unixTerminal.js',
    '/opt/homebridge/lib/node_modules/homebridge-config-ui-x/node_modules/@homebridge/node-pty-prebuilt-multiarch/lib/index.js',
    '/opt/homebridge/lib/node_modules/homebridge-config-ui-x/dist/core/node-pty/node-pty.service.js',
    '/opt/homebridge/lib/node_modules/homebridge-config-ui-x/dist/core/node-pty/node-pty.module.js',
    '/opt/homebridge/lib/node_modules/homebridge-config-ui-x/dist/modules/plugins/plugins.module.js',
    '/opt/homebridge/lib/node_modules/homebridge-config-ui-x/dist/modules/backup/backup.module.js',
    '/opt/homebridge/lib/node_modules/homebridge-config-ui-x/dist/app.module.js',
    '/opt/homebridge/lib/node_modules/homebridge-config-ui-x/dist/main.js',
    '/opt/homebridge/lib/node_modules/homebridge-config-ui-x/dist/bin/hb-service.js'
  ]
}
[37m[8/12/2026, 3:02:24 PM][0m [36m[HB Supervisor][0m Starting Homebridge with extra flags: -I -P /var/lib/homebridge/node_modules --strict-plugin-resolution
[37m[8/12/2026, 3:02:24 PM][0m [36m[HB Supervisor][0m Started Homebridge v1.11.2 with PID: 13679
[37m[8/12/2026, 3:02:25 PM] [39mLoaded config.json with 0 accessories and 6 platforms.
[37m[8/12/2026, 3:02:25 PM] [39mLoaded 0 cached accessories from cachedAccessories.
[37m[8/12/2026, 3:02:25 PM] [39m---
[37m[8/12/2026, 3:02:25 PM] [39mLoaded plugin: homebridge-camera-ffmpeg@3.1.4
[37m[8/12/2026, 3:02:25 PM] [39mRegistering platform 'homebridge-camera-ffmpeg.Camera-ffmpeg'
[37m[8/12/2026, 3:02:25 PM] [39m---
[37m[8/12/2026, 3:02:26 PM] [39mLoaded plugin: homebridge-camera-ui@5.0.27
[37m[8/12/2026, 3:02:26 PM] [39mRegistering platform 'homebridge-camera-ui.CameraUI'
[37m[8/12/2026, 3:02:26 PM] [39m---
[37m[8/12/2026, 3:02:28 PM] [39mLoaded plugin: homebridge-ring@14.3.0
[37m[8/12/2026, 3:02:28 PM] [39mRegistering platform 'homebridge-ring.Ring'
[37m[8/12/2026, 3:02:28 PM] [39m---
[37m[8/12/2026, 3:02:28 PM] [39mLoaded plugin: homebridge-tapo-camera@2.9.6
[37m[8/12/2026, 3:02:28 PM] [39mRegistering platform 'homebridge-tapo-camera.tapo-camera'
[37m[8/12/2026, 3:02:28 PM] [39m---
[37m[8/12/2026, 3:02:30 PM][0m [36m[HB Supervisor][0m OS: Linux 6.8.0-117-generic x64
[37m[8/12/2026, 3:02:30 PM][0m [36m[HB Supervisor][0m Node.js v24.19.0 /opt/homebridge/bin/node
[37m[8/12/2026, 3:02:30 PM][0m [36m[HB Supervisor][0m Homebridge Path: /var/lib/homebridge/node_modules/homebridge/bin/homebridge
[37m[8/12/2026, 3:02:30 PM][0m [36m[HB Supervisor][0m UI Path: /opt/homebridge/lib/node_modules/homebridge-config-ui-x/dist/bin/standalone.js
innerError Error: Cannot find module '../build/Debug/pty.node'
Require stack:
- /opt/homebridge/lib/node_modules/homebridge-config-ui-x/node_modules/@homebridge/node-pty-prebuilt-multiarch/lib/prebuild-loader.js
- /opt/homebridge/lib/node_modules/homebridge-config-ui-x/node_modules/@homebridge/node-pty-prebuilt-multiarch/lib/unixTerminal.js
- /opt/homebridge/lib/node_modules/homebridge-config-ui-x/node_modules/@homebridge/node-pty-prebuilt-multiarch/lib/index.js
- /opt/homebridge/lib/node_modules/homebridge-config-ui-x/dist/core/node-pty/node-pty.service.js
- /opt/homebridge/lib/node_modules/homebridge-config-ui-x/dist/core/node-pty/node-pty.module.js
- /opt/homebridge/lib/node_modules/homebridge-config-ui-x/dist/modules/plugins/plugins.module.js
- /opt/homebridge/lib/node_modules/homebridge-config-ui-x/dist/modules/backup/backup.module.js
- /opt/homebridge/lib/node_modules/homebridge-config-ui-x/dist/app.module.js
- /opt/homebridge/lib/node_modules/homebridge-config-ui-x/dist/main.js
- /opt/homebridge/lib/node_modules/homebridge-config-ui-x/dist/bin/hb-service.js
    at Module._resolveFilename (node:internal/modules/cjs/loader:1517:15)
    at wrapResolveFilename (node:internal/modules/cjs/loader:1071:27)
    at defaultResolveImplForCJSLoading (node:internal/modules/cjs/loader:1095:10)
    at resolveForCJSWithHooks (node:internal/modules/cjs/loader:1122:12)
    at Module._load (node:internal/modules/cjs/loader:1294:5)
    at wrapModuleLoad (node:internal/modules/cjs/loader:255:19)
    at Module.require (node:internal/modules/cjs/loader:1617:12)
    at require (node:internal/modules/helpers:153:16)
    at Object.<anonymous> (/opt/homebridge/lib/node_modules/homebridge-config-ui-x/node_modules/@homebridge/node-pty-prebuilt-multiarch/src/prebuild-loader.ts:9:11)
    at Module._compile (node:internal/modules/cjs/loader:1872:14) {
  code: 'MODULE_NOT_FOUND',
  requireStack: [
    '/opt/homebridge/lib/node_modules/homebridge-config-ui-x/node_modules/@homebridge/node-pty-prebuilt-multiarch/lib/prebuild-loader.js',
    '/opt/homebridge/lib/node_modules/homebridge-config-ui-x/node_modules/@homebridge/node-pty-prebuilt-multiarch/lib/unixTerminal.js',
    '/opt/homebridge/lib/node_modules/homebridge-config-ui-x/node_modules/@homebridge/node-pty-prebuilt-multiarch/lib/index.js',
    '/opt/homebridge/lib/node_modules/homebridge-config-ui-x/dist/core/node-pty/node-pty.service.js',
    '/opt/homebridge/lib/node_modules/homebridge-config-ui-x/dist/core/node-pty/node-pty.module.js',
    '/opt/homebridge/lib/node_modules/homebridge-config-ui-x/dist/modules/plugins/plugins.module.js',
    '/opt/homebridge/lib/node_modules/homebridge-config-ui-x/dist/modules/backup/backup.module.js',
    '/opt/homebridge/lib/node_modules/homebridge-config-ui-x/dist/app.module.js',
    '/opt/homebridge/lib/node_modules/homebridge-config-ui-x/dist/main.js',
    '/opt/homebridge/lib/node_modules/homebridge-config-ui-x/dist/bin/hb-service.js'
  ]
}
[37m[8/12/2026, 3:02:31 PM][0m [36m[HB Supervisor][0m ERROR: The user interface threw an unhandled error
Error: Cannot find module '../build/Release/pty.node'
Require stack:
- /opt/homebridge/lib/node_modules/homebridge-config-ui-x/node_modules/@homebridge/node-pty-prebuilt-multiarch/lib/prebuild-loader.js
- /opt/homebridge/lib/node_modules/homebridge-config-ui-x/node_modules/@homebridge/node-pty-prebuilt-multiarch/lib/unixTerminal.js
- /opt/homebridge/lib/node_modules/homebridge-config-ui-x/node_modules/@homebridge/node-pty-prebuilt-multiarch/lib/index.js
- /opt/homebridge/lib/node_modules/homebridge-config-ui-x/dist/core/node-pty/node-pty.service.js
- /opt/homebridge/lib/node_modules/homebridge-config-ui-x/dist/core/node-pty/node-pty.module.js
- /opt/homebridge/lib/node_modules/homebridge-config-ui-x/dist/modules/plugins/plugins.module.js
- /opt/homebridge/lib/node_modules/homebridge-config-ui-x/dist/modules/backup/backup.module.js
- /opt/homebridge/lib/node_modules/homebridge-config-ui-x/dist/app.module.js
- /opt/homebridge/lib/node_modules/homebridge-config-ui-x/dist/main.js
- /opt/homebridge/lib/node_modules/homebridge-config-ui-x/dist/bin/hb-service.js
    at Module._resolveFilename (node:internal/modules/cjs/loader:1517:15)
    at wrapResolveFilename (node:internal/modules/cjs/loader:1071:27)
    at defaultResolveImplForCJSLoading (node:internal/modules/cjs/loader:1095:10)
    at resolveForCJSWithHooks (node:internal/modules/cjs/loader:1122:12)
    at Module._load (node:internal/modules/cjs/loader:1294:5)
    at wrapModuleLoad (node:internal/modules/cjs/loader:255:19)
    at Module.require (node:internal/modules/cjs/loader:1617:12)
    at require (node:internal/modules/helpers:153:16)
    at Object.<anonymous> (/opt/homebridge/lib/node_modules/homebridge-config-ui-x/node_modules/@homebridge/node-pty-prebuilt-multiarch/src/prebuild-loader.ts:6:9)
    at Module._compile (node:internal/modules/cjs/loader:1872:14) {
  code: 'MODULE_NOT_FOUND',
  requireStack: [
    '/opt/homebridge/lib/node_modules/homebridge-config-ui-x/node_modules/@homebridge/node-pty-prebuilt-multiarch/lib/prebuild-loader.js',
    '/opt/homebridge/lib/node_modules/homebridge-config-ui-x/node_modules/@homebridge/node-pty-prebuilt-multiarch/lib/unixTerminal.js',
    '/opt/homebridge/lib/node_modules/homebridge-config-ui-x/node_modules/@homebridge/node-pty-prebuilt-multiarch/lib/index.js',
    '/opt/homebridge/lib/node_modules/homebridge-config-ui-x/dist/core/node-pty/node-pty.service.js',
    '/opt/homebridge/lib/node_modules/homebridge-config-ui-x/dist/core/node-pty/node-pty.module.js',
    '/opt/homebridge/lib/node_modules/homebridge-config-ui-x/dist/modules/plugins/plugins.module.js',
    '/opt/homebridge/lib/node_modules/homebridge-config-ui-x/dist/modules/backup/backup.module.js',
    '/opt/homebridge/lib/node_modules/homebridge-config-ui-x/dist/app.module.js',
    '/opt/homebridge/lib/node_modules/homebridge-config-ui-x/dist/main.js',
    '/opt/homebridge/lib/node_modules/homebridge-config-ui-x/dist/bin/hb-service.js'
  ]
}
[37m[8/12/2026, 3:02:31 PM][0m [36m[HB Supervisor][0m Starting Homebridge with extra flags: -I -P /var/lib/homebridge/node_modules --strict-plugin-resolution
[37m[8/12/2026, 3:02:31 PM][0m [36m[HB Supervisor][0m Started Homebridge v1.11.2 with PID: 13750
[37m[8/12/2026, 3:02:32 PM] [39mLoaded config.json with 0 accessories and 6 platforms.
[37m[8/12/2026, 3:02:32 PM] [39mLoaded 0 cached accessories from cachedAccessories.
[37m[8/12/2026, 3:02:32 PM] [39m---
[37m[8/12/2026, 3:02:32 PM] [39mLoaded plugin: homebridge-camera-ffmpeg@3.1.4
[37m[8/12/2026, 3:02:32 PM] [39mRegistering platform 'homebridge-camera-ffmpeg.Camera-ffmpeg'
[37m[8/12/2026, 3:02:32 PM] [39m---
[37m[8/12/2026, 3:02:33 PM] [39mLoaded plugin: homebridge-camera-ui@5.0.27
[37m[8/12/2026, 3:02:33 PM] [39mRegistering platform 'homebridge-camera-ui.CameraUI'
[37m[8/12/2026, 3:02:33 PM] [39m---
[37m[8/12/2026, 3:02:34 PM] [39mLoaded plugin: homebridge-ring@14.3.0
[37m[8/12/2026, 3:02:34 PM] [39mRegistering platform 'homebridge-ring.Ring'
[37m[8/12/2026, 3:02:34 PM] [39m---
[37m[8/12/2026, 3:02:35 PM] [39mLoaded plugin: homebridge-tapo-camera@2.9.6
[37m[8/12/2026, 3:02:35 PM] [39mRegistering platform 'homebridge-tapo-camera.tapo-camera'
[37m[8/12/2026, 3:02:35 PM] [39m---
[37m[8/12/2026, 3:02:35 PM] [39mLoaded plugin: homebridge-z2m@1.11.0
[37m[8/12/2026, 3:02:35 PM] [39mRegistering platform 'homebridge-z2m.zigbee2mqtt'
[37m[8/12/2026, 3:02:35 PM] [39m---
[37m[8/12/2026, 3:02:35 PM] [39mLoaded plugin: @sam-hunt/homebridge-esphome-ts@1.6.2
[37m[8/12/2026, 3:02:35 PM] [39mRegistering platform '@sam-hunt/homebridge-esphome-ts.esphome'
[37m[8/12/2026, 3:02:35 PM] [39m---
[37m[8/12/2026, 3:02:35 PM] [39mLoading 6 platforms...
[37m[8/12/2026, 3:02:35 PM] [39m[36m[zigbee2mqtt][39m Initializing zigbee2mqtt platform...
[37m[8/12/2026, 3:02:35 PM] [39m[36m[zigbee2mqtt][39m Initializing child bridge 0E:85:25:C6:58:78
[37m[8/12/2026, 3:02:35 PM] [39m[36m[Ring][39m Initializing Ring platform...
[37m[8/12/2026, 3:02:35 PM] [39m[36m[Ring][39m Initializing child bridge 0E:98:C8:CF:BE:1F
[37m[8/12/2026, 3:02:35 PM] [39m[36m[esphome][39m Initializing esphome platform...
[37m[8/12/2026, 3:02:35 PM] [39m[36m[esphome][39m Initializing child bridge 0E:F0:BF:5E:78:83
[37m[8/12/2026, 3:02:35 PM] [39m[36m[Camera FFmpeg][39m Initializing Camera-ffmpeg platform...
[37m[8/12/2026, 3:02:35 PM] [39m[36m[Camera FFmpeg][39m Initializing child bridge 0E:68:28:6C:7C:3C
[37m[8/12/2026, 3:02:35 PM] [39m[36m[CameraUI][39m Initializing CameraUI platform...
[37m[8/12/2026, 3:02:35 PM] [39m[36m[CameraUI][39m Initializing child bridge 0E:CC:B0:52:44:83
[37m[8/12/2026, 3:02:35 PM] [39m[33m[39m
[33m[39m
[33mNOTICE TO USERS AND PLUGIN DEVELOPERS[39m
[33m> 🎯 Homebridge v2.0 is planned for May 2026! See the following link for details:[39m
[33m> ℹ️ https://github.com/homebridge/homebridge/wiki/Updating-To-Homebridge-v2.0[39m
[33m> 🚀 Your current Node.js version will be compatible with Homebridge v2.0.[39m
[33m[39m
Setup Payload:
X-HM://0024GB2GTC3BR
Enter this code with your HomeKit app on your iOS device to pair with Homebridge:
[30m[47m                       [49m[39m
[30m[47m    ┌────────────┐     [49m[39m
[30m[47m    │ 594-16-893 │     [49m[39m
[30m[47m    └────────────┘     [49m[39m
[30m[47m                       [49m[39m
[37m[8/12/2026, 3:02:35 PM] [39m[32mHomebridge v1.11.2 (HAP v0.14.1) (Homebridge BA2C) is running on port 51833.[39m
[37m[8/12/2026, 3:02:38 PM][0m [36m[HB Supervisor][0m OS: Linux 6.8.0-117-generic x64
[37m[8/12/2026, 3:02:38 PM][0m [36m[HB Supervisor][0m Node.js v24.19.0 /opt/homebridge/bin/node
[37m[8/12/2026, 3:02:38 PM][0m [36m[HB Supervisor][0m Homebridge Path: /var/lib/homebridge/node_modules/homebridge/bin/homebridge
[37m[8/12/2026, 3:02:38 PM][0m [36m[HB Supervisor][0m UI Path: /opt/homebridge/lib/node_modules/homebridge-config-ui-x/dist/bin/standalone.js
innerError Error: Cannot find module '../build/Debug/pty.node'
Require stack:
- /opt/homebridge/lib/node_modules/homebridge-config-ui-x/node_modules/@homebridge/node-pty-prebuilt-multiarch/lib/prebuild-loader.js
- /opt/homebridge/lib/node_modules/homebridge-config-ui-x/node_modules/@homebridge/node-pty-prebuilt-multiarch/lib/unixTerminal.js
- /opt/homebridge/lib/node_modules/homebridge-config-ui-x/node_modules/@homebridge/node-pty-prebuilt-multiarch/lib/index.js
- /opt/homebridge/lib/node_modules/homebridge-config-ui-x/dist/core/node-pty/node-pty.service.js
- /opt/homebridge/lib/node_modules/homebridge-config-ui-x/dist/core/node-pty/node-pty.module.js
- /opt/homebridge/lib/node_modules/homebridge-config-ui-x/dist/modules/plugins/plugins.module.js
- /opt/homebridge/lib/node_modules/homebridge-config-ui-x/dist/modules/backup/backup.module.js
- /opt/homebridge/lib/node_modules/homebridge-config-ui-x/dist/app.module.js
- /opt/homebridge/lib/node_modules/homebridge-config-ui-x/dist/main.js
- /opt/homebridge/lib/node_modules/homebridge-config-ui-x/dist/bin/hb-service.js
    at Module._resolveFilename (node:internal/modules/cjs/loader:1517:15)
    at wrapResolveFilename (node:internal/modules/cjs/loader:1071:27)
    at defaultResolveImplForCJSLoading (node:internal/modules/cjs/loader:1095:10)
    at resolveForCJSWithHooks (node:internal/modules/cjs/loader:1122:12)
    at Module._load (node:internal/modules/cjs/loader:1294:5)
    at wrapModuleLoad (node:internal/modules/cjs/loader:255:19)
    at Module.require (node:internal/modules/cjs/loader:1617:12)
    at require (node:internal/modules/helpers:153:16)
    at Object.<anonymous> (/opt/homebridge/lib/node_modules/homebridge-config-ui-x/node_modules/@homebridge/node-pty-prebuilt-multiarch/src/prebuild-loader.ts:9:11)
    at Module._compile (node:internal/modules/cjs/loader:1872:14) {
  code: 'MODULE_NOT_FOUND',
  requireStack: [
    '/opt/homebridge/lib/node_modules/homebridge-config-ui-x/node_modules/@homebridge/node-pty-prebuilt-multiarch/lib/prebuild-loader.js',
    '/opt/homebridge/lib/node_modules/homebridge-config-ui-x/node_modules/@homebridge/node-pty-prebuilt-multiarch/lib/unixTerminal.js',
    '/opt/homebridge/lib/node_modules/homebridge-config-ui-x/node_modules/@homebridge/node-pty-prebuilt-multiarch/lib/index.js',
    '/opt/homebridge/lib/node_modules/homebridge-config-ui-x/dist/core/node-pty/node-pty.service.js',
    '/opt/homebridge/lib/node_modules/homebridge-config-ui-x/dist/core/node-pty/node-pty.module.js',
    '/opt/homebridge/lib/node_modules/homebridge-config-ui-x/dist/modules/plugins/plugins.module.js',
    '/opt/homebridge/lib/node_modules/homebridge-config-ui-x/dist/modules/backup/backup.module.js',
    '/opt/homebridge/lib/node_modules/homebridge-config-ui-x/dist/app.module.js',
    '/opt/homebridge/lib/node_modules/homebridge-config-ui-x/dist/main.js',
    '/opt/homebridge/lib/node_modules/homebridge-config-ui-x/dist/bin/hb-service.js'
  ]
}
[37m[8/12/2026, 3:02:41 PM][0m [36m[HB Supervisor][0m ERROR: The user interface threw an unhandled error
Error: Cannot find module '../build/Release/pty.node'
Require stack:
- /opt/homebridge/lib/node_modules/homebridge-config-ui-x/node_modules/@homebridge/node-pty-prebuilt-multiarch/lib/prebuild-loader.js
- /opt/homebridge/lib/node_modules/homebridge-config-ui-x/node_modules/@homebridge/node-pty-prebuilt-multiarch/lib/unixTerminal.js
- /opt/homebridge/lib/node_modules/homebridge-config-ui-x/node_modules/@homebridge/node-pty-prebuilt-multiarch/lib/index.js
- /opt/homebridge/lib/node_modules/homebridge-config-ui-x/dist/core/node-pty/node-pty.service.js
- /opt/homebridge/lib/node_modules/homebridge-config-ui-x/dist/core/node-pty/node-pty.module.js
- /opt/homebridge/lib/node_modules/homebridge-config-ui-x/dist/modules/plugins/plugins.module.js
- /opt/homebridge/lib/node_modules/homebridge-config-ui-x/dist/modules/backup/backup.module.js
- /opt/homebridge/lib/node_modules/homebridge-config-ui-x/dist/app.module.js
- /opt/homebridge/lib/node_modules/homebridge-config-ui-x/dist/main.js
- /opt/homebridge/lib/node_modules/homebridge-config-ui-x/dist/bin/hb-service.js
    at Module._resolveFilename (node:internal/modules/cjs/loader:1517:15)
    at wrapResolveFilename (node:internal/modules/cjs/loader:1071:27)
    at defaultResolveImplForCJSLoading (node:internal/modules/cjs/loader:1095:10)
    at resolveForCJSWithHooks (node:internal/modules/cjs/loader:1122:12)
    at Module._load (node:internal/modules/cjs/loader:1294:5)
    at wrapModuleLoad (node:internal/modules/cjs/loader:255:19)
    at Module.require (node:internal/modules/cjs/loader:1617:12)
    at require (node:internal/modules/helpers:153:16)
    at Object.<anonymous> (/opt/homebridge/lib/node_modules/homebridge-config-ui-x/node_modules/@homebridge/node-pty-prebuilt-multiarch/src/prebuild-loader.ts:6:9)
    at Module._compile (node:internal/modules/cjs/loader:1872:14) {
  code: 'MODULE_NOT_FOUND',
  requireStack: [
    '/opt/homebridge/lib/node_modules/homebridge-config-ui-x/node_modules/@homebridge/node-pty-prebuilt-multiarch/lib/prebuild-loader.js',
    '/opt/homebridge/lib/node_modules/homebridge-config-ui-x/node_modules/@homebridge/node-pty-prebuilt-multiarch/lib/unixTerminal.js',
    '/opt/homebridge/lib/node_modules/homebridge-config-ui-x/node_modules/@homebridge/node-pty-prebuilt-multiarch/lib/index.js',
    '/opt/homebridge/lib/node_modules/homebridge-config-ui-x/dist/core/node-pty/node-pty.service.js',
    '/opt/homebridge/lib/node_modules/homebridge-config-ui-x/dist/core/node-pty/node-pty.module.js',
    '/opt/homebridge/lib/node_modules/homebridge-config-ui-x/dist/modules/plugins/plugins.module.js',
    '/opt/homebridge/lib/node_modules/homebridge-config-ui-x/dist/modules/backup/backup.module.js',
    '/opt/homebridge/lib/node_modules/homebridge-config-ui-x/dist/app.module.js',
    '/opt/homebridge/lib/node_modules/homebridge-config-ui-x/dist/main.js',
    '/opt/homebridge/lib/node_modules/homebridge-config-ui-x/dist/bin/hb-service.js'
  ]
}
[37m[8/12/2026, 3:02:41 PM][0m [36m[HB Supervisor][0m Starting Homebridge with extra flags: -I -P /var/lib/homebridge/node_modules --strict-plugin-resolution
[37m[8/12/2026, 3:02:41 PM][0m [36m[HB Supervisor][0m Started Homebridge v1.11.2 with PID: 13836
[37m[8/12/2026, 3:02:41 PM] [39mLoaded config.json with 0 accessories and 6 platforms.
[37m[8/12/2026, 3:02:42 PM] [39mLoaded 0 cached accessories from cachedAccessories.
[37m[8/12/2026, 3:02:42 PM] [39m---
[37m[8/12/2026, 3:02:42 PM] [39mLoaded plugin: homebridge-camera-ffmpeg@3.1.4
[37m[8/12/2026, 3:02:42 PM] [39mRegistering platform 'homebridge-camera-ffmpeg.Camera-ffmpeg'
[37m[8/12/2026, 3:02:42 PM] [39m---
[37m[8/12/2026, 3:02:42 PM] [39mLoaded plugin: homebridge-camera-ui@5.0.27
[37m[8/12/2026, 3:02:42 PM] [39mRegistering platform 'homebridge-camera-ui.CameraUI'
[37m[8/12/2026, 3:02:42 PM] [39m---
[37m[8/12/2026, 3:02:44 PM] [39mLoaded plugin: homebridge-ring@14.3.0
[37m[8/12/2026, 3:02:44 PM] [39mRegistering platform 'homebridge-ring.Ring'
[37m[8/12/2026, 3:02:44 PM] [39m---
[37m[8/12/2026, 3:02:44 PM] [39mLoaded plugin: homebridge-tapo-camera@2.9.6
[37m[8/12/2026, 3:02:44 PM] [39mRegistering platform 'homebridge-tapo-camera.tapo-camera'
[37m[8/12/2026, 3:02:44 PM] [39m---
[37m[8/12/2026, 3:02:44 PM] [39mLoaded plugin: homebridge-z2m@1.11.0
[37m[8/12/2026, 3:02:44 PM] [39mRegistering platform 'homebridge-z2m.zigbee2mqtt'
[37m[8/12/2026, 3:02:44 PM] [39m---
[37m[8/12/2026, 3:02:44 PM] [39mLoaded plugin: @sam-hunt/homebridge-esphome-ts@1.6.2
[37m[8/12/2026, 3:02:44 PM] [39mRegistering platform '@sam-hunt/homebridge-esphome-ts.esphome'
[37m[8/12/2026, 3:02:44 PM] [39m---
[37m[8/12/2026, 3:02:44 PM] [39mLoading 6 platforms...
[37m[8/12/2026, 3:02:44 PM] [39m[36m[zigbee2mqtt][39m Initializing zigbee2mqtt platform...
[37m[8/12/2026, 3:02:44 PM] [39m[36m[zigbee2mqtt][39m Initializing child bridge 0E:85:25:C6:58:78
[37m[8/12/2026, 3:02:44 PM] [39m[36m[Ring][39m Initializing Ring platform...
[37m[8/12/2026, 3:02:44 PM] [39m[36m[Ring][39m Initializing child bridge 0E:98:C8:CF:BE:1F
[37m[8/12/2026, 3:02:44 PM] [39m[36m[esphome][39m Initializing esphome platform...
[37m[8/12/2026, 3:02:44 PM] [39m[36m[esphome][39m Initializing child bridge 0E:F0:BF:5E:78:83
[37m[8/12/2026, 3:02:44 PM] [39m[36m[Camera FFmpeg][39m Initializing Camera-ffmpeg platform...
[37m[8/12/2026, 3:02:44 PM] [39m[36m[Camera FFmpeg][39m Initializing child bridge 0E:68:28:6C:7C:3C
[37m[8/12/2026, 3:02:44 PM] [39m[36m[CameraUI][39m Initializing CameraUI platform...
[37m[8/12/2026, 3:02:44 PM] [39m[36m[CameraUI][39m Initializing child bridge 0E:CC:B0:52:44:83
[37m[8/12/2026, 3:02:44 PM] [39m[33m[39m
[33m[39m
[33mNOTICE TO USERS AND PLUGIN DEVELOPERS[39m
[33m> 🎯 Homebridge v2.0 is planned for May 2026! See the following link for details:[39m
[33m> ℹ️ https://github.com/homebridge/homebridge/wiki/Updating-To-Homebridge-v2.0[39m
[33m> 🚀 Your current Node.js version will be compatible with Homebridge v2.0.[39m
[33m[39m
Setup Payload:
X-HM://0024GB2GTC3BR
Enter this code with your HomeKit app on your iOS device to pair with Homebridge:
[30m[47m                       [49m[39m
[30m[47m    ┌────────────┐     [49m[39m
[30m[47m    │ 594-16-893 │     [49m[39m
[30m[47m    └────────────┘     [49m[39m
[30m[47m                       [49m[39m
[37m[8/12/2026, 3:02:45 PM] [39m[32mHomebridge v1.11.2 (HAP v0.14.1) (Homebridge BA2C) is running on port 51833.[39m
[37m[8/12/2026, 3:02:46 PM][0m [36m[HB Supervisor][0m OS: Linux 6.8.0-117-generic x64
[37m[8/12/2026, 3:02:46 PM][0m [36m[HB Supervisor][0m Node.js v24.19.0 /opt/homebridge/bin/node
[37m[8/12/2026, 3:02:46 PM][0m [36m[HB Supervisor][0m Homebridge Path: /var/lib/homebridge/node_modules/homebridge/bin/homebridge
[37m[8/12/2026, 3:02:46 PM][0m [36m[HB Supervisor][0m UI Path: /opt/homebridge/lib/node_modules/homebridge-config-ui-x/dist/bin/standalone.js
innerError Error: Cannot find module '../build/Debug/pty.node'
Require stack:
- /opt/homebridge/lib/node_modules/homebridge-config-ui-x/node_modules/@homebridge/node-pty-prebuilt-multiarch/lib/prebuild-loader.js
- /opt/homebridge/lib/node_modules/homebridge-config-ui-x/node_modules/@homebridge/node-pty-prebuilt-multiarch/lib/unixTerminal.js
- /opt/homebridge/lib/node_modules/homebridge-config-ui-x/node_modules/@homebridge/node-pty-prebuilt-multiarch/lib/index.js
- /opt/homebridge/lib/node_modules/homebridge-config-ui-x/dist/core/node-pty/node-pty.service.js
- /opt/homebridge/lib/node_modules/homebridge-config-ui-x/dist/core/node-pty/node-pty.module.js
- /opt/homebridge/lib/node_modules/homebridge-config-ui-x/dist/modules/plugins/plugins.module.js
- /opt/homebridge/lib/node_modules/homebridge-config-ui-x/dist/modules/backup/backup.module.js
- /opt/homebridge/lib/node_modules/homebridge-config-ui-x/dist/app.module.js
- /opt/homebridge/lib/node_modules/homebridge-config-ui-x/dist/main.js
- /opt/homebridge/lib/node_modules/homebridge-config-ui-x/dist/bin/hb-service.js
    at Module._resolveFilename (node:internal/modules/cjs/loader:1517:15)
    at wrapResolveFilename (node:internal/modules/cjs/loader:1071:27)
    at defaultResolveImplForCJSLoading (node:internal/modules/cjs/loader:1095:10)
    at resolveForCJSWithHooks (node:internal/modules/cjs/loader:1122:12)
    at Module._load (node:internal/modules/cjs/loader:1294:5)
    at wrapModuleLoad (node:internal/modules/cjs/loader:255:19)
    at Module.require (node:internal/modules/cjs/loader:1617:12)
    at require (node:internal/modules/helpers:153:16)
    at Object.<anonymous> (/opt/homebridge/lib/node_modules/homebridge-config-ui-x/node_modules/@homebridge/node-pty-prebuilt-multiarch/src/prebuild-loader.ts:9:11)
    at Module._compile (node:internal/modules/cjs/loader:1872:14) {
  code: 'MODULE_NOT_FOUND',
  requireStack: [
    '/opt/homebridge/lib/node_modules/homebridge-config-ui-x/node_modules/@homebridge/node-pty-prebuilt-multiarch/lib/prebuild-loader.js',
    '/opt/homebridge/lib/node_modules/homebridge-config-ui-x/node_modules/@homebridge/node-pty-prebuilt-multiarch/lib/unixTerminal.js',
    '/opt/homebridge/lib/node_modules/homebridge-config-ui-x/node_modules/@homebridge/node-pty-prebuilt-multiarch/lib/index.js',
    '/opt/homebridge/lib/node_modules/homebridge-config-ui-x/dist/core/node-pty/node-pty.service.js',
    '/opt/homebridge/lib/node_modules/homebridge-config-ui-x/dist/core/node-pty/node-pty.module.js',
    '/opt/homebridge/lib/node_modules/homebridge-config-ui-x/dist/modules/plugins/plugins.module.js',
    '/opt/homebridge/lib/node_modules/homebridge-config-ui-x/dist/modules/backup/backup.module.js',
    '/opt/homebridge/lib/node_modules/homebridge-config-ui-x/dist/app.module.js',
    '/opt/homebridge/lib/node_modules/homebridge-config-ui-x/dist/main.js',
    '/opt/homebridge/lib/node_modules/homebridge-config-ui-x/dist/bin/hb-service.js'
  ]
}
[37m[8/12/2026, 3:02:48 PM][0m [36m[HB Supervisor][0m ERROR: The user interface threw an unhandled error
Error: Cannot find module '../build/Release/pty.node'
Require stack:
- /opt/homebridge/lib/node_modules/homebridge-config-ui-x/node_modules/@homebridge/node-pty-prebuilt-multiarch/lib/prebuild-loader.js
- /opt/homebridge/lib/node_modules/homebridge-config-ui-x/node_modules/@homebridge/node-pty-prebuilt-multiarch/lib/unixTerminal.js
- /opt/homebridge/lib/node_modules/homebridge-config-ui-x/node_modules/@homebridge/node-pty-prebuilt-multiarch/lib/index.js
- /opt/homebridge/lib/node_modules/homebridge-config-ui-x/dist/core/node-pty/node-pty.service.js
- /opt/homebridge/lib/node_modules/homebridge-config-ui-x/dist/core/node-pty/node-pty.module.js
- /opt/homebridge/lib/node_modules/homebridge-config-ui-x/dist/modules/plugins/plugins.module.js
- /opt/homebridge/lib/node_modules/homebridge-config-ui-x/dist/modules/backup/backup.module.js
- /opt/homebridge/lib/node_modules/homebridge-config-ui-x/dist/app.module.js
- /opt/homebridge/lib/node_modules/homebridge-config-ui-x/dist/main.js
- /opt/homebridge/lib/node_modules/homebridge-config-ui-x/dist/bin/hb-service.js
    at Module._resolveFilename (node:internal/modules/cjs/loader:1517:15)
    at wrapResolveFilename (node:internal/modules/cjs/loader:1071:27)
    at defaultResolveImplForCJSLoading (node:internal/modules/cjs/loader:1095:10)
    at resolveForCJSWithHooks (node:internal/modules/cjs/loader:1122:12)
    at Module._load (node:internal/modules/cjs/loader:1294:5)
    at wrapModuleLoad (node:internal/modules/cjs/loader:255:19)
    at Module.require (node:internal/modules/cjs/loader:1617:12)
    at require (node:internal/modules/helpers:153:16)
    at Object.<anonymous> (/opt/homebridge/lib/node_modules/homebridge-config-ui-x/node_modules/@homebridge/node-pty-prebuilt-multiarch/src/prebuild-loader.ts:6:9)
    at Module._compile (node:internal/modules/cjs/loader:1872:14) {
  code: 'MODULE_NOT_FOUND',
  requireStack: [
    '/opt/homebridge/lib/node_modules/homebridge-config-ui-x/node_modules/@homebridge/node-pty-prebuilt-multiarch/lib/prebuild-loader.js',
    '/opt/homebridge/lib/node_modules/homebridge-config-ui-x/node_modules/@homebridge/node-pty-prebuilt-multiarch/lib/unixTerminal.js',
    '/opt/homebridge/lib/node_modules/homebridge-config-ui-x/node_modules/@homebridge/node-pty-prebuilt-multiarch/lib/index.js',
    '/opt/homebridge/lib/node_modules/homebridge-config-ui-x/dist/core/node-pty/node-pty.service.js',
    '/opt/homebridge/lib/node_modules/homebridge-config-ui-x/dist/core/node-pty/node-pty.module.js',
    '/opt/homebridge/lib/node_modules/homebridge-config-ui-x/dist/modules/plugins/plugins.module.js',
    '/opt/homebridge/lib/node_modules/homebridge-config-ui-x/dist/modules/backup/backup.module.js',
    '/opt/homebridge/lib/node_modules/homebridge-config-ui-x/dist/app.module.js',
    '/opt/homebridge/lib/node_modules/homebridge-config-ui-x/dist/main.js',
    '/opt/homebridge/lib/node_modules/homebridge-config-ui-x/dist/bin/hb-service.js'
  ]
}
[37m[8/12/2026, 3:02:48 PM][0m [36m[HB Supervisor][0m Starting Homebridge with extra flags: -I -P /var/lib/homebridge/node_modules --strict-plugin-resolution
[37m[8/12/2026, 3:02:48 PM][0m [36m[HB Supervisor][0m Started Homebridge v1.11.2 with PID: 13908
[37m[8/12/2026, 3:02:49 PM] [39mLoaded config.json with 0 accessories and 6 platforms.
[37m[8/12/2026, 3:02:49 PM] [39mLoaded 0 cached accessories from cachedAccessories.
[37m[8/12/2026, 3:02:49 PM] [39m---
[37m[8/12/2026, 3:02:49 PM] [39mLoaded plugin: homebridge-camera-ffmpeg@3.1.4
[37m[8/12/2026, 3:02:49 PM] [39mRegistering platform 'homebridge-camera-ffmpeg.Camera-ffmpeg'
[37m[8/12/2026, 3:02:49 PM] [39m---
[37m[8/12/2026, 3:02:50 PM] [39mLoaded plugin: homebridge-camera-ui@5.0.27
[37m[8/12/2026, 3:02:50 PM] [39mRegistering platform 'homebridge-camera-ui.CameraUI'
[37m[8/12/2026, 3:02:50 PM] [39m---
[37m[8/12/2026, 3:02:51 PM] [39mLoaded plugin: homebridge-ring@14.3.0
[37m[8/12/2026, 3:02:51 PM] [39mRegistering platform 'homebridge-ring.Ring'
[37m[8/12/2026, 3:02:51 PM] [39m---
[37m[8/12/2026, 3:02:51 PM] [39mLoaded plugin: homebridge-tapo-camera@2.9.6
[37m[8/12/2026, 3:02:51 PM] [39mRegistering platform 'homebridge-tapo-camera.tapo-camera'
[37m[8/12/2026, 3:02:51 PM] [39m---
[37m[8/12/2026, 3:02:52 PM] [39mLoaded plugin: homebridge-z2m@1.11.0
[37m[8/12/2026, 3:02:52 PM] [39mRegistering platform 'homebridge-z2m.zigbee2mqtt'
[37m[8/12/2026, 3:02:52 PM] [39m---
[37m[8/12/2026, 3:02:52 PM] [39mLoaded plugin: @sam-hunt/homebridge-esphome-ts@1.6.2
[37m[8/12/2026, 3:02:52 PM] [39mRegistering platform '@sam-hunt/homebridge-esphome-ts.esphome'
[37m[8/12/2026, 3:02:52 PM] [39m---
[37m[8/12/2026, 3:02:52 PM] [39mLoading 6 platforms...
[37m[8/12/2026, 3:02:52 PM] [39m[36m[zigbee2mqtt][39m Initializing zigbee2mqtt platform...
[37m[8/12/2026, 3:02:52 PM] [39m[36m[zigbee2mqtt][39m Initializing child bridge 0E:85:25:C6:58:78
[37m[8/12/2026, 3:02:52 PM] [39m[36m[Ring][39m Initializing Ring platform...
[37m[8/12/2026, 3:02:52 PM] [39m[36m[Ring][39m Initializing child bridge 0E:98:C8:CF:BE:1F
[37m[8/12/2026, 3:02:52 PM] [39m[36m[esphome][39m Initializing esphome platform...
[37m[8/12/2026, 3:02:52 PM] [39m[36m[esphome][39m Initializing child bridge 0E:F0:BF:5E:78:83
[37m[8/12/2026, 3:02:52 PM] [39m[36m[Camera FFmpeg][39m Initializing Camera-ffmpeg platform...
[37m[8/12/2026, 3:02:52 PM] [39m[36m[Camera FFmpeg][39m Initializing child bridge 0E:68:28:6C:7C:3C
[37m[8/12/2026, 3:02:52 PM] [39m[36m[CameraUI][39m Initializing CameraUI platform...
[37m[8/12/2026, 3:02:52 PM] [39m[36m[CameraUI][39m Initializing child bridge 0E:CC:B0:52:44:83
[37m[8/12/2026, 3:02:52 PM] [39m[33m[39m
[33m[39m
[33mNOTICE TO USERS AND PLUGIN DEVELOPERS[39m
[33m> 🎯 Homebridge v2.0 is planned for May 2026! See the following link for details:[39m
[33m> ℹ️ https://github.com/homebridge/homebridge/wiki/Updating-To-Homebridge-v2.0[39m
[33m> 🚀 Your current Node.js version will be compatible with Homebridge v2.0.[39m
[33m[39m
Setup Payload:
X-HM://0024GB2GTC3BR
Enter this code with your HomeKit app on your iOS device to pair with Homebridge:
[30m[47m                       [49m[39m
[30m[47m    ┌────────────┐     [49m[39m
[30m[47m    │ 594-16-893 │     [49m[39m
[30m[47m    └────────────┘     [49m[39m
[30m[47m                       [49m[39m
[37m[8/12/2026, 3:02:52 PM] [39m[32mHomebridge v1.11.2 (HAP v0.14.1) (Homebridge BA2C) is running on port 51833.[39m
[37m[8/12/2026, 3:03:08 PM][0m [36m[HB Supervisor][0m OS: Linux 6.8.0-117-generic x64
[37m[8/12/2026, 3:03:08 PM][0m [36m[HB Supervisor][0m Node.js v20.18.0 /opt/homebridge/bin/node
[37m[8/12/2026, 3:03:08 PM][0m [36m[HB Supervisor][0m Homebridge Path: /var/lib/homebridge/node_modules/homebridge/bin/homebridge
[37m[8/12/2026, 3:03:08 PM][0m [36m[HB Supervisor][0m UI Path: /opt/homebridge/lib/node_modules/homebridge-config-ui-x/dist/bin/standalone.js
[0;37m[8/12/2026, 3:03:11 PM] [0m[0;36m[Homebridge UI][0m [0;33mHomebridge UI v4.60.1 is listening on :: port 8581[0m
[37m[8/12/2026, 3:03:12 PM][0m [36m[HB Supervisor][0m Starting Homebridge with extra flags: -I -P /var/lib/homebridge/node_modules --strict-plugin-resolution
[37m[8/12/2026, 3:03:12 PM][0m [36m[HB Supervisor][0m Started Homebridge v1.11.2 with PID: 147
[37m[8/12/2026, 3:03:13 PM] [39mLoaded config.json with 0 accessories and 6 platforms.
[37m[8/12/2026, 3:03:13 PM] [39mLoaded 0 cached accessories from cachedAccessories.
[37m[8/12/2026, 3:03:13 PM] [39m---
[37m[8/12/2026, 3:03:13 PM] [39mLoaded plugin: homebridge-camera-ffmpeg@3.1.4
[37m[8/12/2026, 3:03:13 PM] [39mRegistering platform 'homebridge-camera-ffmpeg.Camera-ffmpeg'
[37m[8/12/2026, 3:03:13 PM] [39m---
[37m[8/12/2026, 3:03:13 PM] [39mLoaded plugin: homebridge-camera-ui@5.0.27
[37m[8/12/2026, 3:03:13 PM] [39mRegistering platform 'homebridge-camera-ui.CameraUI'
[37m[8/12/2026, 3:03:13 PM] [39m---
[37m[8/12/2026, 3:03:14 PM] [39mLoaded plugin: homebridge-ring@14.3.0
[37m[8/12/2026, 3:03:14 PM] [39mRegistering platform 'homebridge-ring.Ring'
[37m[8/12/2026, 3:03:14 PM] [39m---
[37m[8/12/2026, 3:03:14 PM] [39mLoaded plugin: homebridge-tapo-camera@2.9.6
[37m[8/12/2026, 3:03:14 PM] [39mRegistering platform 'homebridge-tapo-camera.tapo-camera'
[37m[8/12/2026, 3:03:14 PM] [39m---
[37m[8/12/2026, 3:03:14 PM] [39mLoaded plugin: homebridge-z2m@1.11.0
[37m[8/12/2026, 3:03:14 PM] [39mRegistering platform 'homebridge-z2m.zigbee2mqtt'
[37m[8/12/2026, 3:03:14 PM] [39m---
[37m[8/12/2026, 3:03:14 PM] [39mLoaded plugin: @sam-hunt/homebridge-esphome-ts@1.6.2
[37m[8/12/2026, 3:03:14 PM] [39mRegistering platform '@sam-hunt/homebridge-esphome-ts.esphome'
[37m[8/12/2026, 3:03:14 PM] [39m---
[37m[8/12/2026, 3:03:14 PM] [39mLoading 6 platforms...
[37m[8/12/2026, 3:03:14 PM] [39m[36m[zigbee2mqtt][39m Initializing zigbee2mqtt platform...
[37m[8/12/2026, 3:03:14 PM] [39m[36m[zigbee2mqtt][39m Initializing child bridge 0E:85:25:C6:58:78
[37m[8/12/2026, 3:03:14 PM] [39m[36m[Ring][39m Initializing Ring platform...
[37m[8/12/2026, 3:03:14 PM] [39m[36m[Ring][39m Initializing child bridge 0E:98:C8:CF:BE:1F
[37m[8/12/2026, 3:03:14 PM] [39m[36m[esphome][39m Initializing esphome platform...
[37m[8/12/2026, 3:03:14 PM] [39m[36m[esphome][39m Initializing child bridge 0E:F0:BF:5E:78:83
[37m[8/12/2026, 3:03:14 PM] [39m[36m[Camera FFmpeg][39m Initializing Camera-ffmpeg platform...
[37m[8/12/2026, 3:03:14 PM] [39m[36m[Camera FFmpeg][39m Initializing child bridge 0E:68:28:6C:7C:3C
[37m[8/12/2026, 3:03:14 PM] [39m[36m[CameraUI][39m Initializing CameraUI platform...
[37m[8/12/2026, 3:03:14 PM] [39m[36m[CameraUI][39m Initializing child bridge 0E:CC:B0:52:44:83
[37m[8/12/2026, 3:03:15 PM] [39m[33m[39m
[33m[39m
[33mNOTICE TO USERS AND PLUGIN DEVELOPERS[39m
[33m> 🎯 Homebridge v2.0 is planned for May 2026! See the following link for details:[39m
[33m> ℹ️ https://github.com/homebridge/homebridge/wiki/Updating-To-Homebridge-v2.0[39m
[33m> ⚠️ This will drop support for Node.js v20 and lower, so now is a good time to update to v22 or v24.[39m
[33m[39m
Setup Payload:
X-HM://0024GB2GTC3BR
Enter this code with your HomeKit app on your iOS device to pair with Homebridge:
[30m[47m                       [49m[39m
[30m[47m    ┌────────────┐     [49m[39m
[30m[47m    │ 594-16-893 │     [49m[39m
[30m[47m    └────────────┘     [49m[39m
[30m[47m                       [49m[39m
[37m[8/12/2026, 3:03:15 PM] [39m[32mHomebridge v1.11.2 (HAP v0.14.1) (Homebridge BA2C) is running on port 51833.[39m
[37m[8/12/2026, 3:03:15 PM] [39m[36m[homebridge-z2m][39m Launched child bridge with PID 158
[37m[8/12/2026, 3:03:15 PM] [39m[36m[Camera FFmpeg][39m Launched child bridge with PID 166
[37m[8/12/2026, 3:03:15 PM] [39m[36m[homebridge-ring][39m Launched child bridge with PID 159
[37m[8/12/2026, 3:03:15 PM] [39m[36m[CameraUI][39m Launched child bridge with PID 172
[37m[8/12/2026, 3:03:15 PM] [39m[36m[@sam-hunt/homebridge-esphome-ts][39m Launched child bridge with PID 160
[37m[8/12/2026, 3:03:15 PM] [39mRegistering platform 'homebridge-camera-ffmpeg.Camera-ffmpeg'
[37m[8/12/2026, 3:03:15 PM] [39m[36m[Camera FFmpeg][39m Loaded homebridge-camera-ffmpeg v3.1.4 child bridge successfully
[37m[8/12/2026, 3:03:15 PM] [39mLoaded 0 cached accessories from cachedAccessories.0E68286C7C3C.
[37m[8/12/2026, 3:03:15 PM] [39m[36m[Camera FFmpeg][39m [Kitchen] Configuring unbridged accessory...
[37m[8/12/2026, 3:03:16 PM] [39m[32mHomebridge v1.11.2 (HAP v0.14.1) (Camera FFmpeg) is running on port 34759.[39m
[37m[8/12/2026, 3:03:16 PM] [39m[32mKitchen 92F5 is running on port 40151.[39m
[37m[8/12/2026, 3:03:16 PM] [39mPlease add [Kitchen 92F5] manually in Home app. Setup Code: 594-16-893
[37m[8/12/2026, 3:03:16 PM] [39mRegistering platform 'homebridge-z2m.zigbee2mqtt'
[37m[8/12/2026, 3:03:16 PM] [39m[36m[homebridge-z2m][39m Loaded homebridge-z2m v1.11.0 child bridge successfully
[37m[8/12/2026, 3:03:16 PM] [39mLoaded 7 cached accessories from cachedAccessories.0E8525C65878.
[37m[8/12/2026, 3:03:16 PM] [39mRegistering platform 'homebridge-camera-ui.CameraUI'
[37m[8/12/2026, 3:03:16 PM] [39m[36m[CameraUI][39m Loaded homebridge-camera-ui v5.0.27 child bridge successfully
[37m[8/12/2026, 3:03:16 PM] [39mLoaded 0 cached accessories from cachedAccessories.0ECCB0524483.
[37m[8/12/2026, 3:03:16 PM] [39m[36m[homebridge-z2m][39m Connecting to MQTT server at mqtt://192.168.0.254:1883
[37m[8/12/2026, 3:03:16 PM] [39m[36m[CameraUI][39m [33m[103m[30m[1m WARNING [22m[39m[33m[49m Kitchen Camera: Kitchen Camera is disabled in config.json, the camera will be ignored.[39m
[37m[8/12/2026, 3:03:16 PM] [39m[36m[CameraUI][39m Config changed through interface, saving...
[37m[8/12/2026, 3:03:16 PM] [39m[32mHomebridge v1.11.2 (HAP v0.14.1) (CameraUI) is running on port 57834.[39m
[37m[8/12/2026, 3:03:16 PM] [39m[36m[CameraUI][39m Accessories refreshed and config.json saved!
[37m[8/12/2026, 3:03:16 PM] [39m[36m[homebridge-z2m][39m Restoring accessory: Stair Window Blind (0x0ceff6fffea68c9f)
[37m[8/12/2026, 3:03:16 PM] [39m[36m[homebridge-z2m][39m Restoring accessory: IR Controller (0x881a14fffefeb90c)
[37m[8/12/2026, 3:03:16 PM] [39m[36m[homebridge-z2m][39m Restoring accessory: KitchenSensor (0xa4c1385b0afe776f)
[37m[8/12/2026, 3:03:16 PM] [39m[36m[homebridge-z2m][39m Restoring accessory: 0xa4c1382be2a2c9bb (0xa4c1382be2a2c9bb)
[37m[8/12/2026, 3:03:16 PM] [39m[36m[homebridge-z2m][39m Restoring accessory: 0xa4c13850a9de526a (0xa4c13850a9de526a)
[37m[8/12/2026, 3:03:16 PM] [39m[36m[homebridge-z2m][39m Restoring accessory: CurtainRod (0x842712fffe476f83)
[37m[8/12/2026, 3:03:16 PM] [39mRegistering platform '@sam-hunt/homebridge-esphome-ts.esphome'
[37m[8/12/2026, 3:03:16 PM] [39m[36m[@sam-hunt/homebridge-esphome-ts][39m Loaded @sam-hunt/homebridge-esphome-ts v1.6.2 child bridge successfully
[37m[8/12/2026, 3:03:16 PM] [39m[36m[homebridge-z2m][39m Restoring accessory: 0xa4c138b062025916 (0xa4c138b062025916)
[37m[8/12/2026, 3:03:16 PM] [39mLoaded 0 cached accessories from cachedAccessories.0EF0BF5E7883.
[37m[8/12/2026, 3:03:16 PM] [39m[36m[@sam-hunt/homebridge-esphome-ts][39m starting esphome
[37m[8/12/2026, 3:03:16 PM] [39m[32mHomebridge v1.11.2 (HAP v0.14.1) (homebridge-z2m) is running on port 55785.[39m
[37m[8/12/2026, 3:03:16 PM] [39m[36m[homebridge-z2m][39m Connected to MQTT server
[37m[8/12/2026, 3:03:16 PM] [39m[36m[homebridge-z2m][39m Zigbee2MQTT is ONLINE
[37m[8/12/2026, 3:03:16 PM] [39m[36m[homebridge-z2m][39m Using Zigbee2MQTT v1.41.0 (identified via zigbee2mqtt/bridge/info)
Error: listen EADDRINUSE: address already in use :::34699
    at Server.setupListenHandle [as _listen2] (node:net:1904:16)
    at listenInCluster (node:net:1961:12)
    at Server.listen (node:net:2063:7)
    at EventedHTTPServer.listen (/homebridge/node_modules/homebridge/node_modules/hap-nodejs/src/lib/util/eventedhttp.ts:166:20)
    at HAPServer.listen (/homebridge/node_modules/homebridge/node_modules/hap-nodejs/src/lib/HAPServer.ts:380:21)
    at Bridge.<anonymous> (/homebridge/node_modules/homebridge/node_modules/hap-nodejs/src/lib/Accessory.ts:1378:18)
    at step (/homebridge/node_modules/homebridge/node_modules/tslib/tslib.js:196:27)
    at Object.next (/homebridge/node_modules/homebridge/node_modules/tslib/tslib.js:177:57)
    at /homebridge/node_modules/homebridge/node_modules/tslib/tslib.js:170:75
    at new Promise (<anonymous>)
[37m[8/12/2026, 3:03:16 PM] [39m[36m[@sam-hunt/homebridge-esphome-ts][39m [33mChild bridge process ended[39m
[37m[8/12/2026, 3:03:16 PM] [39m[36m[@sam-hunt/homebridge-esphome-ts][39m Process Ended. Code: 1, Signal: null
[37m[8/12/2026, 3:03:17 PM] [39mRegistering platform 'homebridge-ring.Ring'
[37m[8/12/2026, 3:03:17 PM] [39m[36m[homebridge-ring][39m Loaded homebridge-ring v14.3.0 child bridge successfully
[37m[8/12/2026, 3:03:17 PM] [39mLoaded 8 cached accessories from cachedAccessories.0E98C8CFBE1F.
[37m[8/12/2026, 3:03:17 PM] [39m[36m[homebridge-ring][39m Configuring cached accessory ad9d8f33-139c-49f5-b19d-01ef771d75e9 Alarm
[37m[8/12/2026, 3:03:17 PM] [39m[36m[homebridge-ring][39m Configuring cached accessory d83034c6-8acc-41b5-8472-2b196c0da16f Base Station
[37m[8/12/2026, 3:03:17 PM] [39m[36m[homebridge-ring][39m Configuring cached accessory 40a5dd88-aa49-4079-b3ae-042bf8164f54 Main Door
[37m[8/12/2026, 3:03:17 PM] [39m[36m[homebridge-ring][39m Configuring cached accessory 240c1867-c517-4a5f-b141-3286d054b43f Living Room Motion
[37m[8/12/2026, 3:03:17 PM] [39m[36m[homebridge-ring][39m Configuring cached accessory 0c7a7ccb-7d7c-44f2-adda-c97834c5a8a8 Entrance hall Keypad
[37m[8/12/2026, 3:03:17 PM] [39m[36m[homebridge-ring][39m Configuring cached accessory 6bfcffbd-d4c0-4a7b-b9dc-242c8b4b90cf Conservatory Door
[37m[8/12/2026, 3:03:17 PM] [39m[36m[homebridge-ring][39m Configuring cached accessory f90f7eff-cc81-440f-b2aa-f5b16c9db8cc Kitchen Window
[37m[8/12/2026, 3:03:17 PM] [39m[36m[homebridge-ring][39m Configuring cached accessory 5e2c8d9b-3287-49d5-9f2c-a63f3099106e Dining Room Window
[37m[8/12/2026, 3:03:17 PM] [39m[32mHomebridge v1.11.2 (HAP v0.14.1) (homebridge-ring) is running on port 58615.[39m
[37m[8/12/2026, 3:03:18 PM] [39m[36m[homebridge-ring][39m Found the following locations:
[37m[8/12/2026, 3:03:18 PM] [39m[36m[homebridge-ring][39m   locationId: 31fec751-e7b7-4c41-a2b5-c850a4d16903 - UK Home
[37m[8/12/2026, 3:03:18 PM] [39m[36m[homebridge-ring][39m Creating location socket.io connection - UK Home
[37m[8/12/2026, 3:03:19 PM] [39m[36m[homebridge-ring][39m Ignoring push notification received in first two seconds after starting up
[37m[8/12/2026, 3:03:19 PM] [39m[36m[homebridge-ring][39m Ignoring push notification received in first two seconds after starting up
[37m[8/12/2026, 3:03:19 PM] [39m[36m[homebridge-ring][39m Ring connected to socket.io server
[37m[8/12/2026, 3:03:20 PM] [39m[36m[CameraUI][39m Kitchen Camera: Setting up camera, please be patient...
[37m[8/12/2026, 3:03:20 PM] [39m[36m[homebridge-ring][39m Configuring 2 cameras and 16 devices for location "UK Home" - locationId: 31fec751-e7b7-4c41-a2b5-c850a4d16903
[37m[8/12/2026, 3:03:20 PM] [39m[36m[homebridge-ring][39m Hidden accessory a43913b0-f3bf-4977-82f9-82749323ba25 adapter.shadow Shadow Adapter
[37m[8/12/2026, 3:03:20 PM] [39m[36m[homebridge-ring][39m Configured camera 23e4601d-cf67-451a-aae4-7b0e8df1b231 cocoa_doorbell_v2 Front Door
[37m[8/12/2026, 3:03:20 PM] [39m[36m[homebridge-ring][39m Configured camera 00d47fe9-0b58-4f7b-b0ac-98c7d9017d7d stickup_cam_mini_v2 Conservatory
[37m[8/12/2026, 3:03:20 PM] [39m[32mFront Door FD52 is running on port 41199.[39m
[37m[8/12/2026, 3:03:20 PM] [39mPlease add [Front Door FD52] manually in Home app. Setup Code: 594-16-893
[37m[8/12/2026, 3:03:20 PM] [39m[32mConservatory 04EF is running on port 36729.[39m
[37m[8/12/2026, 3:03:20 PM] [39mPlease add [Conservatory 04EF] manually in Home app. Setup Code: 594-16-893
[37m[8/12/2026, 3:03:21 PM] [39m[36m[CameraUI][39m camera.ui v5.0.27 is listening on port 8081 (http)
[37m[8/12/2026, 3:03:23 PM] [39m[36m[@sam-hunt/homebridge-esphome-ts][39m Restarting Process...
[37m[8/12/2026, 3:03:24 PM] [39m[36m[@sam-hunt/homebridge-esphome-ts][39m Launched child bridge with PID 300
[37m[8/12/2026, 3:03:24 PM] [39mRegistering platform '@sam-hunt/homebridge-esphome-ts.esphome'
[37m[8/12/2026, 3:03:24 PM] [39m[36m[@sam-hunt/homebridge-esphome-ts][39m Loaded @sam-hunt/homebridge-esphome-ts v1.6.2 child bridge successfully
[37m[8/12/2026, 3:03:24 PM] [39mLoaded 0 cached accessories from cachedAccessories.0EF0BF5E7883.
[37m[8/12/2026, 3:03:24 PM] [39m[36m[@sam-hunt/homebridge-esphome-ts][39m starting esphome
[37m[8/12/2026, 3:03:24 PM] [39m[32mHomebridge v1.11.2 (HAP v0.14.1) (@sam-hunt/homebridge-esphome-ts) is running on port 34699.[39m
[37m[8/12/2026, 3:04:27 PM] [39m[36m[homebridge-ring][39m Preparing Live Stream for Front Door
[37m[8/12/2026, 3:04:28 PM] [39m[36m[homebridge-ring][39m Stream Prepared for Front Door (0.39s)
[37m[8/12/2026, 3:04:28 PM] [39m[36m[homebridge-ring][39m Activating stream for Front Door (0.474s)
[37m[8/12/2026, 3:04:28 PM] [39m[36m[homebridge-ring][39m iceConnectionStateChange: checking
[37m[8/12/2026, 3:04:28 PM] [39m[36m[homebridge-ring][39m iceConnectionStateChange: completed
[37m[8/12/2026, 3:04:28 PM] [39m[36m[homebridge-ring][39m connectionStateChange: connecting
[37m[8/12/2026, 3:04:28 PM] [39m[36m[homebridge-ring][39m iceConnectionStateChange: checking
[37m[8/12/2026, 3:04:28 PM] [39m[36m[homebridge-ring][39m connectionStateChange: connecting
[37m[8/12/2026, 3:04:28 PM] [39m[36m[homebridge-ring][39m Activating Session
[37m[8/12/2026, 3:04:28 PM] [39m[36m[homebridge-ring][39m Streaming active for Front Door (0.995s)
[37m[8/12/2026, 3:04:29 PM] [39m[36m[homebridge-ring][39m iceConnectionStateChange: connected
[37m[8/12/2026, 3:04:29 PM] [39m[36m[homebridge-ring][39m connectionStateChange: connected
[37m[8/12/2026, 3:04:30 PM] [39m[36m[homebridge-ring][39m Received stream data from Front Door (2.51s)
[37m[8/12/2026, 3:04:36 PM] [39m[36m[homebridge-ring][39m Stopped Live Stream for Front Door
[37m[8/12/2026, 3:04:36 PM] [39m[36m[homebridge-ring][39m connectionStateChange: closed
[37m[8/12/2026, 3:04:36 PM] [39m[36m[homebridge-ring][39m iceConnectionStateChange: closed
[37m[8/12/2026, 3:04:37 PM] [39m[36m[homebridge-ring][39m Preparing Live Stream for Front Door
[37m[8/12/2026, 3:04:38 PM] [39m[36m[homebridge-ring][39m Stream Prepared for Front Door (0.106s)
[37m[8/12/2026, 3:04:38 PM] [39m[36m[homebridge-ring][39m Activating stream for Front Door (0.164s)
[37m[8/12/2026, 3:04:38 PM] [39m[36m[homebridge-ring][39m iceConnectionStateChange: checking
[37m[8/12/2026, 3:04:38 PM] [39m[36m[homebridge-ring][39m iceConnectionStateChange: completed
[37m[8/12/2026, 3:04:38 PM] [39m[36m[homebridge-ring][39m connectionStateChange: connecting
[37m[8/12/2026, 3:04:38 PM] [39m[36m[homebridge-ring][39m iceConnectionStateChange: checking
[37m[8/12/2026, 3:04:38 PM] [39m[36m[homebridge-ring][39m connectionStateChange: connecting
[37m[8/12/2026, 3:04:38 PM] [39m[36m[homebridge-ring][39m Activating Session
[37m[8/12/2026, 3:04:38 PM] [39m[36m[homebridge-ring][39m Streaming active for Front Door (0.595s)
[37m[8/12/2026, 3:04:39 PM] [39m[36m[homebridge-ring][39m iceConnectionStateChange: connected
[37m[8/12/2026, 3:04:39 PM] [39m[36m[homebridge-ring][39m connectionStateChange: connected
[37m[8/12/2026, 3:04:39 PM] [39m[36m[homebridge-ring][39m Received stream data from Front Door (1.354s)
[37m[8/12/2026, 3:04:57 PM] [39m[36m[homebridge-ring][39m Stopped Live Stream for Front Door
[37m[8/12/2026, 3:04:57 PM] [39m[36m[homebridge-ring][39m connectionStateChange: closed
[37m[8/12/2026, 3:04:57 PM] [39m[36m[homebridge-ring][39m iceConnectionStateChange: closed
[0;37m[8/12/2026, 3:05:43 PM] [0m[0;36m[Homebridge UI][0m Homebridge restart request received
[0;37m[8/12/2026, 3:05:43 PM] [0m[0;36m[Homebridge UI][0m UI / Bridge settings have not changed; only restarting Homebridge process
[0;37m[8/12/2026, 3:05:43 PM] [0m[0;36m[Homebridge UI][0m Sending SIGTERM to Homebridge
[37m[8/12/2026, 3:05:43 PM] [39mGot SIGTERM, shutting down Homebridge...
[37m[8/12/2026, 3:05:43 PM] [39mGot SIGTERM, shutting down child bridge process...
[37m[8/12/2026, 3:05:43 PM] [39mGot SIGTERM, shutting down child bridge process...
[37m[8/12/2026, 3:05:43 PM] [39mGot SIGTERM, shutting down child bridge process...
[37m[8/12/2026, 3:05:43 PM] [39mGot SIGTERM, shutting down child bridge process...
[37m[8/12/2026, 3:05:43 PM] [39mGot SIGTERM, shutting down child bridge process...
[0;37m[8/12/2026, 3:05:45 PM] [0m[0;36m[Homebridge UI][0m Starting terminal session
[37m[8/12/2026, 3:05:48 PM][0m [36m[HB Supervisor][0m Homebridge Process Ended. Code: 143, Signal: null
[0;37m[8/12/2026, 3:05:51 PM] [0m[0;36m[Homebridge UI][0m Terminal session ended.
[37m[8/12/2026, 3:05:53 PM][0m [36m[HB Supervisor][0m Restarting Homebridge...
[37m[8/12/2026, 3:05:53 PM][0m [36m[HB Supervisor][0m Starting Homebridge with extra flags: -I -P /var/lib/homebridge/node_modules --strict-plugin-resolution
[37m[8/12/2026, 3:05:53 PM][0m [36m[HB Supervisor][0m Started Homebridge v1.11.2 with PID: 933
[37m[8/12/2026, 3:05:54 PM] [39mLoaded config.json with 0 accessories and 6 platforms.
[37m[8/12/2026, 3:05:54 PM] [39mLoaded 0 cached accessories from cachedAccessories.
[37m[8/12/2026, 3:05:54 PM] [39m---
[37m[8/12/2026, 3:05:54 PM] [39mLoaded plugin: homebridge-camera-ffmpeg@3.1.4
[37m[8/12/2026, 3:05:54 PM] [39mRegistering platform 'homebridge-camera-ffmpeg.Camera-ffmpeg'
[37m[8/12/2026, 3:05:54 PM] [39m---
[37m[8/12/2026, 3:05:54 PM] [39mLoaded plugin: homebridge-camera-ui@5.0.27
[37m[8/12/2026, 3:05:54 PM] [39mRegistering platform 'homebridge-camera-ui.CameraUI'
[37m[8/12/2026, 3:05:54 PM] [39m---
[37m[8/12/2026, 3:05:55 PM] [39mLoaded plugin: homebridge-ring@14.3.0
[37m[8/12/2026, 3:05:55 PM] [39mRegistering platform 'homebridge-ring.Ring'
[37m[8/12/2026, 3:05:55 PM] [39m---
[37m[8/12/2026, 3:05:55 PM] [39mLoaded plugin: homebridge-tapo-camera@2.9.6
[37m[8/12/2026, 3:05:55 PM] [39mRegistering platform 'homebridge-tapo-camera.tapo-camera'
[37m[8/12/2026, 3:05:55 PM] [39m---
[37m[8/12/2026, 3:05:55 PM] [39mLoaded plugin: homebridge-z2m@1.11.0
[37m[8/12/2026, 3:05:55 PM] [39mRegistering platform 'homebridge-z2m.zigbee2mqtt'
[37m[8/12/2026, 3:05:55 PM] [39m---
[37m[8/12/2026, 3:05:55 PM] [39mLoaded plugin: @sam-hunt/homebridge-esphome-ts@1.6.2
[37m[8/12/2026, 3:05:55 PM] [39mRegistering platform '@sam-hunt/homebridge-esphome-ts.esphome'
[37m[8/12/2026, 3:05:55 PM] [39m---
[37m[8/12/2026, 3:05:55 PM] [39mLoading 6 platforms...
[37m[8/12/2026, 3:05:55 PM] [39m[36m[zigbee2mqtt][39m Initializing zigbee2mqtt platform...
[37m[8/12/2026, 3:05:55 PM] [39m[36m[zigbee2mqtt][39m Initializing child bridge 0E:85:25:C6:58:78
[37m[8/12/2026, 3:05:55 PM] [39m[36m[Ring][39m Initializing Ring platform...
[37m[8/12/2026, 3:05:55 PM] [39m[36m[Ring][39m Initializing child bridge 0E:98:C8:CF:BE:1F
[37m[8/12/2026, 3:05:55 PM] [39m[36m[esphome][39m Initializing esphome platform...
[37m[8/12/2026, 3:05:55 PM] [39m[36m[esphome][39m Initializing child bridge 0E:F0:BF:5E:78:83
[37m[8/12/2026, 3:05:55 PM] [39m[36m[Camera FFmpeg][39m Initializing Camera-ffmpeg platform...
[37m[8/12/2026, 3:05:55 PM] [39m[36m[Camera FFmpeg][39m Initializing child bridge 0E:68:28:6C:7C:3C
[37m[8/12/2026, 3:05:55 PM] [39m[36m[CameraUI][39m Initializing CameraUI platform...
[37m[8/12/2026, 3:05:55 PM] [39m[36m[CameraUI][39m Initializing child bridge 0E:CC:B0:52:44:83
[37m[8/12/2026, 3:05:55 PM] [39m[33m[39m
[33m[39m
[33mNOTICE TO USERS AND PLUGIN DEVELOPERS[39m
[33m> 🎯 Homebridge v2.0 is planned for May 2026! See the following link for details:[39m
[33m> ℹ️ https://github.com/homebridge/homebridge/wiki/Updating-To-Homebridge-v2.0[39m
[33m> ⚠️ This will drop support for Node.js v20 and lower, so now is a good time to update to v22 or v24.[39m
[33m[39m
Setup Payload:
X-HM://0024GB2GTC3BR
Enter this code with your HomeKit app on your iOS device to pair with Homebridge:
[30m[47m                       [49m[39m
[30m[47m    ┌────────────┐     [49m[39m
[30m[47m    │ 594-16-893 │     [49m[39m
[30m[47m    └────────────┘     [49m[39m
[30m[47m                       [49m[39m
[37m[8/12/2026, 3:05:55 PM] [39m[32mHomebridge v1.11.2 (HAP v0.14.1) (Homebridge BA2C) is running on port 51833.[39m
[37m[8/12/2026, 3:05:55 PM] [39m[36m[Camera FFmpeg][39m Launched child bridge with PID 952
[37m[8/12/2026, 3:05:55 PM] [39m[36m[homebridge-z2m][39m Launched child bridge with PID 944
[37m[8/12/2026, 3:05:55 PM] [39m[36m[@sam-hunt/homebridge-esphome-ts][39m Launched child bridge with PID 946
[37m[8/12/2026, 3:05:55 PM] [39m[36m[homebridge-ring][39m Launched child bridge with PID 945
[37m[8/12/2026, 3:05:55 PM] [39m[36m[CameraUI][39m Launched child bridge with PID 958
[37m[8/12/2026, 3:05:55 PM] [39mRegistering platform 'homebridge-camera-ffmpeg.Camera-ffmpeg'
[37m[8/12/2026, 3:05:55 PM] [39m[36m[Camera FFmpeg][39m Loaded homebridge-camera-ffmpeg v3.1.4 child bridge successfully
[37m[8/12/2026, 3:05:55 PM] [39mLoaded 0 cached accessories from cachedAccessories.0E68286C7C3C.
[37m[8/12/2026, 3:05:56 PM] [39m[36m[Camera FFmpeg][39m [Kitchen] Configuring unbridged accessory...
[37m[8/12/2026, 3:05:56 PM] [39m[32mHomebridge v1.11.2 (HAP v0.14.1) (Camera FFmpeg) is running on port 34759.[39m
[37m[8/12/2026, 3:05:56 PM] [39m[32mKitchen 92F5 is running on port 45237.[39m
[37m[8/12/2026, 3:05:56 PM] [39mPlease add [Kitchen 92F5] manually in Home app. Setup Code: 594-16-893
[37m[8/12/2026, 3:05:56 PM] [39mRegistering platform 'homebridge-z2m.zigbee2mqtt'
[37m[8/12/2026, 3:05:56 PM] [39m[36m[homebridge-z2m][39m Loaded homebridge-z2m v1.11.0 child bridge successfully
[37m[8/12/2026, 3:05:56 PM] [39mLoaded 7 cached accessories from cachedAccessories.0E8525C65878.
[37m[8/12/2026, 3:05:56 PM] [39m[36m[homebridge-z2m][39m Connecting to MQTT server at mqtt://192.168.0.254:1883
[37m[8/12/2026, 3:05:56 PM] [39mRegistering platform 'homebridge-camera-ui.CameraUI'
[37m[8/12/2026, 3:05:56 PM] [39m[36m[CameraUI][39m Loaded homebridge-camera-ui v5.0.27 child bridge successfully
[37m[8/12/2026, 3:05:56 PM] [39mRegistering platform '@sam-hunt/homebridge-esphome-ts.esphome'
[37m[8/12/2026, 3:05:56 PM] [39m[36m[@sam-hunt/homebridge-esphome-ts][39m Loaded @sam-hunt/homebridge-esphome-ts v1.6.2 child bridge successfully
[37m[8/12/2026, 3:05:56 PM] [39mLoaded 0 cached accessories from cachedAccessories.0ECCB0524483.
[37m[8/12/2026, 3:05:56 PM] [39m[36m[CameraUI][39m [33m[103m[30m[1m WARNING [22m[39m[33m[49m Kitchen Camera: Kitchen Camera is disabled in config.json, the camera will be ignored.[39m
[37m[8/12/2026, 3:05:56 PM] [39mLoaded 0 cached accessories from cachedAccessories.0EF0BF5E7883.
[37m[8/12/2026, 3:05:56 PM] [39m[36m[@sam-hunt/homebridge-esphome-ts][39m starting esphome
[37m[8/12/2026, 3:05:56 PM] [39m[36m[CameraUI][39m Config changed through interface, saving...
[37m[8/12/2026, 3:05:56 PM] [39m[32mHomebridge v1.11.2 (HAP v0.14.1) (@sam-hunt/homebridge-esphome-ts) is running on port 34699.[39m
[37m[8/12/2026, 3:05:56 PM] [39m[32mHomebridge v1.11.2 (HAP v0.14.1) (CameraUI) is running on port 57834.[39m
[37m[8/12/2026, 3:05:56 PM] [39m[36m[CameraUI][39m Accessories refreshed and config.json saved!
[37m[8/12/2026, 3:05:56 PM] [39m[36m[homebridge-z2m][39m Restoring accessory: Stair Window Blind (0x0ceff6fffea68c9f)
[37m[8/12/2026, 3:05:56 PM] [39m[36m[homebridge-z2m][39m Restoring accessory: IR Controller (0x881a14fffefeb90c)
[37m[8/12/2026, 3:05:56 PM] [39m[36m[homebridge-z2m][39m Restoring accessory: KitchenSensor (0xa4c1385b0afe776f)
[37m[8/12/2026, 3:05:56 PM] [39m[36m[homebridge-z2m][39m Restoring accessory: 0xa4c1382be2a2c9bb (0xa4c1382be2a2c9bb)
[37m[8/12/2026, 3:05:56 PM] [39m[36m[homebridge-z2m][39m Restoring accessory: 0xa4c13850a9de526a (0xa4c13850a9de526a)
[37m[8/12/2026, 3:05:56 PM] [39m[36m[homebridge-z2m][39m Restoring accessory: CurtainRod (0x842712fffe476f83)
[37m[8/12/2026, 3:05:56 PM] [39m[36m[homebridge-z2m][39m Restoring accessory: 0xa4c138b062025916 (0xa4c138b062025916)
[37m[8/12/2026, 3:05:56 PM] [39m[32mHomebridge v1.11.2 (HAP v0.14.1) (homebridge-z2m) is running on port 55785.[39m
[37m[8/12/2026, 3:05:56 PM] [39m[36m[homebridge-z2m][39m Connected to MQTT server
[37m[8/12/2026, 3:05:56 PM] [39m[36m[homebridge-z2m][39m Zigbee2MQTT is ONLINE
[37m[8/12/2026, 3:05:56 PM] [39m[36m[homebridge-z2m][39m Using Zigbee2MQTT v1.41.0 (identified via zigbee2mqtt/bridge/info)
[37m[8/12/2026, 3:05:56 PM] [39mRegistering platform 'homebridge-ring.Ring'
[37m[8/12/2026, 3:05:56 PM] [39m[36m[homebridge-ring][39m Loaded homebridge-ring v14.3.0 child bridge successfully
[37m[8/12/2026, 3:05:56 PM] [39mLoaded 8 cached accessories from cachedAccessories.0E98C8CFBE1F.
[37m[8/12/2026, 3:05:56 PM] [39m[36m[homebridge-ring][39m Configuring cached accessory ad9d8f33-139c-49f5-b19d-01ef771d75e9 Alarm
[37m[8/12/2026, 3:05:56 PM] [39m[36m[homebridge-ring][39m Configuring cached accessory d83034c6-8acc-41b5-8472-2b196c0da16f Base Station
[37m[8/12/2026, 3:05:56 PM] [39m[36m[homebridge-ring][39m Configuring cached accessory 40a5dd88-aa49-4079-b3ae-042bf8164f54 Main Door
[37m[8/12/2026, 3:05:56 PM] [39m[36m[homebridge-ring][39m Configuring cached accessory 240c1867-c517-4a5f-b141-3286d054b43f Living Room Motion
[37m[8/12/2026, 3:05:56 PM] [39m[36m[homebridge-ring][39m Configuring cached accessory 0c7a7ccb-7d7c-44f2-adda-c97834c5a8a8 Entrance hall Keypad
[37m[8/12/2026, 3:05:56 PM] [39m[36m[homebridge-ring][39m Configuring cached accessory 6bfcffbd-d4c0-4a7b-b9dc-242c8b4b90cf Conservatory Door
[37m[8/12/2026, 3:05:56 PM] [39m[36m[homebridge-ring][39m Configuring cached accessory f90f7eff-cc81-440f-b2aa-f5b16c9db8cc Kitchen Window
[37m[8/12/2026, 3:05:56 PM] [39m[36m[homebridge-ring][39m Configuring cached accessory 5e2c8d9b-3287-49d5-9f2c-a63f3099106e Dining Room Window
[37m[8/12/2026, 3:05:56 PM] [39m[32mHomebridge v1.11.2 (HAP v0.14.1) (homebridge-ring) is running on port 58615.[39m
[37m[8/12/2026, 3:05:57 PM] [39m[36m[homebridge-ring][39m Found the following locations:
[37m[8/12/2026, 3:05:57 PM] [39m[36m[homebridge-ring][39m   locationId: 31fec751-e7b7-4c41-a2b5-c850a4d16903 - UK Home
[37m[8/12/2026, 3:05:57 PM] [39m[36m[homebridge-ring][39m Creating location socket.io connection - UK Home
[37m[8/12/2026, 3:05:58 PM] [39m[36m[CameraUI][39m Kitchen Camera: Setting up camera, please be patient...
[37m[8/12/2026, 3:05:58 PM] [39m[36m[homebridge-ring][39m Ignoring push notification received in first two seconds after starting up
[37m[8/12/2026, 3:05:58 PM] [39m[36m[homebridge-ring][39m Ignoring push notification received in first two seconds after starting up
[37m[8/12/2026, 3:05:58 PM] [39m[36m[homebridge-ring][39m Ring connected to socket.io server
[37m[8/12/2026, 3:05:59 PM] [39m[36m[homebridge-ring][39m Configuring 2 cameras and 16 devices for location "UK Home" - locationId: 31fec751-e7b7-4c41-a2b5-c850a4d16903
[37m[8/12/2026, 3:05:59 PM] [39m[36m[homebridge-ring][39m Hidden accessory a43913b0-f3bf-4977-82f9-82749323ba25 adapter.shadow Shadow Adapter
[37m[8/12/2026, 3:05:59 PM] [39m[36m[homebridge-ring][39m Configured camera 23e4601d-cf67-451a-aae4-7b0e8df1b231 cocoa_doorbell_v2 Front Door
[37m[8/12/2026, 3:05:59 PM] [39m[36m[homebridge-ring][39m Configured camera 00d47fe9-0b58-4f7b-b0ac-98c7d9017d7d stickup_cam_mini_v2 Conservatory
[37m[8/12/2026, 3:05:59 PM] [39m[32mFront Door FD52 is running on port 45617.[39m
[37m[8/12/2026, 3:05:59 PM] [39mPlease add [Front Door FD52] manually in Home app. Setup Code: 594-16-893
[37m[8/12/2026, 3:05:59 PM] [39m[32mConservatory 04EF is running on port 44405.[39m
[37m[8/12/2026, 3:05:59 PM] [39mPlease add [Conservatory 04EF] manually in Home app. Setup Code: 594-16-893
[0;37m[8/12/2026, 3:05:59 PM] [0m[0;36m[Homebridge UI][0m Changes to config.json saved.
[37m[8/12/2026, 3:05:59 PM] [39m[36m[Camera FFmpeg][39m [33mStopping child bridge (will not restart)...[39m
[37m[8/12/2026, 3:05:59 PM] [39mGot SIGTERM, shutting down child bridge process...
[0;37m[8/12/2026, 3:06:02 PM] [0m[0;36m[Homebridge UI][0m [0;33mRemoved /var/lib/homebridge/persist/AccessoryInfo.0E68286C7C3C.json[0m
[0;37m[8/12/2026, 3:06:02 PM] [0m[0;36m[Homebridge UI][0m [0;33mRemoved /var/lib/homebridge/persist/IdentifierCache.0E68286C7C3C.json[0m
[0;37m[8/12/2026, 3:06:02 PM] [0m[0;36m[Homebridge UI][0m [0;33mRemoved /var/lib/homebridge/accessories/cachedAccessories.0E68286C7C3C[0m
[0;37m[8/12/2026, 3:06:03 PM] [0m[0;36m[Homebridge UI][0m Running Command: npm uninstall --save homebridge-camera-ffmpeg
[37m[8/12/2026, 3:06:04 PM] [39m[36m[Camera FFmpeg][39m [33mChild bridge process ended[39m
[37m[8/12/2026, 3:06:08 PM] [39m[36m[CameraUI][39m [33m[103m[30m[1m WARNING [22m[39m[33m[49m Kitchen Camera: Can not determine stream codecs, probe timed out[39m
[37m[8/12/2026, 3:06:08 PM] [39m[36m[CameraUI][39m camera.ui v5.0.27 is listening on port 8081 (http)
[0;37m[8/12/2026, 3:06:13 PM] [0m[0;36m[Homebridge UI][0m Changes to config.json saved.
[37m[8/12/2026, 3:06:13 PM] [39m[36m[@sam-hunt/homebridge-esphome-ts][39m [33mStopping child bridge (will not restart)...[39m
[37m[8/12/2026, 3:06:13 PM] [39mGot SIGTERM, shutting down child bridge process...
[0;37m[8/12/2026, 3:06:16 PM] [0m[0;36m[Homebridge UI][0m [0;33mRemoved /var/lib/homebridge/persist/AccessoryInfo.0EF0BF5E7883.json[0m
[0;37m[8/12/2026, 3:06:16 PM] [0m[0;36m[Homebridge UI][0m [0;33mRemoved /var/lib/homebridge/persist/IdentifierCache.0EF0BF5E7883.json[0m
[0;37m[8/12/2026, 3:06:16 PM] [0m[0;36m[Homebridge UI][0m [0;33mRemoved /var/lib/homebridge/accessories/cachedAccessories.0EF0BF5E7883[0m
[0;37m[8/12/2026, 3:06:16 PM] [0m[0;36m[Homebridge UI][0m Running Command: npm uninstall --save @sam-hunt/homebridge-esphome-ts
[37m[8/12/2026, 3:06:18 PM] [39m[36m[@sam-hunt/homebridge-esphome-ts][39m [33mChild bridge process ended[39m
[0;37m[8/12/2026, 3:06:27 PM] [0m[0;36m[Homebridge UI][0m Changes to config.json saved.
[37m[8/12/2026, 3:06:27 PM] [39m[36m[CameraUI][39m [33mStopping child bridge (will not restart)...[39m
[37m[8/12/2026, 3:06:27 PM] [39mGot SIGTERM, shutting down child bridge process...
[0;37m[8/12/2026, 3:06:30 PM] [0m[0;36m[Homebridge UI][0m [0;33mRemoved /var/lib/homebridge/persist/AccessoryInfo.0ECCB0524483.json[0m
[0;37m[8/12/2026, 3:06:30 PM] [0m[0;36m[Homebridge UI][0m [0;33mRemoved /var/lib/homebridge/persist/IdentifierCache.0ECCB0524483.json[0m
[0;37m[8/12/2026, 3:06:30 PM] [0m[0;36m[Homebridge UI][0m [0;33mRemoved /var/lib/homebridge/accessories/cachedAccessories.0ECCB0524483[0m
[0;37m[8/12/2026, 3:06:30 PM] [0m[0;36m[Homebridge UI][0m Running Command: npm uninstall --save homebridge-camera-ui
[37m[8/12/2026, 3:06:32 PM] [39m[36m[CameraUI][39m [33mChild bridge process ended[39m
[0;37m[8/12/2026, 3:06:48 PM] [0m[0;36m[Homebridge UI][0m Homebridge restart request received
[0;37m[8/12/2026, 3:06:48 PM] [0m[0;36m[Homebridge UI][0m UI / Bridge settings have not changed; only restarting Homebridge process
[0;37m[8/12/2026, 3:06:48 PM] [0m[0;36m[Homebridge UI][0m Sending SIGTERM to Homebridge
[37m[8/12/2026, 3:06:48 PM] [39mGot SIGTERM, shutting down Homebridge...
[37m[8/12/2026, 3:06:48 PM] [39mGot SIGTERM, shutting down child bridge process...
[37m[8/12/2026, 3:06:48 PM] [39mGot SIGTERM, shutting down child bridge process...
[37m[8/12/2026, 3:06:53 PM][0m [36m[HB Supervisor][0m Homebridge Process Ended. Code: 143, Signal: null
[37m[8/12/2026, 3:06:58 PM][0m [36m[HB Supervisor][0m Restarting Homebridge...
[37m[8/12/2026, 3:06:58 PM][0m [36m[HB Supervisor][0m Starting Homebridge with extra flags: -I -P /var/lib/homebridge/node_modules --strict-plugin-resolution
[37m[8/12/2026, 3:06:58 PM][0m [36m[HB Supervisor][0m Started Homebridge v1.11.2 with PID: 1220
[37m[8/12/2026, 3:06:58 PM] [39mLoaded config.json with 0 accessories and 3 platforms.
[37m[8/12/2026, 3:06:58 PM] [39mLoaded 0 cached accessories from cachedAccessories.
[37m[8/12/2026, 3:06:58 PM] [39m---
[0;37m[8/12/2026, 3:06:59 PM] [0m[0;36m[Homebridge UI][0m Starting terminal session
[37m[8/12/2026, 3:06:59 PM] [39mLoaded plugin: homebridge-ring@14.3.0
[37m[8/12/2026, 3:06:59 PM] [39mRegistering platform 'homebridge-ring.Ring'
[37m[8/12/2026, 3:06:59 PM] [39m---
[37m[8/12/2026, 3:06:59 PM] [39mLoaded plugin: homebridge-tapo-camera@2.9.6
[37m[8/12/2026, 3:06:59 PM] [39mRegistering platform 'homebridge-tapo-camera.tapo-camera'
[37m[8/12/2026, 3:06:59 PM] [39m---
[37m[8/12/2026, 3:06:59 PM] [39mLoaded plugin: homebridge-z2m@1.11.0
[37m[8/12/2026, 3:06:59 PM] [39mRegistering platform 'homebridge-z2m.zigbee2mqtt'
[37m[8/12/2026, 3:06:59 PM] [39m---
[37m[8/12/2026, 3:06:59 PM] [39mLoading 3 platforms...
[37m[8/12/2026, 3:06:59 PM] [39m[36m[zigbee2mqtt][39m Initializing zigbee2mqtt platform...
[37m[8/12/2026, 3:06:59 PM] [39m[36m[zigbee2mqtt][39m Initializing child bridge 0E:85:25:C6:58:78
[37m[8/12/2026, 3:06:59 PM] [39m[36m[Ring][39m Initializing Ring platform...
[37m[8/12/2026, 3:06:59 PM] [39m[36m[Ring][39m Initializing child bridge 0E:98:C8:CF:BE:1F
[37m[8/12/2026, 3:06:59 PM] [39m[33m[39m
[33m[39m
[33mNOTICE TO USERS AND PLUGIN DEVELOPERS[39m
[33m> 🎯 Homebridge v2.0 is planned for May 2026! See the following link for details:[39m
[33m> ℹ️ https://github.com/homebridge/homebridge/wiki/Updating-To-Homebridge-v2.0[39m
[33m> ⚠️ This will drop support for Node.js v20 and lower, so now is a good time to update to v22 or v24.[39m
[33m[39m
Setup Payload:
X-HM://0024GB2GTC3BR
Enter this code with your HomeKit app on your iOS device to pair with Homebridge:
[30m[47m                       [49m[39m
[30m[47m    ┌────────────┐     [49m[39m
[30m[47m    │ 594-16-893 │     [49m[39m
[30m[47m    └────────────┘     [49m[39m
[30m[47m                       [49m[39m
[37m[8/12/2026, 3:06:59 PM] [39m[32mHomebridge v1.11.2 (HAP v0.14.1) (Homebridge BA2C) is running on port 51833.[39m
[37m[8/12/2026, 3:06:59 PM] [39m[36m[homebridge-z2m][39m Launched child bridge with PID 1260
[37m[8/12/2026, 3:06:59 PM] [39m[36m[homebridge-ring][39m Launched child bridge with PID 1261
[37m[8/12/2026, 3:07:00 PM] [39mRegistering platform 'homebridge-z2m.zigbee2mqtt'
[37m[8/12/2026, 3:07:00 PM] [39m[36m[homebridge-z2m][39m Loaded homebridge-z2m v1.11.0 child bridge successfully
[37m[8/12/2026, 3:07:00 PM] [39mLoaded 7 cached accessories from cachedAccessories.0E8525C65878.
[37m[8/12/2026, 3:07:00 PM] [39m[36m[homebridge-z2m][39m Connecting to MQTT server at mqtt://192.168.0.254:1883
[37m[8/12/2026, 3:07:00 PM] [39m[36m[homebridge-z2m][39m Restoring accessory: Stair Window Blind (0x0ceff6fffea68c9f)
[37m[8/12/2026, 3:07:00 PM] [39m[36m[homebridge-z2m][39m Restoring accessory: IR Controller (0x881a14fffefeb90c)
[37m[8/12/2026, 3:07:00 PM] [39m[36m[homebridge-z2m][39m Restoring accessory: KitchenSensor (0xa4c1385b0afe776f)
[37m[8/12/2026, 3:07:00 PM] [39m[36m[homebridge-z2m][39m Restoring accessory: 0xa4c1382be2a2c9bb (0xa4c1382be2a2c9bb)
[37m[8/12/2026, 3:07:00 PM] [39m[36m[homebridge-z2m][39m Restoring accessory: 0xa4c13850a9de526a (0xa4c13850a9de526a)
[37m[8/12/2026, 3:07:00 PM] [39m[36m[homebridge-z2m][39m Restoring accessory: CurtainRod (0x842712fffe476f83)
[37m[8/12/2026, 3:07:00 PM] [39m[36m[homebridge-z2m][39m Restoring accessory: 0xa4c138b062025916 (0xa4c138b062025916)
[37m[8/12/2026, 3:07:00 PM] [39m[32mHomebridge v1.11.2 (HAP v0.14.1) (homebridge-z2m) is running on port 55785.[39m
[37m[8/12/2026, 3:07:00 PM] [39m[36m[homebridge-z2m][39m Connected to MQTT server
[37m[8/12/2026, 3:07:00 PM] [39m[36m[homebridge-z2m][39m Zigbee2MQTT is ONLINE
[37m[8/12/2026, 3:07:00 PM] [39m[36m[homebridge-z2m][39m Using Zigbee2MQTT v1.41.0 (identified via zigbee2mqtt/bridge/info)
[37m[8/12/2026, 3:07:00 PM] [39mRegistering platform 'homebridge-ring.Ring'
[37m[8/12/2026, 3:07:00 PM] [39m[36m[homebridge-ring][39m Loaded homebridge-ring v14.3.0 child bridge successfully
[37m[8/12/2026, 3:07:00 PM] [39mLoaded 8 cached accessories from cachedAccessories.0E98C8CFBE1F.
[37m[8/12/2026, 3:07:00 PM] [39m[36m[homebridge-ring][39m Configuring cached accessory ad9d8f33-139c-49f5-b19d-01ef771d75e9 Alarm
[37m[8/12/2026, 3:07:00 PM] [39m[36m[homebridge-ring][39m Configuring cached accessory d83034c6-8acc-41b5-8472-2b196c0da16f Base Station
[37m[8/12/2026, 3:07:00 PM] [39m[36m[homebridge-ring][39m Configuring cached accessory 40a5dd88-aa49-4079-b3ae-042bf8164f54 Main Door
[37m[8/12/2026, 3:07:00 PM] [39m[36m[homebridge-ring][39m Configuring cached accessory 240c1867-c517-4a5f-b141-3286d054b43f Living Room Motion
[37m[8/12/2026, 3:07:00 PM] [39m[36m[homebridge-ring][39m Configuring cached accessory 0c7a7ccb-7d7c-44f2-adda-c97834c5a8a8 Entrance hall Keypad
[37m[8/12/2026, 3:07:00 PM] [39m[36m[homebridge-ring][39m Configuring cached accessory 6bfcffbd-d4c0-4a7b-b9dc-242c8b4b90cf Conservatory Door
[37m[8/12/2026, 3:07:00 PM] [39m[36m[homebridge-ring][39m Configuring cached accessory f90f7eff-cc81-440f-b2aa-f5b16c9db8cc Kitchen Window
[37m[8/12/2026, 3:07:00 PM] [39m[36m[homebridge-ring][39m Configuring cached accessory 5e2c8d9b-3287-49d5-9f2c-a63f3099106e Dining Room Window
[37m[8/12/2026, 3:07:00 PM] [39m[32mHomebridge v1.11.2 (HAP v0.14.1) (homebridge-ring) is running on port 58615.[39m
[37m[8/12/2026, 3:07:01 PM] [39m[36m[homebridge-ring][39m Found the following locations:
[37m[8/12/2026, 3:07:01 PM] [39m[36m[homebridge-ring][39m   locationId: 31fec751-e7b7-4c41-a2b5-c850a4d16903 - UK Home
[37m[8/12/2026, 3:07:01 PM] [39m[36m[homebridge-ring][39m Creating location socket.io connection - UK Home
[37m[8/12/2026, 3:07:02 PM] [39m[36m[homebridge-ring][39m Ignoring push notification received in first two seconds after starting up
[37m[8/12/2026, 3:07:02 PM] [39m[36m[homebridge-ring][39m Ignoring push notification received in first two seconds after starting up
[37m[8/12/2026, 3:07:02 PM] [39m[36m[homebridge-ring][39m Ring connected to socket.io server
[37m[8/12/2026, 3:07:03 PM] [39m[36m[homebridge-ring][39m Configuring 2 cameras and 16 devices for location "UK Home" - locationId: 31fec751-e7b7-4c41-a2b5-c850a4d16903
[37m[8/12/2026, 3:07:03 PM] [39m[36m[homebridge-ring][39m Hidden accessory a43913b0-f3bf-4977-82f9-82749323ba25 adapter.shadow Shadow Adapter
[37m[8/12/2026, 3:07:03 PM] [39m[36m[homebridge-ring][39m Configured camera 23e4601d-cf67-451a-aae4-7b0e8df1b231 cocoa_doorbell_v2 Front Door
[37m[8/12/2026, 3:07:03 PM] [39m[36m[homebridge-ring][39m Configured camera 00d47fe9-0b58-4f7b-b0ac-98c7d9017d7d stickup_cam_mini_v2 Conservatory
[37m[8/12/2026, 3:07:03 PM] [39m[32mFront Door FD52 is running on port 37915.[39m
[37m[8/12/2026, 3:07:03 PM] [39mPlease add [Front Door FD52] manually in Home app. Setup Code: 594-16-893
[37m[8/12/2026, 3:07:03 PM] [39m[32mConservatory 04EF is running on port 36979.[39m
[37m[8/12/2026, 3:07:03 PM] [39mPlease add [Conservatory 04EF] manually in Home app. Setup Code: 594-16-893
[37m[8/12/2026, 3:07:05 PM] [39m[36m[homebridge-ring][39m Preparing Live Stream for Front Door
[37m[8/12/2026, 3:07:05 PM] [39m[36m[homebridge-ring][39m Stream Prepared for Front Door (0.117s)
[37m[8/12/2026, 3:07:05 PM] [39m[36m[homebridge-ring][39m Activating stream for Front Door (0.203s)
[37m[8/12/2026, 3:07:06 PM] [39m[36m[homebridge-ring][39m iceConnectionStateChange: checking
[37m[8/12/2026, 3:07:06 PM] [39m[36m[homebridge-ring][39m iceConnectionStateChange: completed
[37m[8/12/2026, 3:07:06 PM] [39m[36m[homebridge-ring][39m connectionStateChange: connecting
[37m[8/12/2026, 3:07:06 PM] [39m[36m[homebridge-ring][39m iceConnectionStateChange: checking
[37m[8/12/2026, 3:07:06 PM] [39m[36m[homebridge-ring][39m connectionStateChange: connecting
[37m[8/12/2026, 3:07:06 PM] [39m[36m[homebridge-ring][39m Activating Session
[37m[8/12/2026, 3:07:06 PM] [39m[36m[homebridge-ring][39m Streaming active for Front Door (0.708s)
[37m[8/12/2026, 3:07:07 PM] [39m[36m[homebridge-ring][39m iceConnectionStateChange: connected
[37m[8/12/2026, 3:07:07 PM] [39m[36m[homebridge-ring][39m connectionStateChange: connected
[37m[8/12/2026, 3:07:08 PM] [39m[36m[homebridge-ring][39m Received stream data from Front Door (2.373s)
[37m[8/12/2026, 3:07:28 PM] [39m[36m[homebridge-ring][39m Stopped Live Stream for Front Door
[37m[8/12/2026, 3:07:28 PM] [39m[36m[homebridge-ring][39m connectionStateChange: closed
[37m[8/12/2026, 3:07:28 PM] [39m[36m[homebridge-ring][39m iceConnectionStateChange: closed
[0;37m[8/12/2026, 3:08:22 PM] [0m[0;36m[Homebridge UI][0m Terminal session ended.
[0;37m[8/12/2026, 3:08:22 PM] [0m[0;36m[Homebridge UI][0m Homebridge restart request received
[0;37m[8/12/2026, 3:08:22 PM] [0m[0;36m[Homebridge UI][0m Sending SIGTERM to process...
[37m[8/12/2026, 3:08:22 PM][0m [36m[HB Supervisor][0m Stopping services...
[37m[8/12/2026, 3:08:22 PM] [39mGot SIGTERM, shutting down Homebridge...
[37m[8/12/2026, 3:08:22 PM] [39mGot SIGTERM, shutting down child bridge process...
[37m[8/12/2026, 3:08:22 PM] [39mGot SIGTERM, shutting down child bridge process...
[37m[8/12/2026, 3:08:27 PM][0m [36m[HB Supervisor][0m Homebridge Process Ended. Code: 143, Signal: null
[37m[8/12/2026, 3:08:30 PM][0m [36m[HB Supervisor][0m OS: Linux 6.8.0-117-generic x64
[37m[8/12/2026, 3:08:30 PM][0m [36m[HB Supervisor][0m Node.js v22.23.2 /opt/homebridge/bin/node
[37m[8/12/2026, 3:08:30 PM][0m [36m[HB Supervisor][0m Homebridge Path: /var/lib/homebridge/node_modules/homebridge/bin/homebridge
[37m[8/12/2026, 3:08:30 PM][0m [36m[HB Supervisor][0m UI Path: /opt/homebridge/lib/node_modules/homebridge-config-ui-x/dist/bin/standalone.js
[0;37m[8/12/2026, 3:08:31 PM] [0m[0;36m[Homebridge UI][0m [0;33mHomebridge UI v4.60.1 is listening on :: port 8581[0m
[37m[8/12/2026, 3:08:31 PM][0m [36m[HB Supervisor][0m Starting Homebridge with extra flags: -I -P /var/lib/homebridge/node_modules --strict-plugin-resolution
[37m[8/12/2026, 3:08:31 PM][0m [36m[HB Supervisor][0m Started Homebridge v1.11.2 with PID: 1647
[37m[8/12/2026, 3:08:31 PM] [39mLoaded config.json with 0 accessories and 3 platforms.
[37m[8/12/2026, 3:08:31 PM] [39mLoaded 0 cached accessories from cachedAccessories.
[37m[8/12/2026, 3:08:31 PM] [39m---
[0;37m[8/12/2026, 3:08:32 PM] [0m[0;36m[Homebridge UI][0m Starting terminal session
[37m[8/12/2026, 3:08:32 PM] [39mLoaded plugin: homebridge-ring@14.3.0
[37m[8/12/2026, 3:08:32 PM] [39mRegistering platform 'homebridge-ring.Ring'
[37m[8/12/2026, 3:08:32 PM] [39m---
[37m[8/12/2026, 3:08:32 PM] [39mLoaded plugin: homebridge-tapo-camera@2.9.6
[37m[8/12/2026, 3:08:32 PM] [39mRegistering platform 'homebridge-tapo-camera.tapo-camera'
[37m[8/12/2026, 3:08:32 PM] [39m---
[37m[8/12/2026, 3:08:32 PM] [39mLoaded plugin: homebridge-z2m@1.11.0
[37m[8/12/2026, 3:08:32 PM] [39mRegistering platform 'homebridge-z2m.zigbee2mqtt'
[37m[8/12/2026, 3:08:32 PM] [39m---
[37m[8/12/2026, 3:08:32 PM] [39mLoading 3 platforms...
[37m[8/12/2026, 3:08:32 PM] [39m[36m[zigbee2mqtt][39m Initializing zigbee2mqtt platform...
[37m[8/12/2026, 3:08:32 PM] [39m[36m[zigbee2mqtt][39m Initializing child bridge 0E:85:25:C6:58:78
[37m[8/12/2026, 3:08:32 PM] [39m[36m[Ring][39m Initializing Ring platform...
[37m[8/12/2026, 3:08:32 PM] [39m[36m[Ring][39m Initializing child bridge 0E:98:C8:CF:BE:1F
[37m[8/12/2026, 3:08:32 PM] [39m[33m[39m
[33m[39m
[33mNOTICE TO USERS AND PLUGIN DEVELOPERS[39m
[33m> 🎯 Homebridge v2.0 is planned for May 2026! See the following link for details:[39m
[33m> ℹ️ https://github.com/homebridge/homebridge/wiki/Updating-To-Homebridge-v2.0[39m
[33m> 🚀 Your current Node.js version will be compatible with Homebridge v2.0.[39m
[33m[39m
Setup Payload:
X-HM://0024GB2GTC3BR
Enter this code with your HomeKit app on your iOS device to pair with Homebridge:
[30m[47m                       [49m[39m
[30m[47m    ┌────────────┐     [49m[39m
[30m[47m    │ 594-16-893 │     [49m[39m
[30m[47m    └────────────┘     [49m[39m
[30m[47m                       [49m[39m
[37m[8/12/2026, 3:08:32 PM] [39m[32mHomebridge v1.11.2 (HAP v0.14.1) (Homebridge BA2C) is running on port 51833.[39m
[37m[8/12/2026, 3:08:33 PM] [39m[36m[homebridge-z2m][39m Launched child bridge with PID 1842
[37m[8/12/2026, 3:08:33 PM] [39m[36m[homebridge-ring][39m Launched child bridge with PID 1848
[37m[8/12/2026, 3:08:33 PM] [39mRegistering platform 'homebridge-z2m.zigbee2mqtt'
[37m[8/12/2026, 3:08:33 PM] [39m[36m[homebridge-z2m][39m Loaded homebridge-z2m v1.11.0 child bridge successfully
[37m[8/12/2026, 3:08:33 PM] [39mLoaded 7 cached accessories from cachedAccessories.0E8525C65878.
[37m[8/12/2026, 3:08:33 PM] [39m[36m[homebridge-z2m][39m Connecting to MQTT server at mqtt://192.168.0.254:1883
[37m[8/12/2026, 3:08:33 PM] [39m[36m[homebridge-z2m][39m Restoring accessory: Stair Window Blind (0x0ceff6fffea68c9f)
[37m[8/12/2026, 3:08:33 PM] [39m[36m[homebridge-z2m][39m Restoring accessory: IR Controller (0x881a14fffefeb90c)
[37m[8/12/2026, 3:08:33 PM] [39m[36m[homebridge-z2m][39m Restoring accessory: KitchenSensor (0xa4c1385b0afe776f)
[37m[8/12/2026, 3:08:33 PM] [39m[36m[homebridge-z2m][39m Restoring accessory: 0xa4c1382be2a2c9bb (0xa4c1382be2a2c9bb)
[37m[8/12/2026, 3:08:33 PM] [39m[36m[homebridge-z2m][39m Restoring accessory: 0xa4c13850a9de526a (0xa4c13850a9de526a)
[37m[8/12/2026, 3:08:33 PM] [39m[36m[homebridge-z2m][39m Restoring accessory: CurtainRod (0x842712fffe476f83)
[37m[8/12/2026, 3:08:33 PM] [39m[36m[homebridge-z2m][39m Restoring accessory: 0xa4c138b062025916 (0xa4c138b062025916)
[37m[8/12/2026, 3:08:33 PM] [39m[32mHomebridge v1.11.2 (HAP v0.14.1) (homebridge-z2m) is running on port 55785.[39m
[37m[8/12/2026, 3:08:33 PM] [39m[36m[homebridge-z2m][39m Connected to MQTT server
[37m[8/12/2026, 3:08:33 PM] [39m[36m[homebridge-z2m][39m Zigbee2MQTT is ONLINE
[37m[8/12/2026, 3:08:33 PM] [39m[36m[homebridge-z2m][39m Using Zigbee2MQTT v1.41.0 (identified via zigbee2mqtt/bridge/info)
[37m[8/12/2026, 3:08:33 PM] [39mRegistering platform 'homebridge-ring.Ring'
[37m[8/12/2026, 3:08:33 PM] [39m[36m[homebridge-ring][39m Loaded homebridge-ring v14.3.0 child bridge successfully
[37m[8/12/2026, 3:08:34 PM] [39mLoaded 8 cached accessories from cachedAccessories.0E98C8CFBE1F.
[37m[8/12/2026, 3:08:34 PM] [39m[36m[homebridge-ring][39m Configuring cached accessory ad9d8f33-139c-49f5-b19d-01ef771d75e9 Alarm
[37m[8/12/2026, 3:08:34 PM] [39m[36m[homebridge-ring][39m Configuring cached accessory d83034c6-8acc-41b5-8472-2b196c0da16f Base Station
[37m[8/12/2026, 3:08:34 PM] [39m[36m[homebridge-ring][39m Configuring cached accessory 40a5dd88-aa49-4079-b3ae-042bf8164f54 Main Door
[37m[8/12/2026, 3:08:34 PM] [39m[36m[homebridge-ring][39m Configuring cached accessory 240c1867-c517-4a5f-b141-3286d054b43f Living Room Motion
[37m[8/12/2026, 3:08:34 PM] [39m[36m[homebridge-ring][39m Configuring cached accessory 0c7a7ccb-7d7c-44f2-adda-c97834c5a8a8 Entrance hall Keypad
[37m[8/12/2026, 3:08:34 PM] [39m[36m[homebridge-ring][39m Configuring cached accessory 6bfcffbd-d4c0-4a7b-b9dc-242c8b4b90cf Conservatory Door
[37m[8/12/2026, 3:08:34 PM] [39m[36m[homebridge-ring][39m Configuring cached accessory f90f7eff-cc81-440f-b2aa-f5b16c9db8cc Kitchen Window
[37m[8/12/2026, 3:08:34 PM] [39m[36m[homebridge-ring][39m Configuring cached accessory 5e2c8d9b-3287-49d5-9f2c-a63f3099106e Dining Room Window
[37m[8/12/2026, 3:08:34 PM] [39m[32mHomebridge v1.11.2 (HAP v0.14.1) (homebridge-ring) is running on port 58615.[39m
[37m[8/12/2026, 3:08:35 PM] [39m[36m[homebridge-ring][39m Found the following locations:
[37m[8/12/2026, 3:08:35 PM] [39m[36m[homebridge-ring][39m   locationId: 31fec751-e7b7-4c41-a2b5-c850a4d16903 - UK Home
[37m[8/12/2026, 3:08:35 PM] [39m[36m[homebridge-ring][39m Creating location socket.io connection - UK Home
[37m[8/12/2026, 3:08:35 PM] [39m[36m[homebridge-ring][39m Ignoring push notification received in first two seconds after starting up
[37m[8/12/2026, 3:08:35 PM] [39m[36m[homebridge-ring][39m Ignoring push notification received in first two seconds after starting up
[37m[8/12/2026, 3:08:35 PM] [39m[36m[homebridge-ring][39m Ring connected to socket.io server
[37m[8/12/2026, 3:08:36 PM] [39m[36m[homebridge-ring][39m Configuring 2 cameras and 16 devices for location "UK Home" - locationId: 31fec751-e7b7-4c41-a2b5-c850a4d16903
[37m[8/12/2026, 3:08:36 PM] [39m[36m[homebridge-ring][39m Hidden accessory a43913b0-f3bf-4977-82f9-82749323ba25 adapter.shadow Shadow Adapter
[37m[8/12/2026, 3:08:36 PM] [39m[36m[homebridge-ring][39m Configured camera 23e4601d-cf67-451a-aae4-7b0e8df1b231 cocoa_doorbell_v2 Front Door
[37m[8/12/2026, 3:08:36 PM] [39m[36m[homebridge-ring][39m Configured camera 00d47fe9-0b58-4f7b-b0ac-98c7d9017d7d stickup_cam_mini_v2 Conservatory
[37m[8/12/2026, 3:08:36 PM] [39m[32mFront Door FD52 is running on port 41705.[39m
[37m[8/12/2026, 3:08:36 PM] [39mPlease add [Front Door FD52] manually in Home app. Setup Code: 594-16-893
[37m[8/12/2026, 3:08:36 PM] [39m[32mConservatory 04EF is running on port 40747.[39m
[37m[8/12/2026, 3:08:36 PM] [39mPlease add [Conservatory 04EF] manually in Home app. Setup Code: 594-16-893
[0;37m[8/12/2026, 3:08:39 PM] [0m[0;36m[Homebridge UI][0m Running Command: npm install --save homebridge@2.3.1
[0;37m[8/12/2026, 3:08:59 PM] [0m[0;36m[Homebridge UI][0m Terminal session ended.
[0;37m[8/12/2026, 3:08:59 PM] [0m[0;36m[Homebridge UI][0m Homebridge restart request received
[0;37m[8/12/2026, 3:08:59 PM] [0m[0;36m[Homebridge UI][0m UI / Bridge settings have not changed; only restarting Homebridge process
[0;37m[8/12/2026, 3:08:59 PM] [0m[0;36m[Homebridge UI][0m Sending SIGTERM to Homebridge
[37m[8/12/2026, 3:08:59 PM] [39mGot SIGTERM, shutting down Homebridge...
[37m[8/12/2026, 3:08:59 PM] [39mGot SIGTERM, shutting down child bridge process...
[37m[8/12/2026, 3:08:59 PM] [39mGot SIGTERM, shutting down child bridge process...
[37m[8/12/2026, 3:09:04 PM][0m [36m[HB Supervisor][0m Homebridge Process Ended. Code: 143, Signal: null
[37m[8/12/2026, 3:09:09 PM][0m [36m[HB Supervisor][0m Restarting Homebridge...
[37m[8/12/2026, 3:09:09 PM][0m [36m[HB Supervisor][0m Could not find Homebridge. Make sure you have installed homebridge using the -g flag then restart.
[37m[8/12/2026, 3:09:09 PM][0m [36m[HB Supervisor][0m npm install -g --unsafe-perm homebridge
[37m[8/12/2026, 3:10:10 PM][0m [36m[HB Supervisor][0m Stopping services...
[37m[8/12/2026, 3:10:27 PM][0m [36m[HB Supervisor][0m OS: Linux 6.8.0-117-generic x64
[37m[8/12/2026, 3:10:27 PM][0m [36m[HB Supervisor][0m Node.js v20.18.0 /opt/homebridge/bin/node
[37m[8/12/2026, 3:10:27 PM][0m [36m[HB Supervisor][0m Homebridge Path: /var/lib/homebridge/node_modules/homebridge/bin/homebridge.js
[37m[8/12/2026, 3:10:27 PM][0m [36m[HB Supervisor][0m UI Path: /opt/homebridge/lib/node_modules/homebridge-config-ui-x/dist/bin/standalone.js
[0;37m[8/12/2026, 3:10:28 PM] [0m[0;36m[Homebridge UI][0m [0;33mHomebridge UI v4.60.1 is listening on :: port 8581[0m
[37m[8/12/2026, 3:10:28 PM][0m [36m[HB Supervisor][0m Starting Homebridge with extra flags: -I -P /var/lib/homebridge/node_modules --strict-plugin-resolution
[37m[8/12/2026, 3:10:28 PM][0m [36m[HB Supervisor][0m Started Homebridge v2.3.1 with PID: 147
[8/12/2026, 3:10:28 PM] Homebridge requires a Node.js version of ^22 || ^24 || ^26 which does not satisfy the current Node.js version of v20.18.0. You may need to upgrade your installation of Node.js - see https://homebridge.io/w/JTKEF
[37m[8/12/2026, 3:10:28 PM] [39mLoaded config.json with 0 accessories and 3 platforms.
[37m[8/12/2026, 3:10:28 PM] [39mLoaded 0 cached accessories from cachedAccessories.
[37m[8/12/2026, 3:10:28 PM] [39m---
[37m[8/12/2026, 3:10:29 PM] [39mLoaded plugin: homebridge-ring@14.3.0
[37m[8/12/2026, 3:10:29 PM] [39mRegistering platform 'homebridge-ring.Ring'
[37m[8/12/2026, 3:10:29 PM] [39m---
[37m[8/12/2026, 3:10:29 PM] [39mLoaded plugin: homebridge-tapo-camera@2.9.6
[37m[8/12/2026, 3:10:29 PM] [39mRegistering platform 'homebridge-tapo-camera.tapo-camera'
[37m[8/12/2026, 3:10:29 PM] [39m---
[37m[8/12/2026, 3:10:29 PM] [39mLoaded plugin: homebridge-z2m@1.11.0
[37m[8/12/2026, 3:10:29 PM] [39mRegistering platform 'homebridge-z2m.zigbee2mqtt'
[37m[8/12/2026, 3:10:29 PM] [39m---
[37m[8/12/2026, 3:10:29 PM] [39mLoading 3 platforms...
[37m[8/12/2026, 3:10:29 PM] [39m[36m[zigbee2mqtt][39m Initializing zigbee2mqtt platform...
[37m[8/12/2026, 3:10:29 PM] [39m[36m[zigbee2mqtt][39m Initializing child bridge 0E:85:25:C6:58:78
[37m[8/12/2026, 3:10:29 PM] [39m[36m[Ring][39m Initializing Ring platform...
[37m[8/12/2026, 3:10:29 PM] [39m[36m[Ring][39m Initializing child bridge 0E:98:C8:CF:BE:1F
Setup Payload:
X-HM://0024GB2GTC3BR
Enter this code with your HomeKit app on your iOS device to pair with Homebridge:
[30m[47m                       [49m[39m
[30m[47m    ┌────────────┐     [49m[39m
[30m[47m    │ 594-16-893 │     [49m[39m
[30m[47m    └────────────┘     [49m[39m
[30m[47m                       [49m[39m
[37m[8/12/2026, 3:10:29 PM] [39m[32mHomebridge v2.3.1 (HAP v2.2.0) (Homebridge BA2C) is running on port 51833.[39m
[37m[8/12/2026, 3:10:30 PM] [39m[36m[homebridge-ring][39m Child bridge starting (pid 159)...
[37m[8/12/2026, 3:10:30 PM] [39m[36m[homebridge-z2m][39m Child bridge starting (pid 158)...
[37m[8/12/2026, 3:10:30 PM] [39mRegistering platform 'homebridge-z2m.zigbee2mqtt'
[37m[8/12/2026, 3:10:30 PM] [39m[36m[homebridge-z2m][39m [32mChild bridge started successfully (plugin v1.11.0).[39m
[37m[8/12/2026, 3:10:30 PM] [39mLoaded 7 cached accessories from cachedAccessories.0E8525C65878.
[37m[8/12/2026, 3:10:30 PM] [39m[36m[homebridge-z2m][39m Connecting to MQTT server at mqtt://192.168.0.254:1883
[37m[8/12/2026, 3:10:30 PM] [39m[36m[homebridge-z2m][39m Restoring accessory: Stair Window Blind (0x0ceff6fffea68c9f)
[37m[8/12/2026, 3:10:30 PM] [39m[36m[homebridge-z2m][39m Restoring accessory: IR Controller (0x881a14fffefeb90c)
[37m[8/12/2026, 3:10:30 PM] [39m[36m[homebridge-z2m][39m Restoring accessory: KitchenSensor (0xa4c1385b0afe776f)
[37m[8/12/2026, 3:10:30 PM] [39m[36m[homebridge-z2m][39m Restoring accessory: 0xa4c1382be2a2c9bb (0xa4c1382be2a2c9bb)
[37m[8/12/2026, 3:10:30 PM] [39m[36m[homebridge-z2m][39m Restoring accessory: 0xa4c13850a9de526a (0xa4c13850a9de526a)
[37m[8/12/2026, 3:10:30 PM] [39m[36m[homebridge-z2m][39m Restoring accessory: CurtainRod (0x842712fffe476f83)
[37m[8/12/2026, 3:10:30 PM] [39m[36m[homebridge-z2m][39m Restoring accessory: 0xa4c138b062025916 (0xa4c138b062025916)
[37m[8/12/2026, 3:10:30 PM] [39m[32mHomebridge v2.3.1 (HAP v2.2.0) (homebridge-z2m) is running on port 55785.[39m
[37m[8/12/2026, 3:10:30 PM] [39m[36m[homebridge-z2m][39m Connected to MQTT server
[37m[8/12/2026, 3:10:30 PM] [39m[36m[homebridge-z2m][39m Zigbee2MQTT is ONLINE
[37m[8/12/2026, 3:10:30 PM] [39m[36m[homebridge-z2m][39m Using Zigbee2MQTT v1.41.0 (identified via zigbee2mqtt/bridge/info)
[37m[8/12/2026, 3:10:31 PM] [39mRegistering platform 'homebridge-ring.Ring'
[37m[8/12/2026, 3:10:31 PM] [39m[36m[homebridge-ring][39m [32mChild bridge started successfully (plugin v14.3.0).[39m
[37m[8/12/2026, 3:10:31 PM] [39mLoaded 8 cached accessories from cachedAccessories.0E98C8CFBE1F.
[37m[8/12/2026, 3:10:31 PM] [39m[36m[homebridge-ring][39m Configuring cached accessory ad9d8f33-139c-49f5-b19d-01ef771d75e9 Alarm
[37m[8/12/2026, 3:10:31 PM] [39m[36m[homebridge-ring][39m Configuring cached accessory d83034c6-8acc-41b5-8472-2b196c0da16f Base Station
[37m[8/12/2026, 3:10:31 PM] [39m[36m[homebridge-ring][39m Configuring cached accessory 40a5dd88-aa49-4079-b3ae-042bf8164f54 Main Door
[37m[8/12/2026, 3:10:31 PM] [39m[36m[homebridge-ring][39m Configuring cached accessory 240c1867-c517-4a5f-b141-3286d054b43f Living Room Motion
[37m[8/12/2026, 3:10:31 PM] [39m[36m[homebridge-ring][39m Configuring cached accessory 0c7a7ccb-7d7c-44f2-adda-c97834c5a8a8 Entrance hall Keypad
[37m[8/12/2026, 3:10:31 PM] [39m[36m[homebridge-ring][39m Configuring cached accessory 6bfcffbd-d4c0-4a7b-b9dc-242c8b4b90cf Conservatory Door
[37m[8/12/2026, 3:10:31 PM] [39m[36m[homebridge-ring][39m Configuring cached accessory f90f7eff-cc81-440f-b2aa-f5b16c9db8cc Kitchen Window
[37m[8/12/2026, 3:10:31 PM] [39m[36m[homebridge-ring][39m Configuring cached accessory 5e2c8d9b-3287-49d5-9f2c-a63f3099106e Dining Room Window
[37m[8/12/2026, 3:10:31 PM] [39m[32mHomebridge v2.3.1 (HAP v2.2.0) (homebridge-ring) is running on port 58615.[39m
[37m[8/12/2026, 3:10:32 PM] [39m[36m[homebridge-ring][39m Found the following locations:
[37m[8/12/2026, 3:10:32 PM] [39m[36m[homebridge-ring][39m   locationId: 31fec751-e7b7-4c41-a2b5-c850a4d16903 - UK Home
[37m[8/12/2026, 3:10:32 PM] [39m[36m[homebridge-ring][39m Creating location socket.io connection - UK Home
[37m[8/12/2026, 3:10:32 PM] [39m[36m[homebridge-ring][39m Ignoring push notification received in first two seconds after starting up
[37m[8/12/2026, 3:10:32 PM] [39m[36m[homebridge-ring][39m Ignoring push notification received in first two seconds after starting up
[37m[8/12/2026, 3:10:33 PM] [39m[36m[homebridge-ring][39m Ring connected to socket.io server
[37m[8/12/2026, 3:10:33 PM] [39m[36m[homebridge-ring][39m Configuring 2 cameras and 16 devices for location "UK Home" - locationId: 31fec751-e7b7-4c41-a2b5-c850a4d16903
[37m[8/12/2026, 3:10:33 PM] [39m[36m[homebridge-ring][39m Hidden accessory a43913b0-f3bf-4977-82f9-82749323ba25 adapter.shadow Shadow Adapter
[37m[8/12/2026, 3:10:33 PM] [39m[36m[homebridge-ring][39m Configured camera 23e4601d-cf67-451a-aae4-7b0e8df1b231 cocoa_doorbell_v2 Front Door
[37m[8/12/2026, 3:10:33 PM] [39m[36m[homebridge-ring][39m Configured camera 00d47fe9-0b58-4f7b-b0ac-98c7d9017d7d stickup_cam_mini_v2 Conservatory
[37m[8/12/2026, 3:10:33 PM] [39m[32mFront Door FD52 is running on port 45507.[39m
[37m[8/12/2026, 3:10:33 PM] [39mPlease add [Front Door FD52] manually in Home app. Setup Code: 594-16-893
[37m[8/12/2026, 3:10:33 PM] [39m[32mConservatory 04EF is running on port 40361.[39m
[37m[8/12/2026, 3:10:33 PM] [39mPlease add [Conservatory 04EF] manually in Home app. Setup Code: 594-16-893
[0;37m[8/12/2026, 3:10:37 PM] [0m[0;36m[Homebridge UI][0m Starting terminal session
[0;37m[8/12/2026, 3:10:41 PM] [0m[0;36m[Homebridge UI][0m Terminal session ended.
[0;37m[8/12/2026, 3:10:42 PM] [0m[0;36m[Homebridge UI][0m Starting terminal session
[37m[8/12/2026, 3:13:10 PM] [39m[36m[homebridge-ring][39m Preparing Live Stream for Front Door
[37m[8/12/2026, 3:13:10 PM] [39m[36m[homebridge-ring][39m Stream Prepared for Front Door (0.388s)
[37m[8/12/2026, 3:13:11 PM] [39m[36m[homebridge-ring][39m iceConnectionStateChange: checking
[37m[8/12/2026, 3:13:11 PM] [39m[36m[homebridge-ring][39m iceConnectionStateChange: completed
[37m[8/12/2026, 3:13:11 PM] [39m[36m[homebridge-ring][39m Activating stream for Front Door (0.876s)
[37m[8/12/2026, 3:13:11 PM] [39m[36m[homebridge-ring][39m connectionStateChange: connecting
[37m[8/12/2026, 3:13:11 PM] [39m[36m[homebridge-ring][39m iceConnectionStateChange: checking
[37m[8/12/2026, 3:13:11 PM] [39m[36m[homebridge-ring][39m connectionStateChange: connecting
[37m[8/12/2026, 3:13:11 PM] [39m[36m[homebridge-ring][39m Activating Session
[37m[8/12/2026, 3:13:11 PM] [39m[36m[homebridge-ring][39m Streaming active for Front Door (1.033s)
[37m[8/12/2026, 3:13:12 PM] [39m[36m[homebridge-ring][39m iceConnectionStateChange: connected
[37m[8/12/2026, 3:13:12 PM] [39m[36m[homebridge-ring][39m connectionStateChange: connected
[37m[8/12/2026, 3:13:13 PM] [39m[36m[homebridge-ring][39m Received stream data from Front Door (2.821s)
[37m[8/12/2026, 3:13:13 PM] [39m[36m[homebridge-ring][39m Stopped Live Stream for Front Door
[37m[8/12/2026, 3:13:13 PM] [39m[36m[homebridge-ring][39m connectionStateChange: closed
[37m[8/12/2026, 3:13:13 PM] [39m[36m[homebridge-ring][39m iceConnectionStateChange: closed
[0;37m[8/12/2026, 3:15:37 PM] [0m[0;36m[Homebridge UI][0m Terminal session ended.
[0;37m[8/12/2026, 3:17:43 PM] [0m[0;36m[Homebridge UI][0m Starting terminal session
[0;37m[8/12/2026, 3:19:34 PM] [0m[0;36m[Homebridge UI][0m Terminal session ended.
[0;37m[8/12/2026, 3:19:35 PM] [0m[0;36m[Homebridge UI][0m Homebridge restart request received
[0;37m[8/12/2026, 3:19:35 PM] [0m[0;36m[Homebridge UI][0m Sending SIGTERM to process...
[37m[8/12/2026, 3:19:35 PM][0m [36m[HB Supervisor][0m Stopping services...
[37m[8/12/2026, 3:19:35 PM] [39mGot SIGTERM, shutting down Homebridge...
[37m[8/12/2026, 3:19:35 PM] [39mGot SIGTERM, shutting down child bridge process...
[37m[8/12/2026, 3:19:35 PM] [39mGot SIGTERM, shutting down child bridge process...
[37m[8/12/2026, 3:19:40 PM][0m [36m[HB Supervisor][0m Homebridge Process Ended. Code: 143, Signal: null
[37m[8/12/2026, 3:19:42 PM][0m [36m[HB Supervisor][0m OS: Linux 6.8.0-117-generic x64
[37m[8/12/2026, 3:19:42 PM][0m [36m[HB Supervisor][0m Node.js v22.23.2 /opt/homebridge/bin/node
[37m[8/12/2026, 3:19:42 PM][0m [36m[HB Supervisor][0m Homebridge Path: /var/lib/homebridge/node_modules/homebridge/bin/homebridge.js
[37m[8/12/2026, 3:19:42 PM][0m [36m[HB Supervisor][0m UI Path: /opt/homebridge/lib/node_modules/homebridge-config-ui-x/dist/bin/standalone.js
[0;37m[8/12/2026, 3:19:44 PM] [0m[0;36m[Homebridge UI][0m [0;33mHomebridge UI v4.60.1 is listening on :: port 8581[0m
[37m[8/12/2026, 3:19:44 PM][0m [36m[HB Supervisor][0m Starting Homebridge with extra flags: -I -P /var/lib/homebridge/node_modules --strict-plugin-resolution
[37m[8/12/2026, 3:19:44 PM][0m [36m[HB Supervisor][0m Started Homebridge v2.3.1 with PID: 1189
[37m[8/12/2026, 3:19:44 PM] [39mLoaded config.json with 0 accessories and 3 platforms.
[37m[8/12/2026, 3:19:44 PM] [39mLoaded 0 cached accessories from cachedAccessories.
[37m[8/12/2026, 3:19:44 PM] [39m---
[37m[8/12/2026, 3:19:45 PM] [39mLoaded plugin: homebridge-ring@14.3.0
[37m[8/12/2026, 3:19:45 PM] [39mRegistering platform 'homebridge-ring.Ring'
[37m[8/12/2026, 3:19:45 PM] [39m---
[37m[8/12/2026, 3:19:45 PM] [39mLoaded plugin: homebridge-tapo-camera@2.9.6
[37m[8/12/2026, 3:19:45 PM] [39mRegistering platform 'homebridge-tapo-camera.tapo-camera'
[37m[8/12/2026, 3:19:45 PM] [39m---
[37m[8/12/2026, 3:19:45 PM] [39mLoaded plugin: homebridge-z2m@1.11.0
[37m[8/12/2026, 3:19:45 PM] [39mRegistering platform 'homebridge-z2m.zigbee2mqtt'
[37m[8/12/2026, 3:19:45 PM] [39m---
[37m[8/12/2026, 3:19:45 PM] [39mLoading 3 platforms...
[37m[8/12/2026, 3:19:45 PM] [39m[36m[zigbee2mqtt][39m Initializing zigbee2mqtt platform...
[37m[8/12/2026, 3:19:45 PM] [39m[36m[zigbee2mqtt][39m Initializing child bridge 0E:85:25:C6:58:78
[37m[8/12/2026, 3:19:45 PM] [39m[36m[Ring][39m Initializing Ring platform...
[37m[8/12/2026, 3:19:45 PM] [39m[36m[Ring][39m Initializing child bridge 0E:98:C8:CF:BE:1F
Setup Payload:
X-HM://0024GB2GTC3BR
Enter this code with your HomeKit app on your iOS device to pair with Homebridge:
[30m[47m                       [49m[39m
[30m[47m    ┌────────────┐     [49m[39m
[30m[47m    │ 594-16-893 │     [49m[39m
[30m[47m    └────────────┘     [49m[39m
[30m[47m                       [49m[39m
[37m[8/12/2026, 3:19:45 PM] [39m[32mHomebridge v2.3.1 (HAP v2.2.0) (Homebridge BA2C) is running on port 51833.[39m
[37m[8/12/2026, 3:19:46 PM] [39m[36m[homebridge-ring][39m Child bridge starting (pid 1202)...
[37m[8/12/2026, 3:19:46 PM] [39m[36m[homebridge-z2m][39m Child bridge starting (pid 1201)...
[37m[8/12/2026, 3:19:46 PM] [39mRegistering platform 'homebridge-z2m.zigbee2mqtt'
[37m[8/12/2026, 3:19:46 PM] [39m[36m[homebridge-z2m][39m [32mChild bridge started successfully (plugin v1.11.0).[39m
[37m[8/12/2026, 3:19:46 PM] [39mLoaded 7 cached accessories from cachedAccessories.0E8525C65878.
[37m[8/12/2026, 3:19:46 PM] [39m[36m[homebridge-z2m][39m Connecting to MQTT server at mqtt://192.168.0.254:1883
[37m[8/12/2026, 3:19:46 PM] [39m[36m[homebridge-z2m][39m Restoring accessory: Stair Window Blind (0x0ceff6fffea68c9f)
[37m[8/12/2026, 3:19:46 PM] [39m[36m[homebridge-z2m][39m Restoring accessory: IR Controller (0x881a14fffefeb90c)
[37m[8/12/2026, 3:19:46 PM] [39m[36m[homebridge-z2m][39m Restoring accessory: KitchenSensor (0xa4c1385b0afe776f)
[37m[8/12/2026, 3:19:46 PM] [39m[36m[homebridge-z2m][39m Restoring accessory: 0xa4c1382be2a2c9bb (0xa4c1382be2a2c9bb)
[37m[8/12/2026, 3:19:46 PM] [39m[36m[homebridge-z2m][39m Restoring accessory: 0xa4c13850a9de526a (0xa4c13850a9de526a)
[37m[8/12/2026, 3:19:46 PM] [39m[36m[homebridge-z2m][39m Restoring accessory: CurtainRod (0x842712fffe476f83)
[37m[8/12/2026, 3:19:46 PM] [39m[36m[homebridge-z2m][39m Restoring accessory: 0xa4c138b062025916 (0xa4c138b062025916)
[37m[8/12/2026, 3:19:46 PM] [39m[32mHomebridge v2.3.1 (HAP v2.2.0) (homebridge-z2m) is running on port 55785.[39m
[37m[8/12/2026, 3:19:46 PM] [39m[36m[homebridge-z2m][39m Connected to MQTT server
[37m[8/12/2026, 3:19:46 PM] [39m[36m[homebridge-z2m][39m Zigbee2MQTT is ONLINE
[37m[8/12/2026, 3:19:46 PM] [39m[36m[homebridge-z2m][39m Using Zigbee2MQTT v1.41.0 (identified via zigbee2mqtt/bridge/info)
[37m[8/12/2026, 3:19:46 PM] [39mRegistering platform 'homebridge-ring.Ring'
[37m[8/12/2026, 3:19:46 PM] [39m[36m[homebridge-ring][39m [32mChild bridge started successfully (plugin v14.3.0).[39m
[37m[8/12/2026, 3:19:46 PM] [39mLoaded 8 cached accessories from cachedAccessories.0E98C8CFBE1F.
[37m[8/12/2026, 3:19:46 PM] [39m[36m[homebridge-ring][39m Configuring cached accessory ad9d8f33-139c-49f5-b19d-01ef771d75e9 Alarm
[37m[8/12/2026, 3:19:46 PM] [39m[36m[homebridge-ring][39m Configuring cached accessory d83034c6-8acc-41b5-8472-2b196c0da16f Base Station
[37m[8/12/2026, 3:19:46 PM] [39m[36m[homebridge-ring][39m Configuring cached accessory 40a5dd88-aa49-4079-b3ae-042bf8164f54 Main Door
[37m[8/12/2026, 3:19:46 PM] [39m[36m[homebridge-ring][39m Configuring cached accessory 240c1867-c517-4a5f-b141-3286d054b43f Living Room Motion
[37m[8/12/2026, 3:19:46 PM] [39m[36m[homebridge-ring][39m Configuring cached accessory 0c7a7ccb-7d7c-44f2-adda-c97834c5a8a8 Entrance hall Keypad
[37m[8/12/2026, 3:19:46 PM] [39m[36m[homebridge-ring][39m Configuring cached accessory 6bfcffbd-d4c0-4a7b-b9dc-242c8b4b90cf Conservatory Door
[37m[8/12/2026, 3:19:46 PM] [39m[36m[homebridge-ring][39m Configuring cached accessory f90f7eff-cc81-440f-b2aa-f5b16c9db8cc Kitchen Window
[37m[8/12/2026, 3:19:46 PM] [39m[36m[homebridge-ring][39m Configuring cached accessory 5e2c8d9b-3287-49d5-9f2c-a63f3099106e Dining Room Window
[37m[8/12/2026, 3:19:47 PM] [39m[32mHomebridge v2.3.1 (HAP v2.2.0) (homebridge-ring) is running on port 58615.[39m
[0;37m[8/12/2026, 3:19:47 PM] [0m[0;36m[Homebridge UI][0m Starting terminal session
[37m[8/12/2026, 3:19:47 PM] [39m[36m[homebridge-ring][39m Found the following locations:
[37m[8/12/2026, 3:19:47 PM] [39m[36m[homebridge-ring][39m   locationId: 31fec751-e7b7-4c41-a2b5-c850a4d16903 - UK Home
[37m[8/12/2026, 3:19:47 PM] [39m[36m[homebridge-ring][39m Creating location socket.io connection - UK Home
[37m[8/12/2026, 3:19:48 PM] [39m[36m[homebridge-ring][39m Ignoring push notification received in first two seconds after starting up
[37m[8/12/2026, 3:19:48 PM] [39m[36m[homebridge-ring][39m Ignoring push notification received in first two seconds after starting up
[37m[8/12/2026, 3:19:48 PM] [39m[36m[homebridge-ring][39m Ring connected to socket.io server
[37m[8/12/2026, 3:19:49 PM] [39m[36m[homebridge-ring][39m Configuring 2 cameras and 16 devices for location "UK Home" - locationId: 31fec751-e7b7-4c41-a2b5-c850a4d16903
[37m[8/12/2026, 3:19:49 PM] [39m[36m[homebridge-ring][39m Hidden accessory a43913b0-f3bf-4977-82f9-82749323ba25 adapter.shadow Shadow Adapter
[37m[8/12/2026, 3:19:49 PM] [39m[36m[homebridge-ring][39m Configured camera 23e4601d-cf67-451a-aae4-7b0e8df1b231 cocoa_doorbell_v2 Front Door
[37m[8/12/2026, 3:19:49 PM] [39m[36m[homebridge-ring][39m Configured camera 00d47fe9-0b58-4f7b-b0ac-98c7d9017d7d stickup_cam_mini_v2 Conservatory
[37m[8/12/2026, 3:19:49 PM] [39m[32mFront Door FD52 is running on port 45703.[39m
[37m[8/12/2026, 3:19:49 PM] [39mPlease add [Front Door FD52] manually in Home app. Setup Code: 594-16-893
[37m[8/12/2026, 3:19:49 PM] [39m[32mConservatory 04EF is running on port 42221.[39m
[37m[8/12/2026, 3:19:49 PM] [39mPlease add [Conservatory 04EF] manually in Home app. Setup Code: 594-16-893
[0;37m[8/12/2026, 3:19:52 PM] [0m[0;36m[Homebridge UI][0m Running Command: /opt/homebridge/lib/node_modules/homebridge-config-ui-x/scripts/upgrade-install.sh 5.27.0 /opt/homebridge v5.27.0
[0;37m[8/12/2026, 3:46:12 PM] [0m[0;36m[Homebridge UI][0m Terminal session ended.
[0;37m[8/12/2026, 4:42:14 PM] [0m[0;36m[Homebridge UI][0m Starting terminal session
[0;37m[8/12/2026, 4:42:18 PM] [0m[0;36m[Homebridge UI][0m Terminal session ended.
[0;37m[8/12/2026, 4:42:18 PM] [0m[0;36m[Homebridge UI][0m Homebridge restart request received
[0;37m[8/12/2026, 4:42:18 PM] [0m[0;36m[Homebridge UI][0m Sending SIGTERM to process...
[37m[8/12/2026, 4:42:18 PM][0m [36m[HB Supervisor][0m Stopping services...
[37m[8/12/2026, 4:42:18 PM] [39mGot SIGTERM, shutting down Homebridge...
[37m[8/12/2026, 4:42:19 PM] [39mGot SIGTERM, shutting down child bridge process...
[37m[8/12/2026, 4:42:19 PM] [39mGot SIGTERM, shutting down child bridge process...
[37m[8/12/2026, 4:42:24 PM][0m [36m[HB Supervisor][0m Homebridge Process Ended. Code: 143, Signal: null
[0;37m[8/12/2026, 4:42:24 PM] [0m[0;36m[Homebridge UI][0m [homebridge-tapo-camera] Failed to check registry.npmjs.org for updates: "timeout of 10000ms exceeded" - see https://homebridge.io/w/JJSz6 for help.
[37m[8/12/2026, 4:42:26 PM][0m [36m[HB Supervisor][0m [DEBUG] OS: Linux 6.8.0-117-generic x64.
[37m[8/12/2026, 4:42:26 PM][0m [36m[HB Supervisor][0m [DEBUG] Node.js v22.23.2 /opt/homebridge/bin/node.
[37m[8/12/2026, 4:42:26 PM][0m [36m[HB Supervisor][0m [DEBUG] Homebridge path: /var/lib/homebridge/node_modules/homebridge/bin/homebridge.js.
[37m[8/12/2026, 4:42:26 PM][0m [36m[HB Supervisor][0m [DEBUG] UI path: /opt/homebridge/lib/node_modules/homebridge-config-ui-x/dist/bin/standalone.js.
[0;37m[8/12/2026, 4:42:27 PM] [0m[0;36m[Homebridge UI][0m [0;32mHomebridge UI v5.27.0 is listening on :: port 8581.[0m
[37m[8/12/2026, 4:42:28 PM][0m [36m[HB Supervisor][0m [DEBUG] Starting Homebridge with extra flags: -I -P /var/lib/homebridge/node_modules --strict-plugin-resolution.
[37m[8/12/2026, 4:42:28 PM][0m [36m[HB Supervisor][0m [SUCCESS] Started Homebridge v2.3.1 with PID: 6131.
[37m[8/12/2026, 4:42:28 PM] [39mLoaded config.json with 0 accessories and 3 platforms.
[37m[8/12/2026, 4:42:28 PM] [39mLoaded 0 cached accessories from cachedAccessories.
[37m[8/12/2026, 4:42:28 PM] [39m---
[37m[8/12/2026, 4:42:29 PM] [39mLoaded plugin: homebridge-ring@14.3.0
[37m[8/12/2026, 4:42:29 PM] [39mRegistering platform 'homebridge-ring.Ring'
[37m[8/12/2026, 4:42:29 PM] [39m---
[37m[8/12/2026, 4:42:29 PM] [39mLoaded plugin: homebridge-tapo-camera@2.9.6
[37m[8/12/2026, 4:42:29 PM] [39mRegistering platform 'homebridge-tapo-camera.tapo-camera'
[37m[8/12/2026, 4:42:29 PM] [39m---
[37m[8/12/2026, 4:42:29 PM] [39mLoaded plugin: homebridge-z2m@1.11.0
[37m[8/12/2026, 4:42:29 PM] [39mRegistering platform 'homebridge-z2m.zigbee2mqtt'
[37m[8/12/2026, 4:42:29 PM] [39m---
[37m[8/12/2026, 4:42:29 PM] [39mLoading 3 platforms...
[37m[8/12/2026, 4:42:29 PM] [39m[36m[zigbee2mqtt][39m Initializing zigbee2mqtt platform...
[37m[8/12/2026, 4:42:29 PM] [39m[36m[zigbee2mqtt][39m Initializing child bridge 0E:85:25:C6:58:78
[37m[8/12/2026, 4:42:29 PM] [39m[36m[Ring][39m Initializing Ring platform...
[37m[8/12/2026, 4:42:29 PM] [39m[36m[Ring][39m Initializing child bridge 0E:98:C8:CF:BE:1F
Setup Payload:
X-HM://0024GB2GTC3BR
Enter this code with your HomeKit app on your iOS device to pair with Homebridge:
[30m[47m                       [49m[39m
[30m[47m    ┌────────────┐     [49m[39m
[30m[47m    │ 594-16-893 │     [49m[39m
[30m[47m    └────────────┘     [49m[39m
[30m[47m                       [49m[39m
[37m[8/12/2026, 4:42:29 PM] [39m[32mHomebridge v2.3.1 (HAP v2.2.0) (Homebridge BA2C) is running on port 51833.[39m
[37m[8/12/2026, 4:42:30 PM] [39m[36m[homebridge-z2m][39m Child bridge starting (pid 6143)...
[37m[8/12/2026, 4:42:30 PM] [39m[36m[homebridge-ring][39m Child bridge starting (pid 6144)...
[37m[8/12/2026, 4:42:30 PM] [39mRegistering platform 'homebridge-z2m.zigbee2mqtt'
[37m[8/12/2026, 4:42:30 PM] [39m[36m[homebridge-z2m][39m [32mChild bridge started successfully (plugin v1.11.0).[39m
[37m[8/12/2026, 4:42:30 PM] [39mLoaded 7 cached accessories from cachedAccessories.0E8525C65878.
[37m[8/12/2026, 4:42:30 PM] [39m[36m[homebridge-z2m][39m Connecting to MQTT server at mqtt://192.168.0.254:1883
[37m[8/12/2026, 4:42:30 PM] [39m[36m[homebridge-z2m][39m Restoring accessory: Stair Window Blind (0x0ceff6fffea68c9f)
[37m[8/12/2026, 4:42:30 PM] [39m[36m[homebridge-z2m][39m Restoring accessory: IR Controller (0x881a14fffefeb90c)
[37m[8/12/2026, 4:42:30 PM] [39m[36m[homebridge-z2m][39m Restoring accessory: KitchenSensor (0xa4c1385b0afe776f)
[37m[8/12/2026, 4:42:30 PM] [39m[36m[homebridge-z2m][39m Restoring accessory: 0xa4c1382be2a2c9bb (0xa4c1382be2a2c9bb)
[37m[8/12/2026, 4:42:30 PM] [39m[36m[homebridge-z2m][39m Restoring accessory: 0xa4c13850a9de526a (0xa4c13850a9de526a)
[37m[8/12/2026, 4:42:30 PM] [39m[36m[homebridge-z2m][39m Restoring accessory: CurtainRod (0x842712fffe476f83)
[37m[8/12/2026, 4:42:30 PM] [39m[36m[homebridge-z2m][39m Restoring accessory: 0xa4c138b062025916 (0xa4c138b062025916)
[37m[8/12/2026, 4:42:30 PM] [39m[32mHomebridge v2.3.1 (HAP v2.2.0) (homebridge-z2m) is running on port 55785.[39m
[37m[8/12/2026, 4:42:30 PM] [39m[36m[homebridge-z2m][39m Connected to MQTT server
[37m[8/12/2026, 4:42:30 PM] [39m[36m[homebridge-z2m][39m Zigbee2MQTT is ONLINE
[37m[8/12/2026, 4:42:30 PM] [39m[36m[homebridge-z2m][39m Using Zigbee2MQTT v1.41.0 (identified via zigbee2mqtt/bridge/info)
[37m[8/12/2026, 4:42:30 PM] [39mRegistering platform 'homebridge-ring.Ring'
[37m[8/12/2026, 4:42:30 PM] [39m[36m[homebridge-ring][39m [32mChild bridge started successfully (plugin v14.3.0).[39m
[37m[8/12/2026, 4:42:30 PM] [39mLoaded 8 cached accessories from cachedAccessories.0E98C8CFBE1F.
[37m[8/12/2026, 4:42:30 PM] [39m[36m[homebridge-ring][39m Configuring cached accessory ad9d8f33-139c-49f5-b19d-01ef771d75e9 Alarm
[37m[8/12/2026, 4:42:30 PM] [39m[36m[homebridge-ring][39m Configuring cached accessory d83034c6-8acc-41b5-8472-2b196c0da16f Base Station
[37m[8/12/2026, 4:42:30 PM] [39m[36m[homebridge-ring][39m Configuring cached accessory 40a5dd88-aa49-4079-b3ae-042bf8164f54 Main Door
[37m[8/12/2026, 4:42:30 PM] [39m[36m[homebridge-ring][39m Configuring cached accessory 240c1867-c517-4a5f-b141-3286d054b43f Living Room Motion
[37m[8/12/2026, 4:42:30 PM] [39m[36m[homebridge-ring][39m Configuring cached accessory 0c7a7ccb-7d7c-44f2-adda-c97834c5a8a8 Entrance hall Keypad
[37m[8/12/2026, 4:42:30 PM] [39m[36m[homebridge-ring][39m Configuring cached accessory 6bfcffbd-d4c0-4a7b-b9dc-242c8b4b90cf Conservatory Door
[37m[8/12/2026, 4:42:30 PM] [39m[36m[homebridge-ring][39m Configuring cached accessory f90f7eff-cc81-440f-b2aa-f5b16c9db8cc Kitchen Window
[37m[8/12/2026, 4:42:30 PM] [39m[36m[homebridge-ring][39m Configuring cached accessory 5e2c8d9b-3287-49d5-9f2c-a63f3099106e Dining Room Window
[37m[8/12/2026, 4:42:30 PM] [39m[32mHomebridge v2.3.1 (HAP v2.2.0) (homebridge-ring) is running on port 58615.[39m
[37m[8/12/2026, 4:42:31 PM] [39m[36m[homebridge-ring][39m Found the following locations:
[37m[8/12/2026, 4:42:31 PM] [39m[36m[homebridge-ring][39m   locationId: 31fec751-e7b7-4c41-a2b5-c850a4d16903 - UK Home
[37m[8/12/2026, 4:42:31 PM] [39m[36m[homebridge-ring][39m Creating location socket.io connection - UK Home
[37m[8/12/2026, 4:42:32 PM] [39m[36m[homebridge-ring][39m Ignoring push notification received in first two seconds after starting up
[37m[8/12/2026, 4:42:32 PM] [39m[36m[homebridge-ring][39m Ignoring push notification received in first two seconds after starting up
[37m[8/12/2026, 4:42:32 PM] [39m[36m[homebridge-ring][39m Ring connected to socket.io server
[0;37m[8/12/2026, 4:42:32 PM] [0m[0;36m[Homebridge UI][0m Minting hb-session cookie for ken (bootstrap token refresh).
[37m[8/12/2026, 4:42:33 PM] [39m[36m[homebridge-ring][39m Configuring 2 cameras and 16 devices for location "UK Home" - locationId: 31fec751-e7b7-4c41-a2b5-c850a4d16903
[37m[8/12/2026, 4:42:33 PM] [39m[36m[homebridge-ring][39m Hidden accessory a43913b0-f3bf-4977-82f9-82749323ba25 adapter.shadow Shadow Adapter
[37m[8/12/2026, 4:42:33 PM] [39m[36m[homebridge-ring][39m Configured camera 23e4601d-cf67-451a-aae4-7b0e8df1b231 cocoa_doorbell_v2 Front Door
[37m[8/12/2026, 4:42:33 PM] [39m[36m[homebridge-ring][39m Configured camera 00d47fe9-0b58-4f7b-b0ac-98c7d9017d7d stickup_cam_mini_v2 Conservatory
[37m[8/12/2026, 4:42:33 PM] [39m[32mFront Door FD52 is running on port 44641.[39m
[37m[8/12/2026, 4:42:33 PM] [39mPlease add [Front Door FD52] manually in Home app. Setup Code: 594-16-893
[37m[8/12/2026, 4:42:33 PM] [39m[32mConservatory 04EF is running on port 38339.[39m
[37m[8/12/2026, 4:42:33 PM] [39mPlease add [Conservatory 04EF] manually in Home app. Setup Code: 594-16-893
[0;37m[8/12/2026, 4:42:36 PM] [0m[0;36m[Homebridge UI][0m Minting hb-session cookie for ken (bootstrap token refresh).
[0;37m[8/12/2026, 4:42:37 PM] [0m[0;36m[Homebridge UI][0m Minting hb-session cookie for ken (bootstrap token refresh).
[0;37m[8/12/2026, 4:42:43 PM] [0m[0;36m[Homebridge UI][0m Minting hb-session cookie for ken (bootstrap token refresh).
[0;37m[8/12/2026, 4:42:51 PM] [0m[0;36m[Homebridge UI][0m Verifying admin session for ken (admin-guard token refresh).
[0;37m[8/12/2026, 4:45:04 PM] [0m[0;36m[Homebridge UI][0m Minting hb-session cookie for ken (bootstrap token refresh).
[37m[8/12/2026, 6:38:01 PM] [39m[36m[homebridge-z2m][39m [31mZigbee2MQTT is OFFLINE![39m
[37m[8/12/2026, 6:38:53 PM] [39m[36m[homebridge-z2m][39m Zigbee2MQTT is ONLINE
[37m[8/13/2026, 7:39:09 AM] [39m[36m[homebridge-z2m][39m [31mZigbee2MQTT is OFFLINE![39m
[37m[8/13/2026, 7:40:57 AM] [39m[36m[homebridge-z2m][39m Zigbee2MQTT is ONLINE
[37m[8/13/2026, 11:41:14 AM] [39m[36m[homebridge-z2m][39m [31mZigbee2MQTT is OFFLINE![39m
[37m[8/13/2026, 11:43:02 AM] [39m[36m[homebridge-z2m][39m Zigbee2MQTT is ONLINE
[37m[8/13/2026, 3:20:31 PM] [39m[36m[homebridge-z2m][39m [31mZigbee2MQTT is OFFLINE![39m
[37m[8/13/2026, 3:21:22 PM] [39m[36m[homebridge-z2m][39m Zigbee2MQTT is ONLINE
[37m[8/13/2026, 4:42:32 PM] [39m[36m[homebridge-ring][39m Reconnecting location socket.io connection
[37m[8/13/2026, 4:42:33 PM] [39m[36m[homebridge-ring][39m Creating location socket.io connection - UK Home
[37m[8/13/2026, 4:42:33 PM] [39m[36m[homebridge-ring][39m Ring connected to socket.io server
[37m[8/13/2026, 7:21:38 PM] [39m[36m[homebridge-z2m][39m [31mZigbee2MQTT is OFFLINE![39m
[37m[8/13/2026, 7:22:29 PM] [39m[36m[homebridge-z2m][39m Zigbee2MQTT is ONLINE
[37m[8/14/2026, 12:21:55 AM] [39m[36m[homebridge-z2m][39m [31mZigbee2MQTT is OFFLINE![39m
[37m[8/14/2026, 12:23:45 AM] [39m[36m[homebridge-z2m][39m Zigbee2MQTT is ONLINE
[37m[8/14/2026, 7:18:30 AM] [39m[36m[homebridge-z2m][39m [31mZigbee2MQTT is OFFLINE![39m
[37m[8/14/2026, 7:19:23 AM] [39m[36m[homebridge-z2m][39m Zigbee2MQTT is ONLINE
[37m[8/14/2026, 10:54:53 AM] [39m[36m[homebridge-ring][39m Preparing Live Stream for Front Door
[37m[8/14/2026, 10:54:53 AM] [39m[36m[homebridge-ring][39m Stream Prepared for Front Door (0.458s)
[37m[8/14/2026, 10:54:53 AM] [39m[36m[homebridge-ring][39m Activating stream for Front Door (0.558s)
[37m[8/14/2026, 10:54:54 AM] [39m[36m[homebridge-ring][39m iceConnectionStateChange: checking
[37m[8/14/2026, 10:54:54 AM] [39m[36m[homebridge-ring][39m iceConnectionStateChange: completed
[37m[8/14/2026, 10:54:54 AM] [39m[36m[homebridge-ring][39m connectionStateChange: connecting
[37m[8/14/2026, 10:54:54 AM] [39m[36m[homebridge-ring][39m iceConnectionStateChange: checking
[37m[8/14/2026, 10:54:54 AM] [39m[36m[homebridge-ring][39m connectionStateChange: connecting
[37m[8/14/2026, 10:54:54 AM] [39m[36m[homebridge-ring][39m Activating Session
[37m[8/14/2026, 10:54:54 AM] [39m[36m[homebridge-ring][39m Streaming active for Front Door (1.06s)
[37m[8/14/2026, 10:54:55 AM] [39m[36m[homebridge-ring][39m iceConnectionStateChange: connected
[37m[8/14/2026, 10:54:55 AM] [39m[36m[homebridge-ring][39m connectionStateChange: connected
[37m[8/14/2026, 10:54:56 AM] [39m[36m[homebridge-ring][39m Received stream data from Front Door (3.313s)
[37m[8/14/2026, 10:55:34 AM] [39m[36m[homebridge-ring][39m Stopped Live Stream for Front Door
[37m[8/14/2026, 10:55:34 AM] [39m[36m[homebridge-ring][39m connectionStateChange: closed
[37m[8/14/2026, 10:55:34 AM] [39m[36m[homebridge-ring][39m iceConnectionStateChange: closed
[37m[8/14/2026, 4:42:33 PM] [39m[36m[homebridge-ring][39m Reconnecting location socket.io connection
[37m[8/14/2026, 4:42:34 PM] [39m[36m[homebridge-ring][39m Creating location socket.io connection - UK Home
[37m[8/14/2026, 4:42:34 PM] [39m[36m[homebridge-ring][39m Ring connected to socket.io server
[37m[8/14/2026, 8:19:39 PM] [39m[36m[homebridge-z2m][39m [31mZigbee2MQTT is OFFLINE![39m
[37m[8/14/2026, 8:20:31 PM] [39m[36m[homebridge-z2m][39m Zigbee2MQTT is ONLINE
[37m[8/15/2026, 1:34:21 AM] [39m[36m[homebridge-ring][39m Location connection told to reconnect
[37m[8/15/2026, 1:34:21 AM] [39m[36m[homebridge-ring][39m Reconnecting location socket.io connection
[37m[8/15/2026, 1:34:22 AM] [39m[36m[homebridge-ring][39m Creating location socket.io connection - UK Home
[37m[8/15/2026, 1:34:23 AM] [39m[36m[homebridge-ring][39m Ring connected to socket.io server
[37m[8/15/2026, 1:34:23 AM] [39m[36m[homebridge-ring][39m [31mRing base_station_v1 643d9320-b6ce-41ac-48a8-cd1b91239331 is offline or on cellular backup.  Waiting for status to change[39m
[37m[8/15/2026, 1:35:53 AM] [39m[36m[homebridge-ring][39m Ring base_station_v1 643d9320-b6ce-41ac-48a8-cd1b91239331 has come back online
[37m[8/15/2026, 2:20:47 AM] [39m[36m[homebridge-z2m][39m [31mZigbee2MQTT is OFFLINE![39m
[37m[8/15/2026, 2:21:39 AM] [39m[36m[homebridge-z2m][39m Zigbee2MQTT is ONLINE
[37m[8/15/2026, 4:28:12 AM] [39m[36m[homebridge-z2m][39m [31mZigbee2MQTT is OFFLINE![39m
[37m[8/15/2026, 4:29:02 AM] [39m[36m[homebridge-z2m][39m Zigbee2MQTT is ONLINE
[37m[8/15/2026, 12:29:18 PM] [39m[36m[homebridge-z2m][39m [31mZigbee2MQTT is OFFLINE![39m
[37m[8/15/2026, 12:30:09 PM] [39m[36m[homebridge-z2m][39m Zigbee2MQTT is ONLINE
[37m[8/15/2026, 2:10:08 PM] [39m[36m[homebridge-z2m][39m [31mZigbee2MQTT is OFFLINE![39m
[37m[8/15/2026, 2:10:59 PM] [39m[36m[homebridge-z2m][39m Zigbee2MQTT is ONLINE
[37m[8/15/2026, 4:11:15 PM] [39m[36m[homebridge-z2m][39m [31mZigbee2MQTT is OFFLINE![39m
[37m[8/15/2026, 4:12:09 PM] [39m[36m[homebridge-z2m][39m Zigbee2MQTT is ONLINE
[37m[8/16/2026, 1:34:22 AM] [39m[36m[homebridge-ring][39m Reconnecting location socket.io connection
[37m[8/16/2026, 1:34:23 AM] [39m[36m[homebridge-ring][39m Creating location socket.io connection - UK Home
[37m[8/16/2026, 1:34:23 AM] [39m[36m[homebridge-ring][39m Ring connected to socket.io server
[37m[8/16/2026, 3:12:26 AM] [39m[36m[homebridge-z2m][39m [31mZigbee2MQTT is OFFLINE![39m
[37m[8/16/2026, 3:13:17 AM] [39m[36m[homebridge-z2m][39m Zigbee2MQTT is ONLINE
[37m[8/16/2026, 9:13:33 AM] [39m[36m[homebridge-z2m][39m [31mZigbee2MQTT is OFFLINE![39m
[37m[8/16/2026, 9:14:24 AM] [39m[36m[homebridge-z2m][39m Zigbee2MQTT is ONLINE
[37m[8/16/2026, 1:14:41 PM] [39m[36m[homebridge-z2m][39m [31mZigbee2MQTT is OFFLINE![39m
[37m[8/16/2026, 1:15:31 PM] [39m[36m[homebridge-z2m][39m Zigbee2MQTT is ONLINE
[37m[8/16/2026, 6:15:47 PM] [39m[36m[homebridge-z2m][39m [31mZigbee2MQTT is OFFLINE![39m
[37m[8/16/2026, 6:16:38 PM] [39m[36m[homebridge-z2m][39m Zigbee2MQTT is ONLINE
[37m[8/16/2026, 11:59:27 PM] [39m[36m[homebridge-z2m][39m [31mZigbee2MQTT is OFFLINE![39m
[37m[8/17/2026, 12:00:21 AM] [39m[36m[homebridge-z2m][39m Zigbee2MQTT is ONLINE
[37m[8/17/2026, 1:34:23 AM] [39m[36m[homebridge-ring][39m Reconnecting location socket.io connection
[37m[8/17/2026, 1:34:24 AM] [39m[36m[homebridge-ring][39m Creating location socket.io connection - UK Home
[37m[8/17/2026, 1:34:24 AM] [39m[36m[homebridge-ring][39m Ring connected to socket.io server
[37m[8/17/2026, 10:00:37 AM] [39m[36m[homebridge-z2m][39m [31mZigbee2MQTT is OFFLINE![39m
[37m[8/17/2026, 10:01:29 AM] [39m[36m[homebridge-z2m][39m Zigbee2MQTT is ONLINE
[37m[8/17/2026, 10:57:05 PM] [39m[36m[homebridge-ring][39m Location connection told to reconnect
[37m[8/17/2026, 10:57:05 PM] [39m[36m[homebridge-ring][39m Reconnecting location socket.io connection
[37m[8/17/2026, 10:57:06 PM] [39m[36m[homebridge-ring][39m Creating location socket.io connection - UK Home
[37m[8/17/2026, 10:57:07 PM] [39m[36m[homebridge-ring][39m Ring connected to socket.io server
[37m[8/17/2026, 10:57:07 PM] [39m[36m[homebridge-ring][39m [31mRing base_station_v1 643d9320-b6ce-41ac-48a8-cd1b91239331 is offline or on cellular backup.  Waiting for status to change[39m
[37m[8/17/2026, 10:57:17 PM] [39m[36m[homebridge-ring][39m Ring base_station_v1 643d9320-b6ce-41ac-48a8-cd1b91239331 has come back online
[37m[8/18/2026, 1:01:46 AM] [39m[36m[homebridge-z2m][39m [31mZigbee2MQTT is OFFLINE![39m
[37m[8/18/2026, 1:02:37 AM] [39m[36m[homebridge-z2m][39m Zigbee2MQTT is ONLINE
[37m[8/18/2026, 5:02:53 AM] [39m[36m[homebridge-z2m][39m [31mZigbee2MQTT is OFFLINE![39m
[37m[8/18/2026, 5:03:43 AM] [39m[36m[homebridge-z2m][39m Zigbee2MQTT is ONLINE
[37m[8/18/2026, 3:03:59 PM] [39m[36m[homebridge-z2m][39m [31mZigbee2MQTT is OFFLINE![39m
[37m[8/18/2026, 3:04:50 PM] [39m[36m[homebridge-z2m][39m Zigbee2MQTT is ONLINE
[37m[8/18/2026, 8:05:06 PM] [39m[36m[homebridge-z2m][39m [31mZigbee2MQTT is OFFLINE![39m
[37m[8/18/2026, 8:05:57 PM] [39m[36m[homebridge-z2m][39m Zigbee2MQTT is ONLINE
[37m[8/18/2026, 10:57:07 PM] [39m[36m[homebridge-ring][39m Reconnecting location socket.io connection
[37m[8/18/2026, 10:57:08 PM] [39m[36m[homebridge-ring][39m Creating location socket.io connection - UK Home
[37m[8/18/2026, 10:57:08 PM] [39m[36m[homebridge-ring][39m Ring connected to socket.io server
[37m[8/19/2026, 5:49:34 AM] [39m[36m[homebridge-z2m][39m [31mZigbee2MQTT is OFFLINE![39m
[37m[8/19/2026, 5:50:26 AM] [39m[36m[homebridge-z2m][39m Zigbee2MQTT is ONLINE
[37m[8/19/2026, 2:40:45 PM] [39m[36m[homebridge-z2m][39m [31mDisconnected from MQTT server![39m
[37m[8/19/2026, 2:41:40 PM] [39m[36m[homebridge-z2m][39m Connected to MQTT server
[37m[8/19/2026, 2:43:20 PM] [39m[36m[homebridge-z2m][39m [31mZigbee2MQTT is OFFLINE![39m
[37m[8/19/2026, 2:44:27 PM] [39m[36m[homebridge-z2m][39m Zigbee2MQTT is ONLINE
[37m[8/19/2026, 2:45:32 PM] [39m[36m[homebridge-ring][39m [31mRetry #1 failed to reach Ring server at https://api.ring.com/clients_api/ring_devices.  Error: fetch failed, Cause: getaddrinfo EAI_AGAIN api.ring.com, Code: EAI_AGAIN.  Trying again in 5 seconds...[39m
[37m[8/19/2026, 2:46:02 PM] [39m[36m[homebridge-ring][39m Reconnecting location socket.io connection
[37m[8/19/2026, 2:46:03 PM] [39m[36m[homebridge-ring][39m Creating location socket.io connection - UK Home
[37m[8/19/2026, 2:46:03 PM] [39m[36m[homebridge-ring][39m Ring connected to socket.io server
[37m[8/19/2026, 2:46:03 PM] [39m[36m[homebridge-ring][39m [31mRing base_station_v1 643d9320-b6ce-41ac-48a8-cd1b91239331 is offline or on cellular backup.  Waiting for status to change[39m
[37m[8/19/2026, 2:46:21 PM] [39m[36m[homebridge-z2m][39m [31mZigbee2MQTT is OFFLINE![39m
[37m[8/19/2026, 2:46:34 PM] [39m[36m[homebridge-ring][39m Ring base_station_v1 643d9320-b6ce-41ac-48a8-cd1b91239331 has come back online
[37m[8/19/2026, 2:47:10 PM] [39m[36m[homebridge-z2m][39m Zigbee2MQTT is ONLINE
[37m[8/19/2026, 2:55:14 PM] [39m[36m[homebridge-z2m][39m [31mZigbee2MQTT is OFFLINE![39m
[37m[8/19/2026, 2:55:58 PM] [39m[36m[homebridge-z2m][39m Zigbee2MQTT is ONLINE
[37m[8/19/2026, 3:00:29 PM] [39m[36m[homebridge-z2m][39m [31mZigbee2MQTT is OFFLINE![39m
[37m[8/19/2026, 3:01:11 PM] [39m[36m[homebridge-z2m][39m Zigbee2MQTT is ONLINE
[37m[8/19/2026, 3:06:18 PM] [39m[36m[homebridge-ring][39m Location connection told to reconnect
[37m[8/19/2026, 3:06:18 PM] [39m[36m[homebridge-ring][39m Reconnecting location socket.io connection
[37m[8/19/2026, 3:06:19 PM] [39m[36m[homebridge-ring][39m Creating location socket.io connection - UK Home
[37m[8/19/2026, 3:06:20 PM] [39m[36m[homebridge-ring][39m Ring connected to socket.io server
[37m[8/19/2026, 3:06:20 PM] [39m[36m[homebridge-ring][39m [31mRing base_station_v1 643d9320-b6ce-41ac-48a8-cd1b91239331 is offline or on cellular backup.  Waiting for status to change[39m
[37m[8/19/2026, 3:10:10 PM] [39m[36m[homebridge-z2m][39m [31mDisconnected from MQTT server![39m
[37m[8/19/2026, 3:10:20 PM] [39m[36m[homebridge-ring][39m Ring base_station_v1 643d9320-b6ce-41ac-48a8-cd1b91239331 has come back online
[37m[8/20/2026, 6:31:47 AM] [39m[36m[homebridge-ring][39m Location connection told to reconnect
[37m[8/20/2026, 6:31:47 AM] [39m[36m[homebridge-ring][39m Reconnecting location socket.io connection
[37m[8/20/2026, 6:31:48 AM] [39m[36m[homebridge-ring][39m Creating location socket.io connection - UK Home
[37m[8/20/2026, 6:31:49 AM] [39m[36m[homebridge-ring][39m Ring connected to socket.io server
[37m[8/20/2026, 6:31:49 AM] [39m[36m[homebridge-ring][39m [31mRing base_station_v1 643d9320-b6ce-41ac-48a8-cd1b91239331 is offline or on cellular backup.  Waiting for status to change[39m
Warning: no IPv4 address available on wlp3s0b1
Warning: no IPv4 address available on wlp3s0b1
Warning: no IPv4 address available on wlp3s0b1
[37m[8/20/2026, 6:33:49 AM] [39m[36m[homebridge-ring][39m Ring base_station_v1 643d9320-b6ce-41ac-48a8-cd1b91239331 has come back online
AssertionError [ERR_ASSERTION]: IP address version must match. Netmask cannot have a version different from the address!
    at getNetAddress (/homebridge/node_modules/homebridge/node_modules/@homebridge/ciao/src/util/domain-formatter.ts:269:9)
    at MDNSServer.handleMessage (/homebridge/node_modules/homebridge/node_modules/@homebridge/ciao/src/MDNSServer.ts:682:42)
    at Socket.<anonymous> (/homebridge/node_modules/homebridge/node_modules/@homebridge/ciao/src/MDNSServer.ts:571:69)
    at Socket.emit (node:events:519:28)
    at UDP.onMessage (node:dgram:991:8)
[37m[8/20/2026, 6:35:27 AM] [39m[36m[homebridge-ring][39m [33mChild bridge ended (code 1, signal null). The child bridge ended unexpectedly, which is normally due to the plugin not catching its errors properly. Please report this to the plugin developer by clicking on the 'Report An Issue' option in the plugin menu dropdown from the Homebridge UI. If there are related logs shown above, please include them in your report.[39m
[37m[8/20/2026, 6:35:27 AM] [39m[36m[homebridge-ring][39m Child bridge will automatically restart in 10 seconds (restart attempt 1 of 4).
[37m[8/20/2026, 6:35:40 AM] [39m[36m[homebridge-ring][39m Child bridge starting (pid 202937)...
[37m[8/20/2026, 6:35:52 AM] [39mRegistering platform 'homebridge-ring.Ring'
[37m[8/20/2026, 6:35:52 AM] [39m[36m[homebridge-ring][39m [32mChild bridge started successfully (plugin v14.3.0).[39m
[37m[8/20/2026, 6:35:52 AM] [39mLoaded 8 cached accessories from cachedAccessories.0E98C8CFBE1F.
[37m[8/20/2026, 6:35:53 AM] [39m[36m[homebridge-ring][39m Configuring cached accessory ad9d8f33-139c-49f5-b19d-01ef771d75e9 Alarm
[37m[8/20/2026, 6:35:53 AM] [39m[36m[homebridge-ring][39m Configuring cached accessory d83034c6-8acc-41b5-8472-2b196c0da16f Base Station
[37m[8/20/2026, 6:35:53 AM] [39m[36m[homebridge-ring][39m Configuring cached accessory 40a5dd88-aa49-4079-b3ae-042bf8164f54 Main Door
[37m[8/20/2026, 6:35:53 AM] [39m[36m[homebridge-ring][39m Configuring cached accessory 240c1867-c517-4a5f-b141-3286d054b43f Living Room Motion
[37m[8/20/2026, 6:35:53 AM] [39m[36m[homebridge-ring][39m Configuring cached accessory 0c7a7ccb-7d7c-44f2-adda-c97834c5a8a8 Entrance hall Keypad
[37m[8/20/2026, 6:35:53 AM] [39m[36m[homebridge-ring][39m Configuring cached accessory 6bfcffbd-d4c0-4a7b-b9dc-242c8b4b90cf Conservatory Door
[37m[8/20/2026, 6:35:53 AM] [39m[36m[homebridge-ring][39m Configuring cached accessory f90f7eff-cc81-440f-b2aa-f5b16c9db8cc Kitchen Window
[37m[8/20/2026, 6:35:53 AM] [39m[36m[homebridge-ring][39m Configuring cached accessory 5e2c8d9b-3287-49d5-9f2c-a63f3099106e Dining Room Window
[37m[8/20/2026, 6:35:53 AM] [39m[32mHomebridge v2.3.1 (HAP v2.2.0) (homebridge-ring) is running on port 58615.[39m
[37m[8/20/2026, 6:35:54 AM] [39m[36m[homebridge-ring][39m Found the following locations:
[37m[8/20/2026, 6:35:54 AM] [39m[36m[homebridge-ring][39m   locationId: 31fec751-e7b7-4c41-a2b5-c850a4d16903 - UK Home
[37m[8/20/2026, 6:35:54 AM] [39m[36m[homebridge-ring][39m Creating location socket.io connection - UK Home
[37m[8/20/2026, 6:35:54 AM] [39m[36m[homebridge-ring][39m Ignoring push notification received in first two seconds after starting up
[37m[8/20/2026, 6:35:54 AM] [39m[36m[homebridge-ring][39m Ignoring push notification received in first two seconds after starting up
[37m[8/20/2026, 6:35:54 AM] [39m[36m[homebridge-ring][39m Ring connected to socket.io server
[37m[8/20/2026, 6:36:14 AM] [39m[36m[homebridge-ring][39m [31mRing base_station_v1 643d9320-b6ce-41ac-48a8-cd1b91239331 is offline or on cellular backup.  Waiting for status to change[39m
[37m[8/20/2026, 6:36:31 AM] [39m[36m[homebridge-ring][39m Location connection told to reconnect
[37m[8/20/2026, 6:36:31 AM] [39m[36m[homebridge-ring][39m Reconnecting location socket.io connection
[37m[8/20/2026, 6:36:32 AM] [39m[36m[homebridge-ring][39m Creating location socket.io connection - UK Home
[37m[8/20/2026, 6:36:32 AM] [39m[36m[homebridge-ring][39m Ring connected to socket.io server
[37m[8/20/2026, 6:36:32 AM] [39m[36m[homebridge-ring][39m [31mRing base_station_v1 643d9320-b6ce-41ac-48a8-cd1b91239331 is offline or on cellular backup.  Waiting for status to change[39m
Warning: no IPv4 address available on wlp3s0b1
[37m[8/20/2026, 6:38:03 AM] [39m[36m[homebridge-ring][39m Ring base_station_v1 643d9320-b6ce-41ac-48a8-cd1b91239331 has come back online
[37m[8/20/2026, 6:38:03 AM] [39m[36m[homebridge-ring][39m Configuring 2 cameras and 16 devices for location "UK Home" - locationId: 31fec751-e7b7-4c41-a2b5-c850a4d16903
[37m[8/20/2026, 6:38:03 AM] [39m[36m[homebridge-ring][39m Hidden accessory a43913b0-f3bf-4977-82f9-82749323ba25 adapter.shadow Shadow Adapter
[37m[8/20/2026, 6:38:03 AM] [39m[36m[homebridge-ring][39m Configured camera 23e4601d-cf67-451a-aae4-7b0e8df1b231 cocoa_doorbell_v2 Front Door
[37m[8/20/2026, 6:38:03 AM] [39m[36m[homebridge-ring][39m Configured camera 00d47fe9-0b58-4f7b-b0ac-98c7d9017d7d stickup_cam_mini_v2 Conservatory
[37m[8/20/2026, 6:38:03 AM] [39m[32mFront Door FD52 is running on port 44453.[39m
[37m[8/20/2026, 6:38:03 AM] [39mPlease add [Front Door FD52] manually in Home app. Setup Code: 594-16-893
[37m[8/20/2026, 6:38:03 AM] [39m[32mConservatory 04EF is running on port 43453.[39m
[37m[8/20/2026, 6:38:03 AM] [39mPlease add [Conservatory 04EF] manually in Home app. Setup Code: 594-16-893
[37m[8/20/2026, 6:44:47 AM] [39m[36m[homebridge-ring][39m Preparing Live Stream for Front Door
[37m[8/20/2026, 6:44:47 AM] [39m[36m[homebridge-ring][39m Stream Prepared for Front Door (0.401s)
[37m[8/20/2026, 6:44:47 AM] [39m[36m[homebridge-ring][39m Activating stream for Front Door (0.499s)
[37m[8/20/2026, 6:44:48 AM] [39m[36m[homebridge-ring][39m iceConnectionStateChange: checking
[37m[8/20/2026, 6:44:48 AM] [39m[36m[homebridge-ring][39m iceConnectionStateChange: completed
[37m[8/20/2026, 6:44:48 AM] [39m[36m[homebridge-ring][39m connectionStateChange: connecting
[37m[8/20/2026, 6:44:48 AM] [39m[36m[homebridge-ring][39m iceConnectionStateChange: checking
[37m[8/20/2026, 6:44:48 AM] [39m[36m[homebridge-ring][39m connectionStateChange: connecting
[37m[8/20/2026, 6:44:48 AM] [39m[36m[homebridge-ring][39m Activating Session
[37m[8/20/2026, 6:44:48 AM] [39m[36m[homebridge-ring][39m Streaming active for Front Door (0.989s)
[37m[8/20/2026, 6:44:49 AM] [39m[36m[homebridge-ring][39m iceConnectionStateChange: connected
[37m[8/20/2026, 6:44:49 AM] [39m[36m[homebridge-ring][39m connectionStateChange: connected
[37m[8/20/2026, 6:44:50 AM] [39m[36m[homebridge-ring][39m Received stream data from Front Door (2.619s)
[37m[8/20/2026, 6:45:17 AM] [39m[36m[homebridge-ring][39m Stopped Live Stream for Front Door
[37m[8/20/2026, 6:45:17 AM] [39m[36m[homebridge-ring][39m connectionStateChange: closed
[37m[8/20/2026, 6:45:17 AM] [39m[36m[homebridge-ring][39m iceConnectionStateChange: closed
[37m[8/20/2026, 6:45:23 AM] [39m[36m[homebridge-ring][39m Preparing Live Stream for Front Door
[37m[8/20/2026, 6:45:23 AM] [39m[36m[homebridge-ring][39m Stream Prepared for Front Door (0.095s)
[37m[8/20/2026, 6:45:23 AM] [39m[36m[homebridge-ring][39m Activating stream for Front Door (0.151s)
[37m[8/20/2026, 6:45:23 AM] [39m[36m[homebridge-ring][39m iceConnectionStateChange: checking
[37m[8/20/2026, 6:45:23 AM] [39m[36m[homebridge-ring][39m iceConnectionStateChange: completed
[37m[8/20/2026, 6:45:23 AM] [39m[36m[homebridge-ring][39m connectionStateChange: connecting
[37m[8/20/2026, 6:45:23 AM] [39m[36m[homebridge-ring][39m iceConnectionStateChange: checking
[37m[8/20/2026, 6:45:23 AM] [39m[36m[homebridge-ring][39m connectionStateChange: connecting
[37m[8/20/2026, 6:45:23 AM] [39m[36m[homebridge-ring][39m Activating Session
[37m[8/20/2026, 6:45:23 AM] [39m[36m[homebridge-ring][39m Streaming active for Front Door (0.64s)
[37m[8/20/2026, 6:45:24 AM] [39m[36m[homebridge-ring][39m iceConnectionStateChange: connected
[37m[8/20/2026, 6:45:24 AM] [39m[36m[homebridge-ring][39m connectionStateChange: connected
[37m[8/20/2026, 6:45:24 AM] [39m[36m[homebridge-ring][39m Received stream data from Front Door (1.258s)
[37m[8/20/2026, 6:45:53 AM] [39m[36m[homebridge-ring][39m Stopped Live Stream for Front Door
[37m[8/20/2026, 6:45:53 AM] [39m[36m[homebridge-ring][39m connectionStateChange: closed
[37m[8/20/2026, 6:45:53 AM] [39m[36m[homebridge-ring][39m iceConnectionStateChange: closed
[37m[8/20/2026, 7:00:07 AM] [39m[36m[homebridge-z2m][39m Connected to MQTT server
[37m[8/20/2026, 7:01:37 AM] [39m[36m[homebridge-z2m][39m [31mDisconnected from MQTT server![39m
[37m[8/20/2026, 7:23:14 AM][0m [36m[HB Supervisor][0m [DEBUG] OS: Linux 6.8.0-138-generic x64.
[37m[8/20/2026, 7:23:14 AM][0m [36m[HB Supervisor][0m [DEBUG] Node.js v22.23.2 /opt/homebridge/bin/node.
[37m[8/20/2026, 7:23:14 AM][0m [36m[HB Supervisor][0m [DEBUG] Homebridge path: /var/lib/homebridge/node_modules/homebridge/bin/homebridge.js.
[37m[8/20/2026, 7:23:14 AM][0m [36m[HB Supervisor][0m [DEBUG] UI path: /opt/homebridge/lib/node_modules/homebridge-config-ui-x/dist/bin/standalone.js.
[0;37m[8/20/2026, 7:24:22 AM] [0m[0;36m[Homebridge UI][0m [0;32mHomebridge UI v5.27.0 is listening on :: port 8581.[0m
[37m[8/20/2026, 7:24:26 AM][0m [36m[HB Supervisor][0m [DEBUG] Starting Homebridge with extra flags: -I -P /var/lib/homebridge/node_modules --strict-plugin-resolution.
[37m[8/20/2026, 7:24:26 AM][0m [36m[HB Supervisor][0m [SUCCESS] Started Homebridge v2.3.1 with PID: 153.
[37m[8/20/2026, 7:24:39 AM] [39mLoaded config.json with 0 accessories and 3 platforms.
[37m[8/20/2026, 7:24:39 AM] [39mLoaded 0 cached accessories from cachedAccessories.
[37m[8/20/2026, 7:24:39 AM] [39m---
[37m[8/20/2026, 7:25:17 AM] [39mLoaded plugin: homebridge-ring@14.3.0
[37m[8/20/2026, 7:25:17 AM] [39mRegistering platform 'homebridge-ring.Ring'
[37m[8/20/2026, 7:25:17 AM] [39m---
[37m[8/20/2026, 7:25:20 AM] [39mLoaded plugin: homebridge-tapo-camera@2.9.6
[37m[8/20/2026, 7:25:20 AM] [39mRegistering platform 'homebridge-tapo-camera.tapo-camera'
[37m[8/20/2026, 7:25:20 AM] [39m---
[37m[8/20/2026, 7:25:25 AM] [39mLoaded plugin: homebridge-z2m@1.11.0
[37m[8/20/2026, 7:25:25 AM] [39mRegistering platform 'homebridge-z2m.zigbee2mqtt'
[37m[8/20/2026, 7:25:25 AM] [39m---
[37m[8/20/2026, 7:25:25 AM] [39mLoading 3 platforms...
[37m[8/20/2026, 7:25:25 AM] [39m[36m[zigbee2mqtt][39m Initializing zigbee2mqtt platform...
[37m[8/20/2026, 7:25:25 AM] [39m[36m[zigbee2mqtt][39m Initializing child bridge 0E:85:25:C6:58:78
[37m[8/20/2026, 7:25:25 AM] [39m[36m[Ring][39m Initializing Ring platform...
[37m[8/20/2026, 7:25:25 AM] [39m[36m[Ring][39m Initializing child bridge 0E:98:C8:CF:BE:1F
Setup Payload:
X-HM://0024GB2GTC3BR
Enter this code with your HomeKit app on your iOS device to pair with Homebridge:
[30m[47m                       [49m[39m
[30m[47m    ┌────────────┐     [49m[39m
[30m[47m    │ 594-16-893 │     [49m[39m
[30m[47m    └────────────┘     [49m[39m
[30m[47m                       [49m[39m
[37m[8/20/2026, 7:25:26 AM] [39m[32mHomebridge v2.3.1 (HAP v2.2.0) (Homebridge BA2C) is running on port 51833.[39m
[37m[8/20/2026, 7:25:26 AM] [39m[36m[homebridge-z2m][39m Child bridge starting (pid 186)...
[37m[8/20/2026, 7:25:26 AM] [39m[36m[homebridge-ring][39m Child bridge starting (pid 187)...
[37m[8/20/2026, 7:25:26 AM] [39mRegistering platform 'homebridge-z2m.zigbee2mqtt'
[37m[8/20/2026, 7:25:26 AM] [39m[36m[homebridge-z2m][39m [32mChild bridge started successfully (plugin v1.11.0).[39m
[37m[8/20/2026, 7:25:26 AM] [39mLoaded 7 cached accessories from cachedAccessories.0E8525C65878.
[37m[8/20/2026, 7:25:26 AM] [39m[36m[homebridge-z2m][39m Connecting to MQTT server at mqtt://192.168.0.254:1883
[37m[8/20/2026, 7:25:26 AM] [39mRegistering platform 'homebridge-ring.Ring'
[37m[8/20/2026, 7:25:27 AM] [39m[36m[homebridge-ring][39m [32mChild bridge started successfully (plugin v14.3.0).[39m
[37m[8/20/2026, 7:25:27 AM] [39mLoaded 8 cached accessories from cachedAccessories.0E98C8CFBE1F.
[37m[8/20/2026, 7:25:27 AM] [39m[36m[homebridge-ring][39m Configuring cached accessory ad9d8f33-139c-49f5-b19d-01ef771d75e9 Alarm
[37m[8/20/2026, 7:25:27 AM] [39m[36m[homebridge-ring][39m Configuring cached accessory d83034c6-8acc-41b5-8472-2b196c0da16f Base Station
[37m[8/20/2026, 7:25:27 AM] [39m[36m[homebridge-ring][39m Configuring cached accessory 40a5dd88-aa49-4079-b3ae-042bf8164f54 Main Door
[37m[8/20/2026, 7:25:27 AM] [39m[36m[homebridge-ring][39m Configuring cached accessory 240c1867-c517-4a5f-b141-3286d054b43f Living Room Motion
[37m[8/20/2026, 7:25:27 AM] [39m[36m[homebridge-ring][39m Configuring cached accessory 0c7a7ccb-7d7c-44f2-adda-c97834c5a8a8 Entrance hall Keypad
[37m[8/20/2026, 7:25:27 AM] [39m[36m[homebridge-ring][39m Configuring cached accessory 6bfcffbd-d4c0-4a7b-b9dc-242c8b4b90cf Conservatory Door
[37m[8/20/2026, 7:25:27 AM] [39m[36m[homebridge-ring][39m Configuring cached accessory f90f7eff-cc81-440f-b2aa-f5b16c9db8cc Kitchen Window
[37m[8/20/2026, 7:25:27 AM] [39m[36m[homebridge-ring][39m Configuring cached accessory 5e2c8d9b-3287-49d5-9f2c-a63f3099106e Dining Room Window
[37m[8/20/2026, 7:25:27 AM] [39m[32mHomebridge v2.3.1 (HAP v2.2.0) (homebridge-ring) is running on port 58615.[39m
[37m[8/20/2026, 7:25:27 AM] [39m[36m[homebridge-z2m][39m Restoring accessory: Stair Window Blind (0x0ceff6fffea68c9f)
[37m[8/20/2026, 7:25:27 AM] [39m[36m[homebridge-z2m][39m Restoring accessory: IR Controller (0x881a14fffefeb90c)
[37m[8/20/2026, 7:25:27 AM] [39m[36m[homebridge-z2m][39m Restoring accessory: KitchenSensor (0xa4c1385b0afe776f)
[37m[8/20/2026, 7:25:27 AM] [39m[36m[homebridge-z2m][39m Restoring accessory: 0xa4c1382be2a2c9bb (0xa4c1382be2a2c9bb)
[37m[8/20/2026, 7:25:27 AM] [39m[36m[homebridge-z2m][39m Restoring accessory: 0xa4c13850a9de526a (0xa4c13850a9de526a)
[37m[8/20/2026, 7:25:27 AM] [39m[36m[homebridge-z2m][39m Restoring accessory: CurtainRod (0x842712fffe476f83)
[37m[8/20/2026, 7:25:27 AM] [39m[36m[homebridge-z2m][39m Restoring accessory: 0xa4c138b062025916 (0xa4c138b062025916)
[37m[8/20/2026, 7:25:27 AM] [39m[32mHomebridge v2.3.1 (HAP v2.2.0) (homebridge-z2m) is running on port 55785.[39m
[37m[8/20/2026, 7:25:27 AM] [39m[36m[homebridge-z2m][39m Connected to MQTT server
[37m[8/20/2026, 7:25:27 AM] [39m[36m[homebridge-z2m][39m Zigbee2MQTT is ONLINE
[37m[8/20/2026, 7:25:27 AM] [39m[36m[homebridge-z2m][39m Using Zigbee2MQTT v1.41.0 (identified via zigbee2mqtt/bridge/info)
[37m[8/20/2026, 7:25:28 AM] [39m[36m[homebridge-ring][39m Found the following locations:
[37m[8/20/2026, 7:25:28 AM] [39m[36m[homebridge-ring][39m   locationId: 31fec751-e7b7-4c41-a2b5-c850a4d16903 - UK Home
[37m[8/20/2026, 7:25:28 AM] [39m[36m[homebridge-ring][39m Creating location socket.io connection - UK Home
[37m[8/20/2026, 7:25:29 AM] [39m[36m[homebridge-ring][39m Ignoring push notification received in first two seconds after starting up
[37m[8/20/2026, 7:25:29 AM] [39m[36m[homebridge-ring][39m Ignoring push notification received in first two seconds after starting up
[37m[8/20/2026, 7:25:29 AM] [39m[36m[homebridge-ring][39m Ring connected to socket.io server
[37m[8/20/2026, 7:25:29 AM] [39m[36m[homebridge-ring][39m Configuring 2 cameras and 16 devices for location "UK Home" - locationId: 31fec751-e7b7-4c41-a2b5-c850a4d16903
[37m[8/20/2026, 7:25:29 AM] [39m[36m[homebridge-ring][39m Hidden accessory a43913b0-f3bf-4977-82f9-82749323ba25 adapter.shadow Shadow Adapter
[37m[8/20/2026, 7:25:29 AM] [39m[36m[homebridge-ring][39m Configured camera 23e4601d-cf67-451a-aae4-7b0e8df1b231 cocoa_doorbell_v2 Front Door
[37m[8/20/2026, 7:25:29 AM] [39m[36m[homebridge-ring][39m Configured camera 00d47fe9-0b58-4f7b-b0ac-98c7d9017d7d stickup_cam_mini_v2 Conservatory
[37m[8/20/2026, 7:25:29 AM] [39m[32mFront Door FD52 is running on port 36443.[39m
[37m[8/20/2026, 7:25:29 AM] [39mPlease add [Front Door FD52] manually in Home app. Setup Code: 594-16-893
[37m[8/20/2026, 7:25:29 AM] [39m[32mConservatory 04EF is running on port 46875.[39m
[37m[8/20/2026, 7:25:29 AM] [39mPlease add [Conservatory 04EF] manually in Home app. Setup Code: 594-16-893
[37m[8/20/2026, 4:15:45 PM] [39m[36m[homebridge-z2m][39m [31mZigbee2MQTT is OFFLINE![39m
[37m[8/20/2026, 4:16:39 PM] [39m[36m[homebridge-z2m][39m Zigbee2MQTT is ONLINE
[37m[8/21/2026, 2:16:56 AM] [39m[36m[homebridge-z2m][39m [31mZigbee2MQTT is OFFLINE![39m
[37m[8/21/2026, 2:17:48 AM] [39m[36m[homebridge-z2m][39m Zigbee2MQTT is ONLINE
[37m[8/21/2026, 3:18:04 AM] [39m[36m[homebridge-z2m][39m [31mZigbee2MQTT is OFFLINE![39m
[37m[8/21/2026, 3:18:54 AM] [39m[36m[homebridge-z2m][39m Zigbee2MQTT is ONLINE
[37m[8/21/2026, 5:52:42 AM] [39m[36m[homebridge-z2m][39m [31mZigbee2MQTT is OFFLINE![39m
[37m[8/21/2026, 5:53:34 AM] [39m[36m[homebridge-z2m][39m Zigbee2MQTT is ONLINE
[37m[8/21/2026, 7:25:28 AM] [39m[36m[homebridge-ring][39m Reconnecting location socket.io connection
[37m[8/21/2026, 7:25:29 AM] [39m[36m[homebridge-ring][39m Creating location socket.io connection - UK Home
[37m[8/21/2026, 7:25:29 AM] [39m[36m[homebridge-ring][39m Ring connected to socket.io server
[37m[8/21/2026, 11:53:38 AM] [39m[36m[homebridge-z2m][39m [31mZigbee2MQTT is OFFLINE![39m
[37m[8/21/2026, 11:54:32 AM] [39m[36m[homebridge-z2m][39m Zigbee2MQTT is ONLINE
[37m[8/21/2026, 12:53:54 PM] [39m[36m[homebridge-z2m][39m [31mZigbee2MQTT is OFFLINE![39m
[37m[8/21/2026, 12:54:47 PM] [39m[36m[homebridge-z2m][39m Zigbee2MQTT is ONLINE
[37m[8/21/2026, 12:56:54 PM] [39m[36m[homebridge-z2m][39m [31mZigbee2MQTT is OFFLINE![39m
[37m[8/21/2026, 12:57:39 PM] [39m[36m[homebridge-z2m][39m Zigbee2MQTT is ONLINE
[37m[8/21/2026, 3:57:55 PM] [39m[36m[homebridge-z2m][39m [31mZigbee2MQTT is OFFLINE![39m
[37m[8/21/2026, 3:58:47 PM] [39m[36m[homebridge-z2m][39m Zigbee2MQTT is ONLINE
[37m[8/21/2026, 6:59:03 PM] [39m[36m[homebridge-z2m][39m [31mZigbee2MQTT is OFFLINE![39m
[37m[8/21/2026, 6:59:55 PM] [39m[36m[homebridge-z2m][39m Zigbee2MQTT is ONLINE
[37m[8/21/2026, 9:00:12 PM] [39m[36m[homebridge-z2m][39m [31mZigbee2MQTT is OFFLINE![39m
[37m[8/21/2026, 9:01:03 PM] [39m[36m[homebridge-z2m][39m Zigbee2MQTT is ONLINE
[37m[8/22/2026, 1:01:18 AM] [39m[36m[homebridge-z2m][39m [31mZigbee2MQTT is OFFLINE![39m
[37m[8/22/2026, 1:02:11 AM] [39m[36m[homebridge-z2m][39m Zigbee2MQTT is ONLINE
[37m[8/22/2026, 3:02:27 AM] [39m[36m[homebridge-z2m][39m [31mZigbee2MQTT is OFFLINE![39m
[37m[8/22/2026, 3:03:18 AM] [39m[36m[homebridge-z2m][39m Zigbee2MQTT is ONLINE
[37m[8/22/2026, 5:03:35 AM] [39m[36m[homebridge-z2m][39m [31mZigbee2MQTT is OFFLINE![39m
[37m[8/22/2026, 5:04:27 AM] [39m[36m[homebridge-z2m][39m Zigbee2MQTT is ONLINE
[37m[8/22/2026, 7:25:29 AM] [39m[36m[homebridge-ring][39m Reconnecting location socket.io connection
[37m[8/22/2026, 7:25:30 AM] [39m[36m[homebridge-ring][39m Creating location socket.io connection - UK Home
[37m[8/22/2026, 7:25:30 AM] [39m[36m[homebridge-ring][39m Ring connected to socket.io server
[37m[8/22/2026, 8:31:47 AM] [39m[36m[homebridge-z2m][39m [31mZigbee2MQTT is OFFLINE![39m
[37m[8/22/2026, 8:32:41 AM] [39m[36m[homebridge-z2m][39m Zigbee2MQTT is ONLINE
[37m[8/22/2026, 7:32:57 PM] [39m[36m[homebridge-z2m][39m [31mZigbee2MQTT is OFFLINE![39m
[37m[8/22/2026, 7:33:50 PM] [39m[36m[homebridge-z2m][39m Zigbee2MQTT is ONLINE
[37m[8/22/2026, 11:34:04 PM] [39m[36m[homebridge-z2m][39m [31mZigbee2MQTT is OFFLINE![39m
[37m[8/22/2026, 11:34:56 PM] [39m[36m[homebridge-z2m][39m Zigbee2MQTT is ONLINE
[37m[8/23/2026, 12:11:12 AM] [39m[36m[homebridge-ring][39m Preparing Live Stream for Front Door
[37m[8/23/2026, 12:11:12 AM] [39m[36m[homebridge-ring][39m Stream Prepared for Front Door (0.452s)
[37m[8/23/2026, 12:11:12 AM] [39m[36m[homebridge-ring][39m Activating stream for Front Door (0.556s)
[37m[8/23/2026, 12:11:13 AM] [39m[36m[homebridge-ring][39m iceConnectionStateChange: checking
[37m[8/23/2026, 12:11:13 AM] [39m[36m[homebridge-ring][39m iceConnectionStateChange: completed
[37m[8/23/2026, 12:11:13 AM] [39m[36m[homebridge-ring][39m connectionStateChange: connecting
[37m[8/23/2026, 12:11:13 AM] [39m[36m[homebridge-ring][39m iceConnectionStateChange: checking
[37m[8/23/2026, 12:11:13 AM] [39m[36m[homebridge-ring][39m connectionStateChange: connecting
[37m[8/23/2026, 12:11:13 AM] [39m[36m[homebridge-ring][39m Activating Session
[37m[8/23/2026, 12:11:13 AM] [39m[36m[homebridge-ring][39m Streaming active for Front Door (1.078s)
[37m[8/23/2026, 12:11:13 AM] [39m[36m[homebridge-ring][39m iceConnectionStateChange: connected
[37m[8/23/2026, 12:11:14 AM] [39m[36m[homebridge-ring][39m connectionStateChange: connected
[37m[8/23/2026, 12:11:15 AM] [39m[36m[homebridge-ring][39m Received stream data from Front Door (2.87s)
[37m[8/23/2026, 12:11:22 AM] [39m[36m[homebridge-ring][39m Stopped Live Stream for Front Door
[37m[8/23/2026, 12:11:22 AM] [39m[36m[homebridge-ring][39m connectionStateChange: closed
[37m[8/23/2026, 12:11:22 AM] [39m[36m[homebridge-ring][39m iceConnectionStateChange: closed
[37m[8/23/2026, 1:35:12 AM] [39m[36m[homebridge-z2m][39m [31mZigbee2MQTT is OFFLINE![39m
[37m[8/23/2026, 1:36:04 AM] [39m[36m[homebridge-z2m][39m Zigbee2MQTT is ONLINE
[37m[8/23/2026, 7:25:30 AM] [39m[36m[homebridge-ring][39m Reconnecting location socket.io connection
[37m[8/23/2026, 7:25:31 AM] [39m[36m[homebridge-ring][39m Creating location socket.io connection - UK Home
[37m[8/23/2026, 7:25:31 AM] [39m[36m[homebridge-ring][39m Ring connected to socket.io server
[37m[8/23/2026, 12:36:21 PM] [39m[36m[homebridge-z2m][39m [31mZigbee2MQTT is OFFLINE![39m
[37m[8/23/2026, 12:37:13 PM] [39m[36m[homebridge-z2m][39m Zigbee2MQTT is ONLINE
[37m[8/23/2026, 11:37:29 PM] [39m[36m[homebridge-z2m][39m [31mZigbee2MQTT is OFFLINE![39m
[37m[8/23/2026, 11:38:22 PM] [39m[36m[homebridge-z2m][39m Zigbee2MQTT is ONLINE
[37m[8/24/2026, 12:38:38 AM] [39m[36m[homebridge-z2m][39m [31mZigbee2MQTT is OFFLINE![39m
[37m[8/24/2026, 12:39:29 AM] [39m[36m[homebridge-z2m][39m Zigbee2MQTT is ONLINE
[37m[8/24/2026, 4:39:45 AM] [39m[36m[homebridge-z2m][39m [31mZigbee2MQTT is OFFLINE![39m
[37m[8/24/2026, 4:40:37 AM] [39m[36m[homebridge-z2m][39m Zigbee2MQTT is ONLINE
[37m[8/24/2026, 5:40:54 AM] [39m[36m[homebridge-z2m][39m [31mZigbee2MQTT is OFFLINE![39m
[37m[8/24/2026, 5:41:45 AM] [39m[36m[homebridge-z2m][39m Zigbee2MQTT is ONLINE
[37m[8/24/2026, 7:25:31 AM] [39m[36m[homebridge-ring][39m Reconnecting location socket.io connection
[37m[8/24/2026, 7:25:32 AM] [39m[36m[homebridge-ring][39m Creating location socket.io connection - UK Home
[37m[8/24/2026, 7:25:32 AM] [39m[36m[homebridge-ring][39m Ring connected to socket.io server
[37m[8/24/2026, 8:42:01 AM] [39m[36m[homebridge-z2m][39m [31mZigbee2MQTT is OFFLINE![39m
[37m[8/24/2026, 8:42:53 AM] [39m[36m[homebridge-z2m][39m Zigbee2MQTT is ONLINE
[37m[8/24/2026, 12:12:31 PM] [39m[36m[homebridge-z2m][39m [31mZigbee2MQTT is OFFLINE![39m
[37m[8/24/2026, 12:13:31 PM] [39m[36m[homebridge-z2m][39m Zigbee2MQTT is ONLINE
[37m[8/24/2026, 7:40:49 PM] [39m[36m[homebridge-z2m][39m [31mZigbee2MQTT is OFFLINE![39m
[37m[8/24/2026, 7:41:43 PM] [39m[36m[homebridge-z2m][39m Zigbee2MQTT is ONLINE
[37m[8/24/2026, 7:51:22 PM] [39m[36m[homebridge-z2m][39m [31mZigbee2MQTT is OFFLINE![39m
[37m[8/24/2026, 7:52:07 PM] [39m[36m[homebridge-z2m][39m Zigbee2MQTT is ONLINE
[37m[8/24/2026, 8:17:49 PM] [39m[36m[homebridge-z2m][39m [31mZigbee2MQTT is OFFLINE![39m
[37m[8/24/2026, 8:18:42 PM] [39m[36m[homebridge-z2m][39m Zigbee2MQTT is ONLINE
[37m[8/25/2026, 1:18:58 AM] [39m[36m[homebridge-z2m][39m [31mZigbee2MQTT is OFFLINE![39m
[37m[8/25/2026, 1:21:01 AM] [39m[36m[homebridge-z2m][39m Zigbee2MQTT is ONLINE
[37m[8/25/2026, 7:21:17 AM] [39m[36m[homebridge-z2m][39m [31mZigbee2MQTT is OFFLINE![39m
[37m[8/25/2026, 7:23:08 AM] [39m[36m[homebridge-z2m][39m Zigbee2MQTT is ONLINE
[37m[8/25/2026, 7:25:32 AM] [39m[36m[homebridge-ring][39m Reconnecting location socket.io connection
[37m[8/25/2026, 7:25:33 AM] [39m[36m[homebridge-ring][39m Creating location socket.io connection - UK Home
[37m[8/25/2026, 7:25:33 AM] [39m[36m[homebridge-ring][39m Ring connected to socket.io server
[37m[8/25/2026, 1:44:28 PM] [39m[36m[homebridge-ring][39m Preparing Live Stream for Front Door
[37m[8/25/2026, 1:44:28 PM] [39m[36m[homebridge-ring][39m Stream Prepared for Front Door (0.422s)
[37m[8/25/2026, 1:44:29 PM] [39m[36m[homebridge-ring][39m iceConnectionStateChange: checking
[37m[8/25/2026, 1:44:29 PM] [39m[36m[homebridge-ring][39m iceConnectionStateChange: completed
[37m[8/25/2026, 1:44:29 PM] [39m[36m[homebridge-ring][39m connectionStateChange: connecting
[37m[8/25/2026, 1:44:29 PM] [39m[36m[homebridge-ring][39m iceConnectionStateChange: checking
[37m[8/25/2026, 1:44:29 PM] [39m[36m[homebridge-ring][39m connectionStateChange: connecting
[37m[8/25/2026, 1:44:29 PM] [39m[36m[homebridge-ring][39m Activating Session
[37m[8/25/2026, 1:44:29 PM] [39m[36m[homebridge-ring][39m Activating stream for Front Door (1.432s)
[37m[8/25/2026, 1:44:29 PM] [39m[36m[homebridge-ring][39m Streaming active for Front Door (1.464s)
[37m[8/25/2026, 1:44:30 PM] [39m[36m[homebridge-ring][39m iceConnectionStateChange: connected
[37m[8/25/2026, 1:44:30 PM] [39m[36m[homebridge-ring][39m connectionStateChange: connected
[37m[8/25/2026, 1:44:30 PM] [39m[36m[homebridge-ring][39m Received stream data from Front Door (2.453s)
[37m[8/25/2026, 1:44:40 PM] [39m[36m[homebridge-ring][39m Stopped Live Stream for Front Door
[37m[8/25/2026, 1:44:40 PM] [39m[36m[homebridge-ring][39m connectionStateChange: closed
[37m[8/25/2026, 1:44:40 PM] [39m[36m[homebridge-ring][39m iceConnectionStateChange: closed
[37m[8/25/2026, 4:23:25 PM] [39m[36m[homebridge-z2m][39m [31mZigbee2MQTT is OFFLINE![39m
[37m[8/25/2026, 4:24:17 PM] [39m[36m[homebridge-z2m][39m Zigbee2MQTT is ONLINE
[37m[8/25/2026, 9:24:33 PM] [39m[36m[homebridge-z2m][39m [31mZigbee2MQTT is OFFLINE![39m
[37m[8/25/2026, 9:25:27 PM] [39m[36m[homebridge-z2m][39m Zigbee2MQTT is ONLINE
[37m[8/26/2026, 4:25:43 AM] [39m[36m[homebridge-z2m][39m [31mZigbee2MQTT is OFFLINE![39m
[37m[8/26/2026, 4:26:36 AM] [39m[36m[homebridge-z2m][39m Zigbee2MQTT is ONLINE
[37m[8/26/2026, 7:00:22 AM] [39m[36m[homebridge-z2m][39m [31mZigbee2MQTT is OFFLINE![39m
[37m[8/26/2026, 7:01:15 AM] [39m[36m[homebridge-z2m][39m Zigbee2MQTT is ONLINE
[37m[8/26/2026, 7:25:33 AM] [39m[36m[homebridge-ring][39m Reconnecting location socket.io connection
[37m[8/26/2026, 7:25:34 AM] [39m[36m[homebridge-ring][39m Creating location socket.io connection - UK Home
[37m[8/26/2026, 7:25:34 AM] [39m[36m[homebridge-ring][39m Ring connected to socket.io server
[37m[8/26/2026, 7:57:00 AM] [39m[36m[homebridge-z2m][39m [31mZigbee2MQTT is OFFLINE![39m
[37m[8/26/2026, 7:57:50 AM] [39m[36m[homebridge-z2m][39m Zigbee2MQTT is ONLINE
[37m[8/26/2026, 4:58:07 PM] [39m[36m[homebridge-z2m][39m [31mZigbee2MQTT is OFFLINE![39m
[37m[8/26/2026, 4:58:59 PM] [39m[36m[homebridge-z2m][39m Zigbee2MQTT is ONLINE
[37m[8/26/2026, 5:48:20 PM] [39m[36m[homebridge-z2m][39m [31mZigbee2MQTT is OFFLINE![39m
[37m[8/26/2026, 5:49:16 PM] [39m[36m[homebridge-z2m][39m Zigbee2MQTT is ONLINE
[37m[8/26/2026, 9:49:32 PM] [39m[36m[homebridge-z2m][39m [31mZigbee2MQTT is OFFLINE![39m
[37m[8/26/2026, 9:50:37 PM] [39m[36m[homebridge-z2m][39m Zigbee2MQTT is ONLINE
[37m[8/27/2026, 2:26:10 AM] [39m[36m[homebridge-z2m][39m [31mZigbee2MQTT is OFFLINE![39m
[37m[8/27/2026, 2:27:05 AM] [39m[36m[homebridge-z2m][39m Zigbee2MQTT is ONLINE
[37m[8/27/2026, 7:25:34 AM] [39m[36m[homebridge-ring][39m Reconnecting location socket.io connection
[37m[8/27/2026, 7:25:35 AM] [39m[36m[homebridge-ring][39m Creating location socket.io connection - UK Home
[37m[8/27/2026, 7:25:35 AM] [39m[36m[homebridge-ring][39m Ring connected to socket.io server
[37m[8/27/2026, 8:27:21 AM] [39m[36m[homebridge-z2m][39m [31mZigbee2MQTT is OFFLINE![39m
[37m[8/27/2026, 8:28:14 AM] [39m[36m[homebridge-z2m][39m Zigbee2MQTT is ONLINE
[37m[8/27/2026, 9:28:31 AM] [39m[36m[homebridge-z2m][39m [31mZigbee2MQTT is OFFLINE![39m
[37m[8/27/2026, 9:29:22 AM] [39m[36m[homebridge-z2m][39m Zigbee2MQTT is ONLINE
[37m[8/27/2026, 11:29:38 AM] [39m[36m[homebridge-z2m][39m [31mZigbee2MQTT is OFFLINE![39m
[37m[8/27/2026, 11:30:31 AM] [39m[36m[homebridge-z2m][39m Zigbee2MQTT is ONLINE
[37m[8/27/2026, 2:08:35 PM] [39m[36m[homebridge-ring][39m Preparing Live Stream for Front Door
[37m[8/27/2026, 2:08:35 PM] [39m[36m[homebridge-ring][39m Stream Prepared for Front Door (0.438s)
[37m[8/27/2026, 2:08:35 PM] [39m[36m[homebridge-ring][39m Activating stream for Front Door (0.535s)
[37m[8/27/2026, 2:08:36 PM] [39m[36m[homebridge-ring][39m iceConnectionStateChange: checking
[37m[8/27/2026, 2:08:36 PM] [39m[36m[homebridge-ring][39m iceConnectionStateChange: completed
[37m[8/27/2026, 2:08:36 PM] [39m[36m[homebridge-ring][39m connectionStateChange: connecting
[37m[8/27/2026, 2:08:36 PM] [39m[36m[homebridge-ring][39m iceConnectionStateChange: checking
[37m[8/27/2026, 2:08:36 PM] [39m[36m[homebridge-ring][39m connectionStateChange: connecting
[37m[8/27/2026, 2:08:36 PM] [39m[36m[homebridge-ring][39m Activating Session
[37m[8/27/2026, 2:08:36 PM] [39m[36m[homebridge-ring][39m Streaming active for Front Door (1.173s)
[37m[8/27/2026, 2:08:37 PM] [39m[36m[homebridge-ring][39m iceConnectionStateChange: connected
[37m[8/27/2026, 2:08:37 PM] [39m[36m[homebridge-ring][39m connectionStateChange: connected
[37m[8/27/2026, 2:08:38 PM] [39m[36m[homebridge-ring][39m Received stream data from Front Door (2.723s)
[37m[8/27/2026, 2:09:05 PM] [39m[36m[homebridge-ring][39m Stopped Live Stream for Front Door
[37m[8/27/2026, 2:09:05 PM] [39m[36m[homebridge-ring][39m connectionStateChange: closed
[37m[8/27/2026, 2:09:05 PM] [39m[36m[homebridge-ring][39m iceConnectionStateChange: closed
[37m[8/27/2026, 5:30:47 PM] [39m[36m[homebridge-z2m][39m [31mZigbee2MQTT is OFFLINE![39m
[37m[8/27/2026, 5:31:40 PM] [39m[36m[homebridge-z2m][39m Zigbee2MQTT is ONLINE
[37m[8/27/2026, 7:06:27 PM] [39m[36m[homebridge-ring][39m Location connection told to reconnect
[37m[8/27/2026, 7:06:27 PM] [39m[36m[homebridge-ring][39m Reconnecting location socket.io connection
[37m[8/27/2026, 7:06:28 PM] [39m[36m[homebridge-ring][39m Creating location socket.io connection - UK Home
[37m[8/27/2026, 7:06:29 PM] [39m[36m[homebridge-ring][39m Ring connected to socket.io server
[37m[8/27/2026, 7:06:29 PM] [39m[36m[homebridge-ring][39m [31mRing base_station_v1 643d9320-b6ce-41ac-48a8-cd1b91239331 is offline or on cellular backup.  Waiting for status to change[39m
[37m[8/27/2026, 7:06:39 PM] [39m[36m[homebridge-ring][39m Ring base_station_v1 643d9320-b6ce-41ac-48a8-cd1b91239331 has come back online
[37m[8/27/2026, 7:31:55 PM] [39m[36m[homebridge-z2m][39m [31mZigbee2MQTT is OFFLINE![39m
[37m[8/27/2026, 7:32:48 PM] [39m[36m[homebridge-z2m][39m Zigbee2MQTT is ONLINE
[37m[8/28/2026, 4:33:04 AM] [39m[36m[homebridge-z2m][39m [31mZigbee2MQTT is OFFLINE![39m
[37m[8/28/2026, 4:33:57 AM] [39m[36m[homebridge-z2m][39m Zigbee2MQTT is ONLINE
[37m[8/28/2026, 6:34:13 AM] [39m[36m[homebridge-z2m][39m [31mZigbee2MQTT is OFFLINE![39m
[37m[8/28/2026, 6:35:05 AM] [39m[36m[homebridge-z2m][39m Zigbee2MQTT is ONLINE
[37m[8/28/2026, 9:36:05 AM] [39m[36m[homebridge-z2m][39m [31mZigbee2MQTT is OFFLINE![39m
[37m[8/28/2026, 9:36:58 AM] [39m[36m[homebridge-z2m][39m Zigbee2MQTT is ONLINE
[37m[8/28/2026, 12:37:15 PM] [39m[36m[homebridge-z2m][39m [31mZigbee2MQTT is OFFLINE![39m
[37m[8/28/2026, 12:38:08 PM] [39m[36m[homebridge-z2m][39m Zigbee2MQTT is ONLINE
[37m[8/28/2026, 1:29:45 PM] [39m[36m[homebridge-z2m][39m [31mZigbee2MQTT is OFFLINE![39m
[37m[8/28/2026, 1:30:36 PM] [39m[36m[homebridge-z2m][39m Zigbee2MQTT is ONLINE
[37m[8/28/2026, 3:13:10 PM] [39m[36m[homebridge-z2m][39m [31mZigbee2MQTT is OFFLINE![39m
[37m[8/28/2026, 3:14:09 PM] [39m[36m[homebridge-z2m][39m Zigbee2MQTT is ONLINE
[37m[8/28/2026, 3:37:58 PM] [39m[36m[homebridge-ring][39m [31mRetry #1 failed to reach Ring server at https://api.ring.com/clients_api/ring_devices.  Error: fetch failed, Cause: Connect Timeout Error (attempted addresses: 34.206.236.223:443, 100.62.222.217:443, 32.199.20.46:443, timeout: 10000ms), Code: UND_ERR_CONNECT_TIMEOUT.  Trying again in 5 seconds...[39m
[37m[8/28/2026, 3:38:23 PM] [39m[36m[homebridge-ring][39m [31mRetry #2 failed to reach Ring server at https://api.ring.com/clients_api/ring_devices.  Error: The operation was aborted due to timeout.  Trying again in 5 seconds...[39m
[37m[8/28/2026, 3:41:26 PM] [39m[36m[homebridge-ring][39m [31mRetry #1 failed to reach Ring server at https://api.ring.com/clients_api/ring_devices.  Error: fetch failed, Cause: Connect Timeout Error (attempted addresses: 34.206.236.223:443, 3.216.201.19:443, 32.199.20.46:443, 100.62.222.217:443, 3.212.255.40:443, 44.215.151.129:443, 100.60.98.104:443, timeout: 10000ms), Code: UND_ERR_CONNECT_TIMEOUT.  Trying again in 5 seconds...[39m
[37m[8/28/2026, 7:06:28 PM] [39m[36m[homebridge-ring][39m Reconnecting location socket.io connection
[37m[8/28/2026, 7:06:29 PM] [39m[36m[homebridge-ring][39m Creating location socket.io connection - UK Home
[37m[8/28/2026, 7:06:29 PM] [39m[36m[homebridge-ring][39m Ring connected to socket.io server
[37m[8/28/2026, 7:14:25 PM] [39m[36m[homebridge-z2m][39m [31mZigbee2MQTT is OFFLINE![39m
[37m[8/28/2026, 7:15:27 PM] [39m[36m[homebridge-z2m][39m Zigbee2MQTT is ONLINE
[37m[8/29/2026, 3:15:42 AM] [39m[36m[homebridge-z2m][39m [31mZigbee2MQTT is OFFLINE![39m
[37m[8/29/2026, 3:16:36 AM] [39m[36m[homebridge-z2m][39m Zigbee2MQTT is ONLINE
[37m[8/29/2026, 8:16:52 AM] [39m[36m[homebridge-z2m][39m [31mZigbee2MQTT is OFFLINE![39m
[37m[8/29/2026, 8:17:45 AM] [39m[36m[homebridge-z2m][39m Zigbee2MQTT is ONLINE
[37m[8/29/2026, 10:18:01 AM] [39m[36m[homebridge-z2m][39m [31mZigbee2MQTT is OFFLINE![39m
[37m[8/29/2026, 10:18:53 AM] [39m[36m[homebridge-z2m][39m Zigbee2MQTT is ONLINE
[37m[8/29/2026, 7:06:29 PM] [39m[36m[homebridge-ring][39m Reconnecting location socket.io connection
[37m[8/29/2026, 7:06:30 PM] [39m[36m[homebridge-ring][39m Creating location socket.io connection - UK Home
[37m[8/29/2026, 7:06:30 PM] [39m[36m[homebridge-ring][39m Ring connected to socket.io server
[37m[8/29/2026, 7:19:09 PM] [39m[36m[homebridge-z2m][39m [31mZigbee2MQTT is OFFLINE![39m
[37m[8/29/2026, 7:20:02 PM] [39m[36m[homebridge-z2m][39m Zigbee2MQTT is ONLINE
[37m[8/29/2026, 9:20:18 PM] [39m[36m[homebridge-z2m][39m [31mZigbee2MQTT is OFFLINE![39m
[37m[8/29/2026, 9:21:11 PM] [39m[36m[homebridge-z2m][39m Zigbee2MQTT is ONLINE
[37m[8/30/2026, 6:06:48 AM] [39m[36m[homebridge-z2m][39m [31mZigbee2MQTT is OFFLINE![39m
[37m[8/30/2026, 6:07:42 AM] [39m[36m[homebridge-z2m][39m Zigbee2MQTT is ONLINE
[37m[8/30/2026, 9:57:01 AM] [39m[36m[homebridge-ring][39m Preparing Live Stream for Front Door
[37m[8/30/2026, 9:57:02 AM] [39m[36m[homebridge-ring][39m Stream Prepared for Front Door (0.437s)
[37m[8/30/2026, 9:57:02 AM] [39m[36m[homebridge-ring][39m Activating stream for Front Door (0.646s)
[37m[8/30/2026, 9:57:02 AM] [39m[36m[homebridge-ring][39m iceConnectionStateChange: checking
[37m[8/30/2026, 9:57:02 AM] [39m[36m[homebridge-ring][39m iceConnectionStateChange: completed
[37m[8/30/2026, 9:57:02 AM] [39m[36m[homebridge-ring][39m connectionStateChange: connecting
[37m[8/30/2026, 9:57:02 AM] [39m[36m[homebridge-ring][39m iceConnectionStateChange: checking
[37m[8/30/2026, 9:57:02 AM] [39m[36m[homebridge-ring][39m connectionStateChange: connecting
[37m[8/30/2026, 9:57:02 AM] [39m[36m[homebridge-ring][39m Activating Session
[37m[8/30/2026, 9:57:02 AM] [39m[36m[homebridge-ring][39m Streaming active for Front Door (0.995s)
[37m[8/30/2026, 9:57:03 AM] [39m[36m[homebridge-ring][39m iceConnectionStateChange: connected
[37m[8/30/2026, 9:57:03 AM] [39m[36m[homebridge-ring][39m connectionStateChange: connected
[37m[8/30/2026, 9:57:04 AM] [39m[36m[homebridge-ring][39m Received stream data from Front Door (2.5s)
[37m[8/30/2026, 9:57:25 AM] [39m[36m[homebridge-ring][39m Stopped Live Stream for Front Door
[37m[8/30/2026, 9:57:25 AM] [39m[36m[homebridge-ring][39m connectionStateChange: closed
[37m[8/30/2026, 9:57:25 AM] [39m[36m[homebridge-ring][39m iceConnectionStateChange: closed
[37m[8/30/2026, 10:23:25 AM] [39m[36m[homebridge-ring][39m Preparing Live Stream for Front Door
[37m[8/30/2026, 10:23:26 AM] [39m[36m[homebridge-ring][39m Stream Prepared for Front Door (0.416s)
[37m[8/30/2026, 10:23:26 AM] [39m[36m[homebridge-ring][39m iceConnectionStateChange: checking
[37m[8/30/2026, 10:23:26 AM] [39m[36m[homebridge-ring][39m iceConnectionStateChange: completed
[37m[8/30/2026, 10:23:26 AM] [39m[36m[homebridge-ring][39m connectionStateChange: connecting
[37m[8/30/2026, 10:23:26 AM] [39m[36m[homebridge-ring][39m iceConnectionStateChange: checking
[37m[8/30/2026, 10:23:26 AM] [39m[36m[homebridge-ring][39m connectionStateChange: connecting
[37m[8/30/2026, 10:23:26 AM] [39m[36m[homebridge-ring][39m Activating Session
[37m[8/30/2026, 10:23:26 AM] [39m[36m[homebridge-ring][39m Activating stream for Front Door (1.067s)
[37m[8/30/2026, 10:23:26 AM] [39m[36m[homebridge-ring][39m Streaming active for Front Door (1.087s)
[37m[8/30/2026, 10:23:27 AM] [39m[36m[homebridge-ring][39m iceConnectionStateChange: connected
[37m[8/30/2026, 10:23:27 AM] [39m[36m[homebridge-ring][39m connectionStateChange: connected
[37m[8/30/2026, 10:23:28 AM] [39m[36m[homebridge-ring][39m Received stream data from Front Door (3.212s)
[37m[8/30/2026, 10:23:29 AM] [39m[36m[homebridge-ring][39m Stopped Live Stream for Front Door
[37m[8/30/2026, 10:23:29 AM] [39m[36m[homebridge-ring][39m connectionStateChange: closed
[37m[8/30/2026, 10:23:29 AM] [39m[36m[homebridge-ring][39m iceConnectionStateChange: closed
[37m[8/30/2026, 5:07:58 PM] [39m[36m[homebridge-z2m][39m [31mZigbee2MQTT is OFFLINE![39m
[37m[8/30/2026, 5:08:52 PM] [39m[36m[homebridge-z2m][39m Zigbee2MQTT is ONLINE
[37m[8/30/2026, 7:06:30 PM] [39m[36m[homebridge-ring][39m Reconnecting location socket.io connection
[37m[8/30/2026, 7:06:31 PM] [39m[36m[homebridge-ring][39m Creating location socket.io connection - UK Home
[37m[8/30/2026, 7:06:31 PM] [39m[36m[homebridge-ring][39m Ring connected to socket.io server
[37m[8/30/2026, 7:09:08 PM] [39m[36m[homebridge-z2m][39m [31mZigbee2MQTT is OFFLINE![39m
[37m[8/30/2026, 7:10:00 PM] [39m[36m[homebridge-z2m][39m Zigbee2MQTT is ONLINE
[37m[8/30/2026, 7:46:45 PM] [39m[36m[homebridge-z2m][39m [31mZigbee2MQTT is OFFLINE![39m
[37m[8/30/2026, 7:47:36 PM] [39m[36m[homebridge-z2m][39m Zigbee2MQTT is ONLINE
[37m[8/30/2026, 10:00:09 PM] [39m[36m[homebridge-z2m][39m [31mZigbee2MQTT is OFFLINE![39m
[37m[8/30/2026, 10:01:03 PM] [39m[36m[homebridge-z2m][39m Zigbee2MQTT is ONLINE
[37m[8/31/2026, 1:01:19 AM] [39m[36m[homebridge-z2m][39m [31mZigbee2MQTT is OFFLINE![39m
[37m[8/31/2026, 1:02:12 AM] [39m[36m[homebridge-z2m][39m Zigbee2MQTT is ONLINE
[37m[8/31/2026, 4:02:28 AM] [39m[36m[homebridge-z2m][39m [31mZigbee2MQTT is OFFLINE![39m
[37m[8/31/2026, 4:03:19 AM] [39m[36m[homebridge-z2m][39m Zigbee2MQTT is ONLINE
[37m[8/31/2026, 11:03:36 AM] [39m[36m[homebridge-z2m][39m [31mZigbee2MQTT is OFFLINE![39m
[37m[8/31/2026, 11:04:29 AM] [39m[36m[homebridge-z2m][39m Zigbee2MQTT is ONLINE
[37m[8/31/2026, 1:04:44 PM] [39m[36m[homebridge-z2m][39m [31mZigbee2MQTT is OFFLINE![39m
[37m[8/31/2026, 1:05:36 PM] [39m[36m[homebridge-z2m][39m Zigbee2MQTT is ONLINE
[37m[8/31/2026, 2:05:51 PM] [39m[36m[homebridge-z2m][39m [31mZigbee2MQTT is OFFLINE![39m
[37m[8/31/2026, 2:06:43 PM] [39m[36m[homebridge-z2m][39m Zigbee2MQTT is ONLINE
[37m[8/31/2026, 3:49:48 PM] [39m[36m[homebridge-z2m][39m [31mZigbee2MQTT is OFFLINE![39m
[37m[8/31/2026, 3:50:44 PM] [39m[36m[homebridge-z2m][39m Zigbee2MQTT is ONLINE
[37m[8/31/2026, 7:06:31 PM] [39m[36m[homebridge-ring][39m Reconnecting location socket.io connection
[37m[8/31/2026, 7:06:32 PM] [39m[36m[homebridge-ring][39m Creating location socket.io connection - UK Home
[37m[8/31/2026, 7:06:32 PM] [39m[36m[homebridge-ring][39m Ring connected to socket.io server
[37m[8/31/2026, 10:51:00 PM] [39m[36m[homebridge-z2m][39m [31mZigbee2MQTT is OFFLINE![39m
[37m[8/31/2026, 10:51:53 PM] [39m[36m[homebridge-z2m][39m Zigbee2MQTT is ONLINE
[37m[9/1/2026, 12:44:28 AM] [39m[36m[homebridge-z2m][39m [31mZigbee2MQTT is OFFLINE![39m
[37m[9/1/2026, 12:45:21 AM] [39m[36m[homebridge-z2m][39m Zigbee2MQTT is ONLINE
[37m[9/1/2026, 3:45:37 AM] [39m[36m[homebridge-z2m][39m [31mZigbee2MQTT is OFFLINE![39m
[37m[9/1/2026, 3:46:30 AM] [39m[36m[homebridge-z2m][39m Zigbee2MQTT is ONLINE
[37m[9/1/2026, 3:55:40 AM] [39m[36m[homebridge-ring][39m Preparing Live Stream for Front Door
[37m[9/1/2026, 3:55:41 AM] [39m[36m[homebridge-ring][39m Stream Prepared for Front Door (0.452s)
[37m[9/1/2026, 3:55:41 AM] [39m[36m[homebridge-ring][39m Activating stream for Front Door (0.629s)
[37m[9/1/2026, 3:55:41 AM] [39m[36m[homebridge-ring][39m iceConnectionStateChange: checking
[37m[9/1/2026, 3:55:41 AM] [39m[36m[homebridge-ring][39m iceConnectionStateChange: completed
[37m[9/1/2026, 3:55:41 AM] [39m[36m[homebridge-ring][39m connectionStateChange: connecting
[37m[9/1/2026, 3:55:41 AM] [39m[36m[homebridge-ring][39m iceConnectionStateChange: checking
[37m[9/1/2026, 3:55:41 AM] [39m[36m[homebridge-ring][39m connectionStateChange: connecting
[37m[9/1/2026, 3:55:41 AM] [39m[36m[homebridge-ring][39m Activating Session
[37m[9/1/2026, 3:55:41 AM] [39m[36m[homebridge-ring][39m Streaming active for Front Door (0.969s)
[37m[9/1/2026, 3:55:42 AM] [39m[36m[homebridge-ring][39m iceConnectionStateChange: connected
[37m[9/1/2026, 3:55:42 AM] [39m[36m[homebridge-ring][39m connectionStateChange: connected
[37m[9/1/2026, 3:55:42 AM] [39m[36m[homebridge-ring][39m Received stream data from Front Door (2.002s)
[37m[9/1/2026, 3:56:13 AM] [39m[36m[homebridge-ring][39m Stopped Live Stream for Front Door
[37m[9/1/2026, 3:56:13 AM] [39m[36m[homebridge-ring][39m connectionStateChange: closed
[37m[9/1/2026, 3:56:13 AM] [39m[36m[homebridge-ring][39m iceConnectionStateChange: closed
[37m[9/1/2026, 6:09:54 AM] [39m[36m[homebridge-z2m][39m [31mZigbee2MQTT is OFFLINE![39m
[37m[9/1/2026, 6:10:46 AM] [39m[36m[homebridge-z2m][39m Zigbee2MQTT is ONLINE
[37m[9/1/2026, 7:55:31 AM] [39m[36m[homebridge-ring][39m Preparing Live Stream for Front Door
[37m[9/1/2026, 7:55:31 AM] [39m[36m[homebridge-ring][39m Stream Prepared for Front Door (0.452s)
[37m[9/1/2026, 7:55:31 AM] [39m[36m[homebridge-ring][39m Activating stream for Front Door (0.594s)
[37m[9/1/2026, 7:55:31 AM] [39m[36m[homebridge-ring][39m iceConnectionStateChange: checking
[37m[9/1/2026, 7:55:31 AM] [39m[36m[homebridge-ring][39m iceConnectionStateChange: completed
[37m[9/1/2026, 7:55:32 AM] [39m[36m[homebridge-ring][39m connectionStateChange: connecting
[37m[9/1/2026, 7:55:32 AM] [39m[36m[homebridge-ring][39m iceConnectionStateChange: checking
[37m[9/1/2026, 7:55:32 AM] [39m[36m[homebridge-ring][39m connectionStateChange: connecting
[37m[9/1/2026, 7:55:32 AM] [39m[36m[homebridge-ring][39m Activating Session
[37m[9/1/2026, 7:55:32 AM] [39m[36m[homebridge-ring][39m Streaming active for Front Door (0.994s)
[37m[9/1/2026, 7:55:32 AM] [39m[36m[homebridge-ring][39m iceConnectionStateChange: connected
[37m[9/1/2026, 7:55:33 AM] [39m[36m[homebridge-ring][39m connectionStateChange: connected
[37m[9/1/2026, 7:55:33 AM] [39m[36m[homebridge-ring][39m Received stream data from Front Door (1.899s)
[37m[9/1/2026, 7:55:55 AM] [39m[36m[homebridge-ring][39m Stopped Live Stream for Front Door
[37m[9/1/2026, 7:55:55 AM] [39m[36m[homebridge-ring][39m connectionStateChange: closed
[37m[9/1/2026, 7:55:55 AM] [39m[36m[homebridge-ring][39m iceConnectionStateChange: closed
[37m[9/1/2026, 8:06:51 AM] [39m[36m[homebridge-z2m][39m [31mZigbee2MQTT is OFFLINE![39m
[37m[9/1/2026, 8:07:44 AM] [39m[36m[homebridge-z2m][39m Zigbee2MQTT is ONLINE
[37m[9/1/2026, 11:08:00 AM] [39m[36m[homebridge-z2m][39m [31mZigbee2MQTT is OFFLINE![39m
[37m[9/1/2026, 11:08:54 AM] [39m[36m[homebridge-z2m][39m Zigbee2MQTT is ONLINE
[37m[9/1/2026, 12:09:10 PM] [39m[36m[homebridge-z2m][39m [31mZigbee2MQTT is OFFLINE![39m
[37m[9/1/2026, 12:11:00 PM] [39m[36m[homebridge-z2m][39m Zigbee2MQTT is ONLINE
[37m[9/1/2026, 3:11:17 PM] [39m[36m[homebridge-z2m][39m [31mZigbee2MQTT is OFFLINE![39m
[37m[9/1/2026, 3:12:09 PM] [39m[36m[homebridge-z2m][39m Zigbee2MQTT is ONLINE
[37m[9/1/2026, 7:06:32 PM] [39m[36m[homebridge-ring][39m Reconnecting location socket.io connection
[37m[9/1/2026, 7:06:33 PM] [39m[36m[homebridge-ring][39m Creating location socket.io connection - UK Home
[37m[9/1/2026, 7:06:33 PM] [39m[36m[homebridge-ring][39m Ring connected to socket.io server
[37m[9/2/2026, 2:12:26 AM] [39m[36m[homebridge-z2m][39m [31mZigbee2MQTT is OFFLINE![39m
[37m[9/2/2026, 2:13:19 AM] [39m[36m[homebridge-z2m][39m Zigbee2MQTT is ONLINE
[37m[9/2/2026, 7:13:35 AM] [39m[36m[homebridge-z2m][39m [31mZigbee2MQTT is OFFLINE![39m
[37m[9/2/2026, 7:14:28 AM] [39m[36m[homebridge-z2m][39m Zigbee2MQTT is ONLINE
[37m[9/2/2026, 9:11:59 AM] [39m[36m[homebridge-z2m][39m [31mZigbee2MQTT is OFFLINE![39m
[37m[9/2/2026, 9:12:52 AM] [39m[36m[homebridge-z2m][39m Zigbee2MQTT is ONLINE
[37m[9/2/2026, 12:13:08 PM] [39m[36m[homebridge-z2m][39m [31mZigbee2MQTT is OFFLINE![39m
[37m[9/2/2026, 12:14:14 PM] [39m[36m[homebridge-z2m][39m Zigbee2MQTT is ONLINE
[37m[9/2/2026, 4:52:12 PM] [39m[36m[homebridge-z2m][39m [31mZigbee2MQTT is OFFLINE![39m
[37m[9/2/2026, 4:53:06 PM] [39m[36m[homebridge-z2m][39m Zigbee2MQTT is ONLINE
[37m[9/2/2026, 4:53:19 PM] [39m[36m[homebridge-z2m][39m [31mZigbee2MQTT is OFFLINE![39m
[37m[9/2/2026, 4:55:04 PM] [39m[36m[homebridge-z2m][39m Zigbee2MQTT is ONLINE
[37m[9/2/2026, 7:06:33 PM] [39m[36m[homebridge-ring][39m Reconnecting location socket.io connection
[37m[9/2/2026, 7:06:34 PM] [39m[36m[homebridge-ring][39m Creating location socket.io connection - UK Home
[37m[9/2/2026, 7:06:34 PM] [39m[36m[homebridge-ring][39m Ring connected to socket.io server
[37m[9/2/2026, 7:47:44 PM] [39m[36m[homebridge-z2m][39m [31mZigbee2MQTT is OFFLINE![39m
[37m[9/2/2026, 7:49:42 PM] [39m[36m[homebridge-z2m][39m Zigbee2MQTT is ONLINE
[37m[9/2/2026, 10:49:58 PM] [39m[36m[homebridge-z2m][39m [31mZigbee2MQTT is OFFLINE![39m
[37m[9/2/2026, 10:50:51 PM] [39m[36m[homebridge-z2m][39m Zigbee2MQTT is ONLINE
[37m[9/2/2026, 11:51:07 PM] [39m[36m[homebridge-z2m][39m [31mZigbee2MQTT is OFFLINE![39m
[37m[9/2/2026, 11:51:59 PM] [39m[36m[homebridge-z2m][39m Zigbee2MQTT is ONLINE
[37m[9/3/2026, 2:53:30 AM] [39m[36m[homebridge-z2m][39m [31mZigbee2MQTT is OFFLINE![39m
[37m[9/3/2026, 2:54:22 AM] [39m[36m[homebridge-z2m][39m Zigbee2MQTT is ONLINE
[37m[9/3/2026, 5:54:38 AM] [39m[36m[homebridge-z2m][39m [31mZigbee2MQTT is OFFLINE![39m
[37m[9/3/2026, 5:55:30 AM] [39m[36m[homebridge-z2m][39m Zigbee2MQTT is ONLINE
[37m[9/3/2026, 7:55:46 AM] [39m[36m[homebridge-z2m][39m [31mZigbee2MQTT is OFFLINE![39m
[37m[9/3/2026, 7:56:38 AM] [39m[36m[homebridge-z2m][39m Zigbee2MQTT is ONLINE
[37m[9/3/2026, 10:56:55 AM] [39m[36m[homebridge-z2m][39m [31mZigbee2MQTT is OFFLINE![39m
[37m[9/3/2026, 10:57:48 AM] [39m[36m[homebridge-z2m][39m Zigbee2MQTT is ONLINE
[37m[9/3/2026, 3:58:04 PM] [39m[36m[homebridge-z2m][39m [31mZigbee2MQTT is OFFLINE![39m
[37m[9/3/2026, 3:58:58 PM] [39m[36m[homebridge-z2m][39m Zigbee2MQTT is ONLINE
[37m[9/3/2026, 4:59:14 PM] [39m[36m[homebridge-z2m][39m [31mZigbee2MQTT is OFFLINE![39m
[37m[9/3/2026, 5:00:06 PM] [39m[36m[homebridge-z2m][39m Zigbee2MQTT is ONLINE
[37m[9/3/2026, 7:06:34 PM] [39m[36m[homebridge-ring][39m Reconnecting location socket.io connection
[37m[9/3/2026, 7:06:35 PM] [39m[36m[homebridge-ring][39m Creating location socket.io connection - UK Home
[37m[9/3/2026, 7:06:35 PM] [39m[36m[homebridge-ring][39m Ring connected to socket.io server
[37m[9/3/2026, 7:37:57 PM] [39m[36m[homebridge-z2m][39m [31mZigbee2MQTT is OFFLINE![39m
[37m[9/3/2026, 7:38:50 PM] [39m[36m[homebridge-z2m][39m Zigbee2MQTT is ONLINE
[37m[9/3/2026, 8:39:06 PM] [39m[36m[homebridge-z2m][39m [31mZigbee2MQTT is OFFLINE![39m
[37m[9/3/2026, 8:39:57 PM] [39m[36m[homebridge-z2m][39m Zigbee2MQTT is ONLINE
[37m[9/3/2026, 10:40:14 PM] [39m[36m[homebridge-z2m][39m [31mZigbee2MQTT is OFFLINE![39m
[37m[9/3/2026, 10:41:06 PM] [39m[36m[homebridge-z2m][39m Zigbee2MQTT is ONLINE
[37m[9/4/2026, 12:41:21 AM] [39m[36m[homebridge-z2m][39m [31mZigbee2MQTT is OFFLINE![39m
[37m[9/4/2026, 12:42:13 AM] [39m[36m[homebridge-z2m][39m Zigbee2MQTT is ONLINE
[37m[9/4/2026, 2:42:29 AM] [39m[36m[homebridge-z2m][39m [31mZigbee2MQTT is OFFLINE![39m
[37m[9/4/2026, 2:43:22 AM] [39m[36m[homebridge-z2m][39m Zigbee2MQTT is ONLINE
[37m[9/4/2026, 11:18:14 AM] [39m[36m[homebridge-z2m][39m [31mZigbee2MQTT is OFFLINE![39m
[37m[9/4/2026, 11:19:07 AM] [39m[36m[homebridge-z2m][39m Zigbee2MQTT is ONLINE
[37m[9/4/2026, 12:34:31 PM] [39m[36m[homebridge-ring][39m Preparing Live Stream for Front Door
[37m[9/4/2026, 12:34:31 PM] [39m[36m[homebridge-ring][39m Stream Prepared for Front Door (0.43s)
[37m[9/4/2026, 12:34:31 PM] [39m[36m[homebridge-ring][39m Activating stream for Front Door (0.533s)
[37m[9/4/2026, 12:34:31 PM] [39m[36m[homebridge-ring][39m iceConnectionStateChange: checking
[37m[9/4/2026, 12:34:31 PM] [39m[36m[homebridge-ring][39m iceConnectionStateChange: completed
[37m[9/4/2026, 12:34:31 PM] [39m[36m[homebridge-ring][39m connectionStateChange: connecting
[37m[9/4/2026, 12:34:31 PM] [39m[36m[homebridge-ring][39m iceConnectionStateChange: checking
[37m[9/4/2026, 12:34:31 PM] [39m[36m[homebridge-ring][39m connectionStateChange: connecting
[37m[9/4/2026, 12:34:31 PM] [39m[36m[homebridge-ring][39m Activating Session
[37m[9/4/2026, 12:34:31 PM] [39m[36m[homebridge-ring][39m Streaming active for Front Door (0.925s)
[37m[9/4/2026, 12:34:32 PM] [39m[36m[homebridge-ring][39m iceConnectionStateChange: connected
[37m[9/4/2026, 12:34:32 PM] [39m[36m[homebridge-ring][39m connectionStateChange: connected
[37m[9/4/2026, 12:34:33 PM] [39m[36m[homebridge-ring][39m Received stream data from Front Door (2.417s)
[37m[9/4/2026, 12:35:01 PM] [39m[36m[homebridge-ring][39m Stopped Live Stream for Front Door
[37m[9/4/2026, 12:35:01 PM] [39m[36m[homebridge-ring][39m connectionStateChange: closed
[37m[9/4/2026, 12:35:01 PM] [39m[36m[homebridge-ring][39m iceConnectionStateChange: closed
[37m[9/4/2026, 12:36:12 PM] [39m[36m[homebridge-ring][39m Preparing Live Stream for Front Door
[37m[9/4/2026, 12:36:13 PM] [39m[36m[homebridge-ring][39m Stream Prepared for Front Door (0.359s)
[37m[9/4/2026, 12:36:13 PM] [39m[36m[homebridge-ring][39m Activating stream for Front Door (0.395s)
[37m[9/4/2026, 12:36:13 PM] [39m[36m[homebridge-ring][39m iceConnectionStateChange: checking
[37m[9/4/2026, 12:36:13 PM] [39m[36m[homebridge-ring][39m iceConnectionStateChange: completed
[37m[9/4/2026, 12:36:13 PM] [39m[36m[homebridge-ring][39m connectionStateChange: connecting
[37m[9/4/2026, 12:36:13 PM] [39m[36m[homebridge-ring][39m iceConnectionStateChange: checking
[37m[9/4/2026, 12:36:13 PM] [39m[36m[homebridge-ring][39m connectionStateChange: connecting
[37m[9/4/2026, 12:36:13 PM] [39m[36m[homebridge-ring][39m Activating Session
[37m[9/4/2026, 12:36:13 PM] [39m[36m[homebridge-ring][39m Streaming active for Front Door (0.855s)
[37m[9/4/2026, 12:36:14 PM] [39m[36m[homebridge-ring][39m iceConnectionStateChange: connected
[37m[9/4/2026, 12:36:14 PM] [39m[36m[homebridge-ring][39m connectionStateChange: connected
[37m[9/4/2026, 12:36:16 PM] [39m[36m[homebridge-ring][39m Received stream data from Front Door (3.038s)
[37m[9/4/2026, 12:36:43 PM] [39m[36m[homebridge-ring][39m Stopped Live Stream for Front Door
[37m[9/4/2026, 12:36:43 PM] [39m[36m[homebridge-ring][39m connectionStateChange: closed
[37m[9/4/2026, 12:36:43 PM] [39m[36m[homebridge-ring][39m iceConnectionStateChange: closed
[37m[9/4/2026, 12:36:44 PM] [39m[36m[homebridge-ring][39m Preparing Live Stream for Front Door
[37m[9/4/2026, 12:36:44 PM] [39m[36m[homebridge-ring][39m Stream Prepared for Front Door (0.102s)
[37m[9/4/2026, 12:36:44 PM] [39m[36m[homebridge-ring][39m Activating stream for Front Door (0.129s)
[37m[9/4/2026, 12:36:44 PM] [39m[36m[homebridge-ring][39m iceConnectionStateChange: checking
[37m[9/4/2026, 12:36:44 PM] [39m[36m[homebridge-ring][39m iceConnectionStateChange: completed
[37m[9/4/2026, 12:36:45 PM] [39m[36m[homebridge-ring][39m connectionStateChange: connecting
[37m[9/4/2026, 12:36:45 PM] [39m[36m[homebridge-ring][39m iceConnectionStateChange: checking
[37m[9/4/2026, 12:36:45 PM] [39m[36m[homebridge-ring][39m connectionStateChange: connecting
[37m[9/4/2026, 12:36:45 PM] [39m[36m[homebridge-ring][39m Activating Session
[37m[9/4/2026, 12:36:45 PM] [39m[36m[homebridge-ring][39m Streaming active for Front Door (0.562s)
[37m[9/4/2026, 12:36:45 PM] [39m[36m[homebridge-ring][39m iceConnectionStateChange: connected
[37m[9/4/2026, 12:36:46 PM] [39m[36m[homebridge-ring][39m connectionStateChange: connected
[37m[9/4/2026, 12:36:46 PM] [39m[36m[homebridge-ring][39m Received stream data from Front Door (1.485s)
[37m[9/4/2026, 12:36:50 PM] [39m[36m[homebridge-ring][39m Stopped Live Stream for Front Door
[37m[9/4/2026, 12:36:50 PM] [39m[36m[homebridge-ring][39m connectionStateChange: closed
[37m[9/4/2026, 12:36:50 PM] [39m[36m[homebridge-ring][39m iceConnectionStateChange: closed
[37m[9/4/2026, 12:54:02 PM] [39m[36m[homebridge-z2m][39m [31mZigbee2MQTT is OFFLINE![39m
[37m[9/4/2026, 12:54:57 PM] [39m[36m[homebridge-z2m][39m Zigbee2MQTT is ONLINE
[37m[9/4/2026, 5:55:13 PM] [39m[36m[homebridge-z2m][39m [31mZigbee2MQTT is OFFLINE![39m
[37m[9/4/2026, 5:56:06 PM] [39m[36m[homebridge-z2m][39m Zigbee2MQTT is ONLINE
[37m[9/4/2026, 7:06:35 PM] [39m[36m[homebridge-ring][39m Reconnecting location socket.io connection
[37m[9/4/2026, 7:06:36 PM] [39m[36m[homebridge-ring][39m Creating location socket.io connection - UK Home
[37m[9/4/2026, 7:06:36 PM] [39m[36m[homebridge-ring][39m Ring connected to socket.io server
[37m[9/4/2026, 10:56:22 PM] [39m[36m[homebridge-z2m][39m [31mZigbee2MQTT is OFFLINE![39m
[37m[9/4/2026, 10:57:15 PM] [39m[36m[homebridge-z2m][39m Zigbee2MQTT is ONLINE
[37m[9/5/2026, 8:57:31 AM] [39m[36m[homebridge-z2m][39m [31mZigbee2MQTT is OFFLINE![39m
[37m[9/5/2026, 8:58:23 AM] [39m[36m[homebridge-z2m][39m Zigbee2MQTT is ONLINE
[37m[9/5/2026, 11:58:38 AM] [39m[36m[homebridge-z2m][39m [31mZigbee2MQTT is OFFLINE![39m
[37m[9/5/2026, 11:59:31 AM] [39m[36m[homebridge-z2m][39m Zigbee2MQTT is ONLINE
[37m[9/5/2026, 12:59:48 PM] [39m[36m[homebridge-z2m][39m [31mZigbee2MQTT is OFFLINE![39m
[37m[9/5/2026, 1:00:39 PM] [39m[36m[homebridge-z2m][39m Zigbee2MQTT is ONLINE
[37m[9/5/2026, 7:06:36 PM] [39m[36m[homebridge-ring][39m Reconnecting location socket.io connection
[37m[9/5/2026, 7:06:37 PM] [39m[36m[homebridge-ring][39m Creating location socket.io connection - UK Home
[37m[9/5/2026, 7:06:37 PM] [39m[36m[homebridge-ring][39m Ring connected to socket.io server
[37m[9/5/2026, 7:33:30 PM] [39m[36m[homebridge-z2m][39m [31mZigbee2MQTT is OFFLINE![39m
[37m[9/5/2026, 7:34:22 PM] [39m[36m[homebridge-z2m][39m Zigbee2MQTT is ONLINE
[37m[9/6/2026, 5:34:39 AM] [39m[36m[homebridge-z2m][39m [31mZigbee2MQTT is OFFLINE![39m
[37m[9/6/2026, 5:35:31 AM] [39m[36m[homebridge-z2m][39m Zigbee2MQTT is ONLINE
[37m[9/6/2026, 7:36:21 AM] [39m[36m[homebridge-ring][39m Preparing Live Stream for Front Door
[37m[9/6/2026, 7:36:21 AM] [39m[36m[homebridge-ring][39m Stream Prepared for Front Door (0.413s)
[37m[9/6/2026, 7:36:22 AM] [39m[36m[homebridge-ring][39m iceConnectionStateChange: checking
[37m[9/6/2026, 7:36:22 AM] [39m[36m[homebridge-ring][39m iceConnectionStateChange: completed
[37m[9/6/2026, 7:36:22 AM] [39m[36m[homebridge-ring][39m Activating stream for Front Door (0.733s)
[37m[9/6/2026, 7:36:22 AM] [39m[36m[homebridge-ring][39m connectionStateChange: connecting
[37m[9/6/2026, 7:36:22 AM] [39m[36m[homebridge-ring][39m iceConnectionStateChange: checking
[37m[9/6/2026, 7:36:22 AM] [39m[36m[homebridge-ring][39m connectionStateChange: connecting
[37m[9/6/2026, 7:36:22 AM] [39m[36m[homebridge-ring][39m Activating Session
[37m[9/6/2026, 7:36:22 AM] [39m[36m[homebridge-ring][39m Streaming active for Front Door (0.89s)
[37m[9/6/2026, 7:36:23 AM] [39m[36m[homebridge-ring][39m iceConnectionStateChange: connected
[37m[9/6/2026, 7:36:23 AM] [39m[36m[homebridge-ring][39m connectionStateChange: connected
[37m[9/6/2026, 7:36:23 AM] [39m[36m[homebridge-ring][39m Received stream data from Front Door (2.372s)
[37m[9/6/2026, 7:36:45 AM] [39m[36m[homebridge-ring][39m Stopped Live Stream for Front Door
[37m[9/6/2026, 7:36:45 AM] [39m[36m[homebridge-ring][39m connectionStateChange: closed
[37m[9/6/2026, 7:36:45 AM] [39m[36m[homebridge-ring][39m iceConnectionStateChange: closed
[37m[9/6/2026, 11:37:17 AM] [39m[36m[homebridge-z2m][39m [31mZigbee2MQTT is OFFLINE![39m
[37m[9/6/2026, 11:38:10 AM] [39m[36m[homebridge-z2m][39m Zigbee2MQTT is ONLINE
[37m[9/6/2026, 12:38:27 PM] [39m[36m[homebridge-z2m][39m [31mZigbee2MQTT is OFFLINE![39m
[37m[9/6/2026, 12:39:17 PM] [39m[36m[homebridge-z2m][39m Zigbee2MQTT is ONLINE
[37m[9/6/2026, 2:39:33 PM] [39m[36m[homebridge-z2m][39m [31mZigbee2MQTT is OFFLINE![39m
[37m[9/6/2026, 2:40:25 PM] [39m[36m[homebridge-z2m][39m Zigbee2MQTT is ONLINE
[37m[9/6/2026, 3:40:42 PM] [39m[36m[homebridge-z2m][39m [31mZigbee2MQTT is OFFLINE![39m
[37m[9/6/2026, 3:41:33 PM] [39m[36m[homebridge-z2m][39m Zigbee2MQTT is ONLINE
[37m[9/6/2026, 6:19:14 PM] [39m[36m[homebridge-z2m][39m [31mZigbee2MQTT is OFFLINE![39m
[37m[9/6/2026, 6:20:09 PM] [39m[36m[homebridge-z2m][39m Zigbee2MQTT is ONLINE
[37m[9/6/2026, 7:06:37 PM] [39m[36m[homebridge-ring][39m Reconnecting location socket.io connection
[37m[9/6/2026, 7:06:38 PM] [39m[36m[homebridge-ring][39m Creating location socket.io connection - UK Home
[37m[9/6/2026, 7:06:38 PM] [39m[36m[homebridge-ring][39m Ring connected to socket.io server
[37m[9/6/2026, 7:20:26 PM] [39m[36m[homebridge-z2m][39m [31mZigbee2MQTT is OFFLINE![39m
[37m[9/6/2026, 7:21:17 PM] [39m[36m[homebridge-z2m][39m Zigbee2MQTT is ONLINE
[37m[9/6/2026, 9:21:33 PM] [39m[36m[homebridge-z2m][39m [31mZigbee2MQTT is OFFLINE![39m
[37m[9/6/2026, 9:22:26 PM] [39m[36m[homebridge-z2m][39m Zigbee2MQTT is ONLINE
[37m[9/7/2026, 12:22:42 AM] [39m[36m[homebridge-z2m][39m [31mZigbee2MQTT is OFFLINE![39m
[37m[9/7/2026, 12:23:35 AM] [39m[36m[homebridge-z2m][39m Zigbee2MQTT is ONLINE
[37m[9/7/2026, 6:19:19 AM] [39m[36m[homebridge-z2m][39m [31mZigbee2MQTT is OFFLINE![39m
[37m[9/7/2026, 6:20:12 AM] [39m[36m[homebridge-z2m][39m Zigbee2MQTT is ONLINE
[37m[9/7/2026, 9:20:29 AM] [39m[36m[homebridge-z2m][39m [31mZigbee2MQTT is OFFLINE![39m
[37m[9/7/2026, 9:21:20 AM] [39m[36m[homebridge-z2m][39m Zigbee2MQTT is ONLINE
[37m[9/7/2026, 11:28:18 AM] [39m[36m[homebridge-z2m][39m [31mZigbee2MQTT is OFFLINE![39m
[37m[9/7/2026, 11:29:13 AM] [39m[36m[homebridge-z2m][39m Zigbee2MQTT is ONLINE
[37m[9/7/2026, 7:06:38 PM] [39m[36m[homebridge-ring][39m Reconnecting location socket.io connection
[37m[9/7/2026, 7:06:39 PM] [39m[36m[homebridge-ring][39m Creating location socket.io connection - UK Home
[37m[9/7/2026, 7:06:39 PM] [39m[36m[homebridge-ring][39m Ring connected to socket.io server
[37m[9/7/2026, 10:29:29 PM] [39m[36m[homebridge-z2m][39m [31mZigbee2MQTT is OFFLINE![39m
[37m[9/7/2026, 10:30:23 PM] [39m[36m[homebridge-z2m][39m Zigbee2MQTT is ONLINE
[37m[9/7/2026, 11:30:38 PM] [39m[36m[homebridge-z2m][39m [31mZigbee2MQTT is OFFLINE![39m
[37m[9/7/2026, 11:31:30 PM] [39m[36m[homebridge-z2m][39m Zigbee2MQTT is ONLINE
[37m[9/8/2026, 12:31:46 AM] [39m[36m[homebridge-z2m][39m [31mZigbee2MQTT is OFFLINE![39m
[37m[9/8/2026, 12:32:37 AM] [39m[36m[homebridge-z2m][39m Zigbee2MQTT is ONLINE
[37m[9/8/2026, 2:32:53 AM] [39m[36m[homebridge-z2m][39m [31mZigbee2MQTT is OFFLINE![39m
[37m[9/8/2026, 2:33:45 AM] [39m[36m[homebridge-z2m][39m Zigbee2MQTT is ONLINE
[37m[9/8/2026, 6:20:53 AM] [39m[36m[homebridge-z2m][39m [31mZigbee2MQTT is OFFLINE![39m
[37m[9/8/2026, 6:22:43 AM] [39m[36m[homebridge-z2m][39m Zigbee2MQTT is ONLINE
[37m[9/8/2026, 11:22:59 AM] [39m[36m[homebridge-z2m][39m [31mZigbee2MQTT is OFFLINE![39m
[37m[9/8/2026, 11:23:51 AM] [39m[36m[homebridge-z2m][39m Zigbee2MQTT is ONLINE
[37m[9/8/2026, 7:06:39 PM] [39m[36m[homebridge-ring][39m Reconnecting location socket.io connection
[37m[9/8/2026, 7:06:40 PM] [39m[36m[homebridge-ring][39m Creating location socket.io connection - UK Home
[37m[9/8/2026, 7:06:50 PM] [39m[36m[homebridge-ring][39m Ring connected to socket.io server
[37m[9/8/2026, 10:24:08 PM] [39m[36m[homebridge-z2m][39m [31mZigbee2MQTT is OFFLINE![39m
[37m[9/8/2026, 10:25:00 PM] [39m[36m[homebridge-z2m][39m Zigbee2MQTT is ONLINE
[37m[9/9/2026, 1:32:16 AM] [39m[36m[homebridge-z2m][39m [31mZigbee2MQTT is OFFLINE![39m
[37m[9/9/2026, 1:33:08 AM] [39m[36m[homebridge-z2m][39m Zigbee2MQTT is ONLINE
[37m[9/9/2026, 12:33:25 PM] [39m[36m[homebridge-z2m][39m [31mZigbee2MQTT is OFFLINE![39m
[37m[9/9/2026, 12:34:21 PM] [39m[36m[homebridge-z2m][39m Zigbee2MQTT is ONLINE
[37m[9/9/2026, 7:06:50 PM] [39m[36m[homebridge-ring][39m Reconnecting location socket.io connection
[37m[9/9/2026, 7:06:51 PM] [39m[36m[homebridge-ring][39m Creating location socket.io connection - UK Home
[37m[9/9/2026, 7:06:51 PM] [39m[36m[homebridge-ring][39m Ring connected to socket.io server
[37m[9/9/2026, 8:34:38 PM] [39m[36m[homebridge-z2m][39m [31mZigbee2MQTT is OFFLINE![39m
[37m[9/9/2026, 8:35:31 PM] [39m[36m[homebridge-z2m][39m Zigbee2MQTT is ONLINE
[37m[9/9/2026, 11:41:27 PM] [39m[36m[homebridge-ring][39m Reconnecting location socket.io connection
[37m[9/9/2026, 11:41:28 PM] [39m[36m[homebridge-ring][39m Creating location socket.io connection - UK Home
[37m[9/9/2026, 11:41:29 PM] [39m[36m[homebridge-ring][39m Ring connected to socket.io server
[37m[9/9/2026, 11:41:40 PM] [39m[36m[homebridge-ring][39m Location connection told to reconnect
[37m[9/9/2026, 11:41:40 PM] [39m[36m[homebridge-ring][39m Reconnecting location socket.io connection
[37m[9/9/2026, 11:41:41 PM] [39m[36m[homebridge-ring][39m Creating location socket.io connection - UK Home
[37m[9/9/2026, 11:41:41 PM] [39m[36m[homebridge-ring][39m Ring connected to socket.io server
[37m[9/9/2026, 11:41:41 PM] [39m[36m[homebridge-ring][39m [31mRing base_station_v1 643d9320-b6ce-41ac-48a8-cd1b91239331 is offline or on cellular backup.  Waiting for status to change[39m
[37m[9/9/2026, 11:43:11 PM] [39m[36m[homebridge-ring][39m Ring base_station_v1 643d9320-b6ce-41ac-48a8-cd1b91239331 has come back online
[37m[9/10/2026, 12:29:29 AM] [39m[36m[homebridge-ring][39m Reconnecting location socket.io connection
[37m[9/10/2026, 12:29:30 AM] [39m[36m[homebridge-ring][39m Creating location socket.io connection - UK Home
[37m[9/10/2026, 12:29:31 AM] [39m[36m[homebridge-ring][39m Ring connected to socket.io server
[37m[9/10/2026, 12:29:51 AM] [39m[36m[homebridge-ring][39m [31mRing base_station_v1 643d9320-b6ce-41ac-48a8-cd1b91239331 is offline or on cellular backup.  Waiting for status to change[39m
[37m[9/10/2026, 12:30:03 AM] [39m[36m[homebridge-ring][39m Location connection told to reconnect
[37m[9/10/2026, 12:30:03 AM] [39m[36m[homebridge-ring][39m Reconnecting location socket.io connection
[37m[9/10/2026, 12:30:04 AM] [39m[36m[homebridge-ring][39m Creating location socket.io connection - UK Home
[37m[9/10/2026, 12:30:05 AM] [39m[36m[homebridge-ring][39m Ring connected to socket.io server
[37m[9/10/2026, 12:30:05 AM] [39m[36m[homebridge-ring][39m [31mRing base_station_v1 643d9320-b6ce-41ac-48a8-cd1b91239331 is offline or on cellular backup.  Waiting for status to change[39m
[37m[9/10/2026, 12:31:35 AM] [39m[36m[homebridge-ring][39m Ring base_station_v1 643d9320-b6ce-41ac-48a8-cd1b91239331 has come back online
[37m[9/10/2026, 12:35:47 AM] [39m[36m[homebridge-z2m][39m [31mZigbee2MQTT is OFFLINE![39m
[37m[9/10/2026, 12:36:39 AM] [39m[36m[homebridge-z2m][39m Zigbee2MQTT is ONLINE
[37m[9/10/2026, 10:36:56 AM] [39m[36m[homebridge-z2m][39m [31mZigbee2MQTT is OFFLINE![39m
[37m[9/10/2026, 10:37:50 AM] [39m[36m[homebridge-z2m][39m Zigbee2MQTT is ONLINE
[37m[9/10/2026, 1:38:06 PM] [39m[36m[homebridge-z2m][39m [31mZigbee2MQTT is OFFLINE![39m
[37m[9/10/2026, 1:38:59 PM] [39m[36m[homebridge-z2m][39m Zigbee2MQTT is ONLINE
[37m[9/10/2026, 9:39:15 PM] [39m[36m[homebridge-z2m][39m [31mZigbee2MQTT is OFFLINE![39m
[37m[9/10/2026, 9:40:08 PM] [39m[36m[homebridge-z2m][39m Zigbee2MQTT is ONLINE
[37m[9/11/2026, 12:29:31 AM] [39m[36m[homebridge-ring][39m Reconnecting location socket.io connection
[37m[9/11/2026, 12:29:32 AM] [39m[36m[homebridge-ring][39m Creating location socket.io connection - UK Home
[37m[9/11/2026, 12:29:32 AM] [39m[36m[homebridge-ring][39m Ring connected to socket.io server
[37m[9/11/2026, 3:40:24 AM] [39m[36m[homebridge-z2m][39m [31mZigbee2MQTT is OFFLINE![39m
[37m[9/11/2026, 3:41:17 AM] [39m[36m[homebridge-z2m][39m Zigbee2MQTT is ONLINE
[37m[9/11/2026, 10:41:33 AM] [39m[36m[homebridge-z2m][39m [31mZigbee2MQTT is OFFLINE![39m
[37m[9/11/2026, 10:42:26 AM] [39m[36m[homebridge-z2m][39m Zigbee2MQTT is ONLINE
[37m[9/11/2026, 3:30:55 PM] [39m[36m[homebridge-z2m][39m [31mZigbee2MQTT is OFFLINE![39m
[37m[9/11/2026, 3:31:48 PM] [39m[36m[homebridge-z2m][39m Zigbee2MQTT is ONLINE
[37m[9/11/2026, 6:32:04 PM] [39m[36m[homebridge-z2m][39m [31mZigbee2MQTT is OFFLINE![39m
[37m[9/11/2026, 6:32:56 PM] [39m[36m[homebridge-z2m][39m Zigbee2MQTT is ONLINE
[37m[9/11/2026, 9:33:13 PM] [39m[36m[homebridge-z2m][39m [31mZigbee2MQTT is OFFLINE![39m
[37m[9/11/2026, 9:34:05 PM] [39m[36m[homebridge-z2m][39m Zigbee2MQTT is ONLINE
[37m[9/11/2026, 10:34:21 PM] [39m[36m[homebridge-z2m][39m [31mZigbee2MQTT is OFFLINE![39m
[37m[9/11/2026, 10:35:12 PM] [39m[36m[homebridge-z2m][39m Zigbee2MQTT is ONLINE
[37m[9/12/2026, 12:29:32 AM] [39m[36m[homebridge-ring][39m Reconnecting location socket.io connection
[37m[9/12/2026, 12:29:33 AM] [39m[36m[homebridge-ring][39m Creating location socket.io connection - UK Home
[37m[9/12/2026, 12:29:33 AM] [39m[36m[homebridge-ring][39m Ring connected to socket.io server
[37m[9/12/2026, 2:35:28 AM] [39m[36m[homebridge-z2m][39m [31mZigbee2MQTT is OFFLINE![39m
[37m[9/12/2026, 2:36:19 AM] [39m[36m[homebridge-z2m][39m Zigbee2MQTT is ONLINE
[37m[9/12/2026, 3:36:35 AM] [39m[36m[homebridge-z2m][39m [31mZigbee2MQTT is OFFLINE![39m
[37m[9/12/2026, 3:37:26 AM] [39m[36m[homebridge-z2m][39m Zigbee2MQTT is ONLINE
[37m[9/12/2026, 3:43:23 AM] [39m[36m[homebridge-ring][39m Preparing Live Stream for Front Door
[37m[9/12/2026, 3:43:24 AM] [39m[36m[homebridge-ring][39m Stream Prepared for Front Door (0.425s)
[37m[9/12/2026, 3:43:24 AM] [39m[36m[homebridge-ring][39m Activating stream for Front Door (0.558s)
[37m[9/12/2026, 3:43:24 AM] [39m[36m[homebridge-ring][39m iceConnectionStateChange: checking
[37m[9/12/2026, 3:43:24 AM] [39m[36m[homebridge-ring][39m iceConnectionStateChange: completed
[37m[9/12/2026, 3:43:24 AM] [39m[36m[homebridge-ring][39m connectionStateChange: connecting
[37m[9/12/2026, 3:43:24 AM] [39m[36m[homebridge-ring][39m iceConnectionStateChange: checking
[37m[9/12/2026, 3:43:24 AM] [39m[36m[homebridge-ring][39m connectionStateChange: connecting
[37m[9/12/2026, 3:43:24 AM] [39m[36m[homebridge-ring][39m Activating Session
[37m[9/12/2026, 3:43:24 AM] [39m[36m[homebridge-ring][39m Streaming active for Front Door (0.936s)
[37m[9/12/2026, 3:43:25 AM] [39m[36m[homebridge-ring][39m iceConnectionStateChange: connected
[37m[9/12/2026, 3:43:25 AM] [39m[36m[homebridge-ring][39m connectionStateChange: connected
[37m[9/12/2026, 3:43:26 AM] [39m[36m[homebridge-ring][39m Received stream data from Front Door (2.437s)
[37m[9/12/2026, 3:43:50 AM] [39m[36m[homebridge-ring][39m Stopped Live Stream for Front Door
[37m[9/12/2026, 3:43:50 AM] [39m[36m[homebridge-ring][39m connectionStateChange: closed
[37m[9/12/2026, 3:43:50 AM] [39m[36m[homebridge-ring][39m iceConnectionStateChange: closed
[37m[9/12/2026, 3:43:55 AM] [39m[36m[homebridge-ring][39m Preparing Live Stream for Front Door
[37m[9/12/2026, 3:43:55 AM] [39m[36m[homebridge-ring][39m Stream Prepared for Front Door (0.099s)
[37m[9/12/2026, 3:43:55 AM] [39m[36m[homebridge-ring][39m Activating stream for Front Door (0.134s)
[37m[9/12/2026, 3:43:55 AM] [39m[36m[homebridge-ring][39m iceConnectionStateChange: checking
[37m[9/12/2026, 3:43:55 AM] [39m[36m[homebridge-ring][39m iceConnectionStateChange: completed
[37m[9/12/2026, 3:43:55 AM] [39m[36m[homebridge-ring][39m connectionStateChange: connecting
[37m[9/12/2026, 3:43:55 AM] [39m[36m[homebridge-ring][39m iceConnectionStateChange: checking
[37m[9/12/2026, 3:43:55 AM] [39m[36m[homebridge-ring][39m connectionStateChange: connecting
[37m[9/12/2026, 3:43:55 AM] [39m[36m[homebridge-ring][39m Activating Session
[37m[9/12/2026, 3:43:55 AM] [39m[36m[homebridge-ring][39m Streaming active for Front Door (0.557s)
[37m[9/12/2026, 3:43:56 AM] [39m[36m[homebridge-ring][39m iceConnectionStateChange: connected
[37m[9/12/2026, 3:43:56 AM] [39m[36m[homebridge-ring][39m connectionStateChange: connected
[37m[9/12/2026, 3:43:56 AM] [39m[36m[homebridge-ring][39m Received stream data from Front Door (1.444s)
[37m[9/12/2026, 3:44:11 AM] [39m[36m[homebridge-ring][39m Stopped Live Stream for Front Door
[37m[9/12/2026, 3:44:11 AM] [39m[36m[homebridge-ring][39m connectionStateChange: closed
[37m[9/12/2026, 3:44:11 AM] [39m[36m[homebridge-ring][39m iceConnectionStateChange: closed
[37m[9/12/2026, 7:37:42 AM] [39m[36m[homebridge-z2m][39m [31mZigbee2MQTT is OFFLINE![39m
[37m[9/12/2026, 7:38:35 AM] [39m[36m[homebridge-z2m][39m Zigbee2MQTT is ONLINE
[37m[9/12/2026, 8:38:51 AM] [39m[36m[homebridge-z2m][39m [31mZigbee2MQTT is OFFLINE![39m
[37m[9/12/2026, 8:39:41 AM] [39m[36m[homebridge-z2m][39m Zigbee2MQTT is ONLINE
[37m[9/12/2026, 10:39:57 AM] [39m[36m[homebridge-z2m][39m [31mZigbee2MQTT is OFFLINE![39m
[37m[9/12/2026, 10:40:48 AM] [39m[36m[homebridge-z2m][39m Zigbee2MQTT is ONLINE
[37m[9/12/2026, 1:58:48 PM] [39m[31mAssertionError [ERR_ASSERTION]: IP address version must match. Netmask cannot have a version different from the address![39m
[31m    at getNetAddress (/homebridge/node_modules/homebridge/node_modules/@homebridge/ciao/src/util/domain-formatter.ts:269:9)[39m
[31m    at MDNSServer.handleMessage (/homebridge/node_modules/homebridge/node_modules/@homebridge/ciao/src/MDNSServer.ts:682:42)[39m
[31m    at Socket.<anonymous> (/homebridge/node_modules/homebridge/node_modules/@homebridge/ciao/src/MDNSServer.ts:571:69)[39m
[31m    at Socket.emit (node:events:519:28)[39m
[31m    at UDP.onMessage (node:dgram:991:8)[39m
[37m[9/12/2026, 1:58:48 PM] [39m[31mAssertionError [ERR_ASSERTION]: IP address version must match. Netmask cannot have a version different from the address![39m
[31m    at getNetAddress (/homebridge/node_modules/homebridge/node_modules/@homebridge/ciao/src/util/domain-formatter.ts:269:9)[39m
[31m    at MDNSServer.handleMessage (/homebridge/node_modules/homebridge/node_modules/@homebridge/ciao/src/MDNSServer.ts:682:42)[39m
[31m    at Socket.<anonymous> (/homebridge/node_modules/homebridge/node_modules/@homebridge/ciao/src/MDNSServer.ts:571:69)[39m
[31m    at Socket.emit (node:events:519:28)[39m
[31m    at UDP.onMessage (node:dgram:991:8)[39m
[37m[9/12/2026, 1:58:48 PM] [39mGot SIGTERM, shutting down Homebridge...
[37m[9/12/2026, 1:58:48 PM] [39mGot SIGTERM, shutting down child bridge process...
[37m[9/12/2026, 1:58:48 PM] [39mGot SIGTERM, shutting down child bridge process...
[37m[9/12/2026, 1:58:53 PM][0m [36m[HB Supervisor][0m [INFO] Homebridge process ended. Code: 143, signal: null.
[37m[9/12/2026, 1:58:58 PM][0m [36m[HB Supervisor][0m [INFO] Restarting Homebridge...
[37m[9/12/2026, 1:58:58 PM][0m [36m[HB Supervisor][0m [DEBUG] Starting Homebridge with extra flags: -I -P /var/lib/homebridge/node_modules --strict-plugin-resolution.
[37m[9/12/2026, 1:58:58 PM][0m [36m[HB Supervisor][0m [SUCCESS] Started Homebridge v2.3.1 with PID: 603739.
[37m[9/12/2026, 1:58:59 PM] [39mLoaded config.json with 0 accessories and 3 platforms.
[37m[9/12/2026, 1:58:59 PM] [39mLoaded 0 cached accessories from cachedAccessories.
[37m[9/12/2026, 1:58:59 PM] [39m---
[37m[9/12/2026, 1:59:00 PM] [39mLoaded plugin: homebridge-ring@14.3.0
[37m[9/12/2026, 1:59:00 PM] [39mRegistering platform 'homebridge-ring.Ring'
[37m[9/12/2026, 1:59:00 PM] [39m---
[37m[9/12/2026, 1:59:00 PM] [39mLoaded plugin: homebridge-tapo-camera@2.9.6
[37m[9/12/2026, 1:59:00 PM] [39mRegistering platform 'homebridge-tapo-camera.tapo-camera'
[37m[9/12/2026, 1:59:00 PM] [39m---
[37m[9/12/2026, 1:59:00 PM] [39mLoaded plugin: homebridge-z2m@1.11.0
[37m[9/12/2026, 1:59:00 PM] [39mRegistering platform 'homebridge-z2m.zigbee2mqtt'
[37m[9/12/2026, 1:59:00 PM] [39m---
[37m[9/12/2026, 1:59:00 PM] [39mLoading 3 platforms...
[37m[9/12/2026, 1:59:00 PM] [39m[36m[zigbee2mqtt][39m Initializing zigbee2mqtt platform...
[37m[9/12/2026, 1:59:00 PM] [39m[36m[zigbee2mqtt][39m Initializing child bridge 0E:85:25:C6:58:78
[37m[9/12/2026, 1:59:00 PM] [39m[36m[Ring][39m Initializing Ring platform...
[37m[9/12/2026, 1:59:00 PM] [39m[36m[Ring][39m Initializing child bridge 0E:98:C8:CF:BE:1F
Setup Payload:
X-HM://0024GB2GTC3BR
Enter this code with your HomeKit app on your iOS device to pair with Homebridge:
[30m[47m                       [49m[39m
[30m[47m    ┌────────────┐     [49m[39m
[30m[47m    │ 594-16-893 │     [49m[39m
[30m[47m    └────────────┘     [49m[39m
[30m[47m                       [49m[39m
[37m[9/12/2026, 1:59:00 PM] [39m[32mHomebridge v2.3.1 (HAP v2.2.0) (Homebridge BA2C) is running on port 51833.[39m
Warning: no IPv4 address available on wlp3s0b1
[37m[9/12/2026, 1:59:00 PM] [39m[36m[homebridge-ring][39m Child bridge starting (pid 603752)...
[37m[9/12/2026, 1:59:00 PM] [39m[36m[homebridge-z2m][39m Child bridge starting (pid 603751)...
[37m[9/12/2026, 1:59:01 PM] [39mRegistering platform 'homebridge-z2m.zigbee2mqtt'
[37m[9/12/2026, 1:59:01 PM] [39m[36m[homebridge-z2m][39m [32mChild bridge started successfully (plugin v1.11.0).[39m
[37m[9/12/2026, 1:59:01 PM] [39mLoaded 7 cached accessories from cachedAccessories.0E8525C65878.
[37m[9/12/2026, 1:59:01 PM] [39m[36m[homebridge-z2m][39m Connecting to MQTT server at mqtt://192.168.0.254:1883
[37m[9/12/2026, 1:59:01 PM] [39m[36m[homebridge-z2m][39m Restoring accessory: Stair Window Blind (0x0ceff6fffea68c9f)
[37m[9/12/2026, 1:59:01 PM] [39m[36m[homebridge-z2m][39m Restoring accessory: IR Controller (0x881a14fffefeb90c)
[37m[9/12/2026, 1:59:01 PM] [39m[36m[homebridge-z2m][39m Restoring accessory: KitchenSensor (0xa4c1385b0afe776f)
[37m[9/12/2026, 1:59:01 PM] [39m[36m[homebridge-z2m][39m Restoring accessory: 0xa4c1382be2a2c9bb (0xa4c1382be2a2c9bb)
[37m[9/12/2026, 1:59:01 PM] [39m[36m[homebridge-z2m][39m Restoring accessory: 0xa4c13850a9de526a (0xa4c13850a9de526a)
[37m[9/12/2026, 1:59:01 PM] [39m[36m[homebridge-z2m][39m Restoring accessory: CurtainRod (0x842712fffe476f83)
[37m[9/12/2026, 1:59:01 PM] [39m[36m[homebridge-z2m][39m Restoring accessory: 0xa4c138b062025916 (0xa4c138b062025916)
[37m[9/12/2026, 1:59:01 PM] [39m[32mHomebridge v2.3.1 (HAP v2.2.0) (homebridge-z2m) is running on port 55785.[39m
Warning: no IPv4 address available on wlp3s0b1
[37m[9/12/2026, 1:59:01 PM] [39m[36m[homebridge-z2m][39m Connected to MQTT server
[37m[9/12/2026, 1:59:01 PM] [39m[36m[homebridge-z2m][39m Zigbee2MQTT is ONLINE
[37m[9/12/2026, 1:59:01 PM] [39m[36m[homebridge-z2m][39m Using Zigbee2MQTT v1.41.0 (identified via zigbee2mqtt/bridge/info)
[37m[9/12/2026, 1:59:01 PM] [39mRegistering platform 'homebridge-ring.Ring'
[37m[9/12/2026, 1:59:01 PM] [39m[36m[homebridge-ring][39m [32mChild bridge started successfully (plugin v14.3.0).[39m
[37m[9/12/2026, 1:59:01 PM] [39mLoaded 8 cached accessories from cachedAccessories.0E98C8CFBE1F.
[37m[9/12/2026, 1:59:01 PM] [39m[36m[homebridge-ring][39m Configuring cached accessory ad9d8f33-139c-49f5-b19d-01ef771d75e9 Alarm
[37m[9/12/2026, 1:59:01 PM] [39m[36m[homebridge-ring][39m Configuring cached accessory d83034c6-8acc-41b5-8472-2b196c0da16f Base Station
[37m[9/12/2026, 1:59:01 PM] [39m[36m[homebridge-ring][39m Configuring cached accessory 40a5dd88-aa49-4079-b3ae-042bf8164f54 Main Door
[37m[9/12/2026, 1:59:01 PM] [39m[36m[homebridge-ring][39m Configuring cached accessory 240c1867-c517-4a5f-b141-3286d054b43f Living Room Motion
[37m[9/12/2026, 1:59:01 PM] [39m[36m[homebridge-ring][39m Configuring cached accessory 0c7a7ccb-7d7c-44f2-adda-c97834c5a8a8 Entrance hall Keypad
[37m[9/12/2026, 1:59:01 PM] [39m[36m[homebridge-ring][39m Configuring cached accessory 6bfcffbd-d4c0-4a7b-b9dc-242c8b4b90cf Conservatory Door
[37m[9/12/2026, 1:59:01 PM] [39m[36m[homebridge-ring][39m Configuring cached accessory f90f7eff-cc81-440f-b2aa-f5b16c9db8cc Kitchen Window
[37m[9/12/2026, 1:59:01 PM] [39m[36m[homebridge-ring][39m Configuring cached accessory 5e2c8d9b-3287-49d5-9f2c-a63f3099106e Dining Room Window
[37m[9/12/2026, 1:59:01 PM] [39m[32mHomebridge v2.3.1 (HAP v2.2.0) (homebridge-ring) is running on port 58615.[39m
Warning: no IPv4 address available on wlp3s0b1
[37m[9/12/2026, 1:59:02 PM] [39m[36m[homebridge-ring][39m Found the following locations:
[37m[9/12/2026, 1:59:02 PM] [39m[36m[homebridge-ring][39m   locationId: 31fec751-e7b7-4c41-a2b5-c850a4d16903 - UK Home
[37m[9/12/2026, 1:59:02 PM] [39m[36m[homebridge-ring][39m Creating location socket.io connection - UK Home
[37m[9/12/2026, 1:59:03 PM] [39m[36m[homebridge-ring][39m Ring connected to socket.io server
[37m[9/12/2026, 1:59:04 PM] [39m[36m[homebridge-ring][39m Configuring 2 cameras and 16 devices for location "UK Home" - locationId: 31fec751-e7b7-4c41-a2b5-c850a4d16903
[37m[9/12/2026, 1:59:04 PM] [39m[36m[homebridge-ring][39m Hidden accessory a43913b0-f3bf-4977-82f9-82749323ba25 adapter.shadow Shadow Adapter
[37m[9/12/2026, 1:59:04 PM] [39m[36m[homebridge-ring][39m Configured camera 23e4601d-cf67-451a-aae4-7b0e8df1b231 cocoa_doorbell_v2 Front Door
[37m[9/12/2026, 1:59:04 PM] [39m[36m[homebridge-ring][39m Configured camera 00d47fe9-0b58-4f7b-b0ac-98c7d9017d7d stickup_cam_mini_v2 Conservatory
[37m[9/12/2026, 1:59:04 PM] [39m[32mFront Door FD52 is running on port 33215.[39m
[37m[9/12/2026, 1:59:04 PM] [39mPlease add [Front Door FD52] manually in Home app. Setup Code: 594-16-893
[37m[9/12/2026, 1:59:04 PM] [39m[32mConservatory 04EF is running on port 42657.[39m
[37m[9/12/2026, 1:59:04 PM] [39mPlease add [Conservatory 04EF] manually in Home app. Setup Code: 594-16-893
[37m[9/12/2026, 7:17:45 PM] [39m[36m[homebridge-z2m][39m [31mZigbee2MQTT is OFFLINE![39m
[37m[9/12/2026, 7:18:38 PM] [39m[36m[homebridge-z2m][39m Zigbee2MQTT is ONLINE
[37m[9/12/2026, 9:14:09 PM] [39m[36m[homebridge-z2m][39m [31mZigbee2MQTT is OFFLINE![39m
[37m[9/12/2026, 9:15:09 PM] [39m[36m[homebridge-z2m][39m Zigbee2MQTT is ONLINE
[37m[9/13/2026, 12:15:25 AM] [39m[36m[homebridge-z2m][39m [31mZigbee2MQTT is OFFLINE![39m
[37m[9/13/2026, 12:17:16 AM] [39m[36m[homebridge-z2m][39m Zigbee2MQTT is ONLINE
[37m[9/13/2026, 5:17:31 AM] [39m[36m[homebridge-z2m][39m [31mZigbee2MQTT is OFFLINE![39m
[37m[9/13/2026, 5:18:23 AM] [39m[36m[homebridge-z2m][39m Zigbee2MQTT is ONLINE
[37m[9/13/2026, 7:18:39 AM] [39m[36m[homebridge-z2m][39m [31mZigbee2MQTT is OFFLINE![39m
[37m[9/13/2026, 7:19:36 AM] [39m[36m[homebridge-z2m][39m Zigbee2MQTT is ONLINE
[37m[9/13/2026, 8:19:52 AM] [39m[36m[homebridge-z2m][39m [31mZigbee2MQTT is OFFLINE![39m
[37m[9/13/2026, 8:20:43 AM] [39m[36m[homebridge-z2m][39m Zigbee2MQTT is ONLINE
[37m[9/13/2026, 11:54:42 AM] [39m[36m[homebridge-z2m][39m [31mZigbee2MQTT is OFFLINE![39m
[37m[9/13/2026, 11:55:35 AM] [39m[36m[homebridge-z2m][39m Zigbee2MQTT is ONLINE
[37m[9/13/2026, 1:59:03 PM] [39m[36m[homebridge-ring][39m Reconnecting location socket.io connection
[37m[9/13/2026, 1:59:04 PM] [39m[36m[homebridge-ring][39m Creating location socket.io connection - UK Home
[37m[9/13/2026, 1:59:04 PM] [39m[36m[homebridge-ring][39m Ring connected to socket.io server
[37m[9/13/2026, 4:55:52 PM] [39m[36m[homebridge-z2m][39m [31mZigbee2MQTT is OFFLINE![39m
[37m[9/13/2026, 4:56:45 PM] [39m[36m[homebridge-z2m][39m Zigbee2MQTT is ONLINE
[37m[9/13/2026, 8:03:59 PM] [39m[36m[homebridge-z2m][39m [31mZigbee2MQTT is OFFLINE![39m
[37m[9/13/2026, 8:04:53 PM] [39m[36m[homebridge-z2m][39m Zigbee2MQTT is ONLINE
[37m[9/14/2026, 12:05:09 AM] [39m[36m[homebridge-z2m][39m [31mZigbee2MQTT is OFFLINE![39m
[37m[9/14/2026, 12:06:03 AM] [39m[36m[homebridge-z2m][39m Zigbee2MQTT is ONLINE
[37m[9/14/2026, 2:06:19 AM] [39m[36m[homebridge-z2m][39m [31mZigbee2MQTT is OFFLINE![39m
[37m[9/14/2026, 2:08:19 AM] [39m[36m[homebridge-z2m][39m Zigbee2MQTT is ONLINE
[37m[9/14/2026, 3:08:36 AM] [39m[36m[homebridge-z2m][39m [31mZigbee2MQTT is OFFLINE![39m
[37m[9/14/2026, 3:09:25 AM] [39m[36m[homebridge-z2m][39m Zigbee2MQTT is ONLINE
[37m[9/14/2026, 6:09:41 AM] [39m[36m[homebridge-z2m][39m [31mZigbee2MQTT is OFFLINE![39m
[37m[9/14/2026, 6:10:33 AM] [39m[36m[homebridge-z2m][39m Zigbee2MQTT is ONLINE
[37m[9/14/2026, 8:10:50 AM] [39m[36m[homebridge-z2m][39m [31mZigbee2MQTT is OFFLINE![39m
[37m[9/14/2026, 8:11:43 AM] [39m[36m[homebridge-z2m][39m Zigbee2MQTT is ONLINE
[37m[9/14/2026, 11:02:08 AM] [39m[36m[homebridge-z2m][39m [31mZigbee2MQTT is OFFLINE![39m
[37m[9/14/2026, 11:03:01 AM] [39m[36m[homebridge-z2m][39m Zigbee2MQTT is ONLINE
[37m[9/14/2026, 1:03:17 PM] [39m[36m[homebridge-z2m][39m [31mZigbee2MQTT is OFFLINE![39m
[37m[9/14/2026, 1:04:09 PM] [39m[36m[homebridge-z2m][39m Zigbee2MQTT is ONLINE
[37m[9/14/2026, 1:59:04 PM] [39m[36m[homebridge-ring][39m Reconnecting location socket.io connection
[37m[9/14/2026, 1:59:05 PM] [39m[36m[homebridge-ring][39m Creating location socket.io connection - UK Home
[37m[9/14/2026, 1:59:05 PM] [39m[36m[homebridge-ring][39m Ring connected to socket.io server
[37m[9/14/2026, 2:04:25 PM] [39m[36m[homebridge-z2m][39m [31mZigbee2MQTT is OFFLINE![39m
[37m[9/14/2026, 2:05:15 PM] [39m[36m[homebridge-z2m][39m Zigbee2MQTT is ONLINE
[37m[9/14/2026, 4:28:19 PM] [39m[36m[homebridge-ring][39m Preparing Live Stream for Front Door
[37m[9/14/2026, 4:28:19 PM] [39m[36m[homebridge-ring][39m Stream Prepared for Front Door (0.414s)
[37m[9/14/2026, 4:28:20 PM] [39m[36m[homebridge-ring][39m iceConnectionStateChange: checking
[37m[9/14/2026, 4:28:20 PM] [39m[36m[homebridge-ring][39m iceConnectionStateChange: completed
[37m[9/14/2026, 4:28:20 PM] [39m[36m[homebridge-ring][39m connectionStateChange: connecting
[37m[9/14/2026, 4:28:20 PM] [39m[36m[homebridge-ring][39m iceConnectionStateChange: checking
[37m[9/14/2026, 4:28:20 PM] [39m[36m[homebridge-ring][39m connectionStateChange: connecting
[37m[9/14/2026, 4:28:20 PM] [39m[36m[homebridge-ring][39m Activating Session
[37m[9/14/2026, 4:28:20 PM] [39m[36m[homebridge-ring][39m Activating stream for Front Door (1.607s)
[37m[9/14/2026, 4:28:20 PM] [39m[36m[homebridge-ring][39m Streaming active for Front Door (1.646s)
[37m[9/14/2026, 4:28:21 PM] [39m[36m[homebridge-ring][39m iceConnectionStateChange: connected
[37m[9/14/2026, 4:28:21 PM] [39m[36m[homebridge-ring][39m connectionStateChange: connected
[37m[9/14/2026, 4:28:22 PM] [39m[36m[homebridge-ring][39m Received stream data from Front Door (2.738s)
[37m[9/14/2026, 4:28:32 PM] [39m[36m[homebridge-ring][39m Stopped Live Stream for Front Door
[37m[9/14/2026, 4:28:32 PM] [39m[36m[homebridge-ring][39m connectionStateChange: closed
[37m[9/14/2026, 4:28:32 PM] [39m[36m[homebridge-ring][39m iceConnectionStateChange: closed
[37m[9/14/2026, 8:05:06 PM] [39m[36m[homebridge-ring][39m Location connection told to reconnect
[37m[9/14/2026, 8:05:06 PM] [39m[36m[homebridge-ring][39m Reconnecting location socket.io connection
[37m[9/14/2026, 8:05:07 PM] [39m[36m[homebridge-ring][39m Creating location socket.io connection - UK Home
[37m[9/14/2026, 8:05:08 PM] [39m[36m[homebridge-ring][39m Ring connected to socket.io server
[37m[9/14/2026, 8:05:08 PM] [39m[36m[homebridge-ring][39m [31mRing base_station_v1 643d9320-b6ce-41ac-48a8-cd1b91239331 is offline or on cellular backup.  Waiting for status to change[39m
[37m[9/14/2026, 8:05:31 PM] [39m[36m[homebridge-z2m][39m [31mZigbee2MQTT is OFFLINE![39m
[37m[9/14/2026, 8:05:38 PM] [39m[36m[homebridge-ring][39m Ring base_station_v1 643d9320-b6ce-41ac-48a8-cd1b91239331 has come back online
[37m[9/14/2026, 8:06:24 PM] [39m[36m[homebridge-z2m][39m Zigbee2MQTT is ONLINE
[37m[9/15/2026, 2:06:40 AM] [39m[36m[homebridge-z2m][39m [31mZigbee2MQTT is OFFLINE![39m
[37m[9/15/2026, 2:07:33 AM] [39m[36m[homebridge-z2m][39m Zigbee2MQTT is ONLINE
[37m[9/15/2026, 6:07:49 AM] [39m[36m[homebridge-z2m][39m [31mZigbee2MQTT is OFFLINE![39m
[37m[9/15/2026, 6:08:42 AM] [39m[36m[homebridge-z2m][39m Zigbee2MQTT is ONLINE
[37m[9/15/2026, 10:08:58 AM] [39m[36m[homebridge-z2m][39m [31mZigbee2MQTT is OFFLINE![39m
[37m[9/15/2026, 10:09:50 AM] [39m[36m[homebridge-z2m][39m Zigbee2MQTT is ONLINE
[37m[9/15/2026, 1:23:39 PM] [39m[36m[homebridge-z2m][39m [31mZigbee2MQTT is OFFLINE![39m
[37m[9/15/2026, 1:24:37 PM] [39m[36m[homebridge-z2m][39m Zigbee2MQTT is ONLINE
[37m[9/15/2026, 3:24:53 PM] [39m[36m[homebridge-z2m][39m [31mZigbee2MQTT is OFFLINE![39m
[37m[9/15/2026, 3:25:46 PM] [39m[36m[homebridge-z2m][39m Zigbee2MQTT is ONLINE
[37m[9/15/2026, 8:05:08 PM] [39m[36m[homebridge-ring][39m Reconnecting location socket.io connection
[37m[9/15/2026, 8:05:09 PM] [39m[36m[homebridge-ring][39m Creating location socket.io connection - UK Home
[37m[9/15/2026, 8:05:09 PM] [39m[36m[homebridge-ring][39m Ring connected to socket.io server
[37m[9/15/2026, 9:26:02 PM] [39m[36m[homebridge-z2m][39m [31mZigbee2MQTT is OFFLINE![39m
[37m[9/15/2026, 9:26:56 PM] [39m[36m[homebridge-z2m][39m Zigbee2MQTT is ONLINE
[37m[9/15/2026, 9:28:18 PM] [39m[36m[homebridge-z2m][39m [31mZigbee2MQTT is OFFLINE![39m
[37m[9/15/2026, 9:29:15 PM] [39m[36m[homebridge-z2m][39m Zigbee2MQTT is ONLINE
[37m[9/15/2026, 10:29:31 PM] [39m[36m[homebridge-z2m][39m [31mZigbee2MQTT is OFFLINE![39m
[37m[9/15/2026, 10:30:22 PM] [39m[36m[homebridge-z2m][39m Zigbee2MQTT is ONLINE
[37m[9/16/2026, 12:30:38 AM] [39m[36m[homebridge-z2m][39m [31mZigbee2MQTT is OFFLINE![39m
[37m[9/16/2026, 12:31:31 AM] [39m[36m[homebridge-z2m][39m Zigbee2MQTT is ONLINE
[37m[9/16/2026, 2:31:47 AM] [39m[36m[homebridge-z2m][39m [31mZigbee2MQTT is OFFLINE![39m
[37m[9/16/2026, 2:32:37 AM] [39m[36m[homebridge-z2m][39m Zigbee2MQTT is ONLINE
[37m[9/16/2026, 3:32:54 AM] [39m[36m[homebridge-z2m][39m [31mZigbee2MQTT is OFFLINE![39m
[37m[9/16/2026, 3:33:45 AM] [39m[36m[homebridge-z2m][39m Zigbee2MQTT is ONLINE
[37m[9/16/2026, 7:34:02 AM] [39m[36m[homebridge-z2m][39m [31mZigbee2MQTT is OFFLINE![39m
[37m[9/16/2026, 7:34:54 AM] [39m[36m[homebridge-z2m][39m Zigbee2MQTT is ONLINE
[37m[9/16/2026, 1:15:05 PM] [39m[36m[homebridge-z2m][39m [31mZigbee2MQTT is OFFLINE![39m
[37m[9/16/2026, 1:16:00 PM] [39m[36m[homebridge-z2m][39m Zigbee2MQTT is ONLINE
[37m[9/16/2026, 5:16:15 PM] [39m[36m[homebridge-z2m][39m [31mZigbee2MQTT is OFFLINE![39m
[37m[9/16/2026, 5:17:08 PM] [39m[36m[homebridge-z2m][39m Zigbee2MQTT is ONLINE
[37m[9/16/2026, 8:05:09 PM] [39m[36m[homebridge-ring][39m Reconnecting location socket.io connection
[37m[9/16/2026, 8:05:10 PM] [39m[36m[homebridge-ring][39m Creating location socket.io connection - UK Home
[37m[9/16/2026, 8:05:10 PM] [39m[36m[homebridge-ring][39m Ring connected to socket.io server
[37m[9/16/2026, 9:21:52 PM] [39m[36m[homebridge-z2m][39m [31mZigbee2MQTT is OFFLINE![39m
[37m[9/16/2026, 9:22:46 PM] [39m[36m[homebridge-z2m][39m Zigbee2MQTT is ONLINE
[37m[9/17/2026, 1:23:02 AM] [39m[36m[homebridge-z2m][39m [31mZigbee2MQTT is OFFLINE![39m
[37m[9/17/2026, 1:23:54 AM] [39m[36m[homebridge-z2m][39m Zigbee2MQTT is ONLINE
[37m[9/17/2026, 9:24:10 AM] [39m[36m[homebridge-z2m][39m [31mZigbee2MQTT is OFFLINE![39m
[37m[9/17/2026, 9:25:02 AM] [39m[36m[homebridge-z2m][39m Zigbee2MQTT is ONLINE
[37m[9/17/2026, 12:53:52 PM] [39m[36m[homebridge-z2m][39m [31mZigbee2MQTT is OFFLINE![39m
[37m[9/17/2026, 12:54:47 PM] [39m[36m[homebridge-z2m][39m Zigbee2MQTT is ONLINE
[37m[9/17/2026, 2:55:03 PM] [39m[36m[homebridge-z2m][39m [31mZigbee2MQTT is OFFLINE![39m
[37m[9/17/2026, 2:55:57 PM] [39m[36m[homebridge-z2m][39m Zigbee2MQTT is ONLINE
[37m[9/17/2026, 5:56:13 PM] [39m[36m[homebridge-z2m][39m [31mZigbee2MQTT is OFFLINE![39m
[37m[9/17/2026, 5:57:08 PM] [39m[36m[homebridge-z2m][39m Zigbee2MQTT is ONLINE
[37m[9/17/2026, 7:06:22 PM] [39m[36m[homebridge-z2m][39m [31mZigbee2MQTT is OFFLINE![39m
[37m[9/17/2026, 7:07:15 PM] [39m[36m[homebridge-z2m][39m Zigbee2MQTT is ONLINE
[37m[9/17/2026, 8:05:10 PM] [39m[36m[homebridge-ring][39m Reconnecting location socket.io connection
[37m[9/17/2026, 8:05:11 PM] [39m[36m[homebridge-ring][39m Creating location socket.io connection - UK Home
[37m[9/17/2026, 8:05:11 PM] [39m[36m[homebridge-ring][39m Ring connected to socket.io server
[37m[9/17/2026, 8:07:31 PM] [39m[36m[homebridge-z2m][39m [31mZigbee2MQTT is OFFLINE![39m
[37m[9/17/2026, 8:08:22 PM] [39m[36m[homebridge-z2m][39m Zigbee2MQTT is ONLINE
[37m[9/18/2026, 12:08:38 AM] [39m[36m[homebridge-z2m][39m [31mZigbee2MQTT is OFFLINE![39m
[37m[9/18/2026, 12:09:31 AM] [39m[36m[homebridge-z2m][39m Zigbee2MQTT is ONLINE
[37m[9/18/2026, 1:09:47 AM] [39m[36m[homebridge-z2m][39m [31mZigbee2MQTT is OFFLINE![39m
[37m[9/18/2026, 1:10:38 AM] [39m[36m[homebridge-z2m][39m Zigbee2MQTT is ONLINE
[37m[9/18/2026, 2:01:43 AM] [39m[36m[homebridge-z2m][39m [31mZigbee2MQTT is OFFLINE![39m
[37m[9/18/2026, 2:02:38 AM] [39m[36m[homebridge-z2m][39m Zigbee2MQTT is ONLINE
[37m[9/18/2026, 5:02:54 AM] [39m[36m[homebridge-z2m][39m [31mZigbee2MQTT is OFFLINE![39m
[37m[9/18/2026, 5:03:50 AM] [39m[36m[homebridge-z2m][39m Zigbee2MQTT is ONLINE
[37m[9/18/2026, 8:04:05 AM] [39m[36m[homebridge-z2m][39m [31mZigbee2MQTT is OFFLINE![39m
[37m[9/18/2026, 8:04:57 AM] [39m[36m[homebridge-z2m][39m Zigbee2MQTT is ONLINE
[37m[9/18/2026, 8:05:38 AM] [39m[36m[homebridge-z2m][39m [31mZigbee2MQTT is OFFLINE![39m
[37m[9/18/2026, 8:06:33 AM] [39m[36m[homebridge-z2m][39m Zigbee2MQTT is ONLINE
[37m[9/18/2026, 9:06:49 AM] [39m[36m[homebridge-z2m][39m [31mZigbee2MQTT is OFFLINE![39m
[37m[9/18/2026, 9:07:40 AM] [39m[36m[homebridge-z2m][39m Zigbee2MQTT is ONLINE
[37m[9/18/2026, 11:03:24 AM] [39m[36m[homebridge-ring][39m Preparing Live Stream for Front Door
[37m[9/18/2026, 11:03:25 AM] [39m[36m[homebridge-ring][39m Stream Prepared for Front Door (0.441s)
[37m[9/18/2026, 11:03:25 AM] [39m[36m[homebridge-ring][39m Activating stream for Front Door (0.565s)
[37m[9/18/2026, 11:03:25 AM] [39m[36m[homebridge-ring][39m iceConnectionStateChange: checking
[37m[9/18/2026, 11:03:25 AM] [39m[36m[homebridge-ring][39m iceConnectionStateChange: completed
[37m[9/18/2026, 11:03:25 AM] [39m[36m[homebridge-ring][39m connectionStateChange: connecting
[37m[9/18/2026, 11:03:25 AM] [39m[36m[homebridge-ring][39m iceConnectionStateChange: checking
[37m[9/18/2026, 11:03:25 AM] [39m[36m[homebridge-ring][39m connectionStateChange: connecting
[37m[9/18/2026, 11:03:25 AM] [39m[36m[homebridge-ring][39m Activating Session
[37m[9/18/2026, 11:03:25 AM] [39m[36m[homebridge-ring][39m Streaming active for Front Door (0.973s)
[37m[9/18/2026, 11:03:26 AM] [39m[36m[homebridge-ring][39m iceConnectionStateChange: connected
[37m[9/18/2026, 11:03:26 AM] [39m[36m[homebridge-ring][39m connectionStateChange: connected
[37m[9/18/2026, 11:03:27 AM] [39m[36m[homebridge-ring][39m Received stream data from Front Door (2.383s)
[37m[9/18/2026, 11:15:25 AM] [39m[36m[homebridge-ring][39m [31mVideo stream closed[39m
[37m[9/18/2026, 11:15:25 AM] [39m[36m[homebridge-ring][39m [31m{[39m
[31m  doorbot_id: 410690930,[39m
[31m  session_id: 'eyJraWQiOiJTaWduYWxsaW5nIiwiYWxnIjoiSFMyNTYifQ.eyJkaW5nX2tpbmQiOiJvbl9kZW1hbmQiLCJkb29yYm90X2lkIjo0MTA2OTA5MzAsInBpbmdfaW50ZXJ2YWwiOjEwLCJkaW5nX2lkIjoiNzY4NjgxMzgwMTY5Mjk2NDIxMCIsImlwIjoiMTguMTAwLjE4Ny4xMTAiLCJjcmVhdGVkX2F0IjoxNzg5NzI1ODA1NjUyLCJybXNfZnFkbiI6IjE4LTEwMC0xODctMTEwLjQ3MTExMjgwNDE2NS5ldS1zb3V0aC0yLnByb2Qucm1zLnJpbmcuZGV2aWNlcy5hMnouY29tIiwic2Vzc2lvbl9pZCI6ImUyZTFjZWMyLTFmMmEtNDQ2Ny04NzU3LTQ4ZDFiZjc0NGRmOSIsImV4cCI6MTc4OTgxMjIwNSwiaWF0IjoxNzg5NzI1ODA1LCJybXNfdmVyc2lvbiI6ImU2YmZiNzdjIn0.PnLai121sstANkz9G_s4IOwrBoQU53Bz3U6MCFRhJpw',[39m
[31m  reason: { code: 10, text: 'answered_timeout' }[39m
[31m}[39m
[37m[9/18/2026, 11:15:25 AM] [39m[36m[homebridge-ring][39m connectionStateChange: closed
[37m[9/18/2026, 11:15:25 AM] [39m[36m[homebridge-ring][39m iceConnectionStateChange: closed
[37m[9/18/2026, 11:15:56 AM] [39m[36m[homebridge-ring][39m Stopped Live Stream for Front Door
[37m[9/18/2026, 1:08:09 PM] [39m[36m[homebridge-z2m][39m [31mZigbee2MQTT is OFFLINE![39m
[37m[9/18/2026, 1:09:03 PM] [39m[36m[homebridge-z2m][39m Zigbee2MQTT is ONLINE
[37m[9/18/2026, 3:09:20 PM] [39m[36m[homebridge-z2m][39m [31mZigbee2MQTT is OFFLINE![39m
[37m[9/18/2026, 3:10:13 PM] [39m[36m[homebridge-z2m][39m Zigbee2MQTT is ONLINE
[37m[9/18/2026, 5:10:29 PM] [39m[36m[homebridge-z2m][39m [31mZigbee2MQTT is OFFLINE![39m
[37m[9/18/2026, 5:11:20 PM] [39m[36m[homebridge-z2m][39m Zigbee2MQTT is ONLINE
[37m[9/18/2026, 8:05:11 PM] [39m[36m[homebridge-ring][39m Reconnecting location socket.io connection
[37m[9/18/2026, 8:05:12 PM] [39m[36m[homebridge-ring][39m Creating location socket.io connection - UK Home
[37m[9/18/2026, 8:05:12 PM] [39m[36m[homebridge-ring][39m Ring connected to socket.io server
[37m[9/18/2026, 9:11:36 PM] [39m[36m[homebridge-z2m][39m [31mZigbee2MQTT is OFFLINE![39m
[37m[9/18/2026, 9:12:44 PM] [39m[36m[homebridge-z2m][39m Zigbee2MQTT is ONLINE
[37m[9/18/2026, 11:12:58 PM] [39m[36m[homebridge-z2m][39m [31mZigbee2MQTT is OFFLINE![39m
[37m[9/18/2026, 11:14:02 PM] [39m[36m[homebridge-z2m][39m Zigbee2MQTT is ONLINE
[37m[9/19/2026, 5:14:18 AM] [39m[36m[homebridge-z2m][39m [31mZigbee2MQTT is OFFLINE![39m
[37m[9/19/2026, 5:15:11 AM] [39m[36m[homebridge-z2m][39m Zigbee2MQTT is ONLINE
[37m[9/19/2026, 10:15:27 AM] [39m[36m[homebridge-z2m][39m [31mZigbee2MQTT is OFFLINE![39m
[37m[9/19/2026, 10:16:19 AM] [39m[36m[homebridge-z2m][39m Zigbee2MQTT is ONLINE
[37m[9/19/2026, 7:01:49 PM] [39m[36m[homebridge-z2m][39m [31mZigbee2MQTT is OFFLINE![39m
[37m[9/19/2026, 7:02:41 PM] [39m[36m[homebridge-z2m][39m Zigbee2MQTT is ONLINE
[37m[9/19/2026, 8:02:57 PM] [39m[36m[homebridge-z2m][39m [31mZigbee2MQTT is OFFLINE![39m
[37m[9/19/2026, 8:03:48 PM] [39m[36m[homebridge-z2m][39m Zigbee2MQTT is ONLINE
[37m[9/19/2026, 8:05:12 PM] [39m[36m[homebridge-ring][39m Reconnecting location socket.io connection
[37m[9/19/2026, 8:05:13 PM] [39m[36m[homebridge-ring][39m Creating location socket.io connection - UK Home
[37m[9/19/2026, 8:05:13 PM] [39m[36m[homebridge-ring][39m Ring connected to socket.io server
[37m[9/20/2026, 1:04:04 AM] [39m[36m[homebridge-z2m][39m [31mZigbee2MQTT is OFFLINE![39m
[37m[9/20/2026, 1:04:57 AM] [39m[36m[homebridge-z2m][39m Zigbee2MQTT is ONLINE
[37m[9/20/2026, 2:05:13 AM] [39m[36m[homebridge-z2m][39m [31mZigbee2MQTT is OFFLINE![39m
[37m[9/20/2026, 2:06:04 AM] [39m[36m[homebridge-z2m][39m Zigbee2MQTT is ONLINE
[37m[9/20/2026, 3:06:21 AM] [39m[36m[homebridge-z2m][39m [31mZigbee2MQTT is OFFLINE![39m
[37m[9/20/2026, 3:07:11 AM] [39m[36m[homebridge-z2m][39m Zigbee2MQTT is ONLINE
[37m[9/20/2026, 4:07:27 AM] [39m[36m[homebridge-z2m][39m [31mZigbee2MQTT is OFFLINE![39m
[37m[9/20/2026, 4:08:17 AM] [39m[36m[homebridge-z2m][39m Zigbee2MQTT is ONLINE
[37m[9/20/2026, 8:56:49 AM] [39m[36m[homebridge-z2m][39m [31mZigbee2MQTT is OFFLINE![39m
[37m[9/20/2026, 8:57:42 AM] [39m[36m[homebridge-z2m][39m Zigbee2MQTT is ONLINE
[37m[9/20/2026, 12:57:59 PM] [39m[36m[homebridge-z2m][39m [31mZigbee2MQTT is OFFLINE![39m
[37m[9/20/2026, 12:58:50 PM] [39m[36m[homebridge-z2m][39m Zigbee2MQTT is ONLINE
[37m[9/20/2026, 5:59:06 PM] [39m[36m[homebridge-z2m][39m [31mZigbee2MQTT is OFFLINE![39m
[37m[9/20/2026, 5:59:59 PM] [39m[36m[homebridge-z2m][39m Zigbee2MQTT is ONLINE
[37m[9/20/2026, 8:05:13 PM] [39m[36m[homebridge-ring][39m Reconnecting location socket.io connection
[37m[9/20/2026, 8:05:14 PM] [39m[36m[homebridge-ring][39m Creating location socket.io connection - UK Home
[37m[9/20/2026, 8:05:14 PM] [39m[36m[homebridge-ring][39m Ring connected to socket.io server
[37m[9/20/2026, 10:00:14 PM] [39m[36m[homebridge-z2m][39m [31mZigbee2MQTT is OFFLINE![39m
[37m[9/20/2026, 10:01:06 PM] [39m[36m[homebridge-z2m][39m Zigbee2MQTT is ONLINE
[37m[9/21/2026, 12:01:22 AM] [39m[36m[homebridge-z2m][39m [31mZigbee2MQTT is OFFLINE![39m
[37m[9/21/2026, 12:02:15 AM] [39m[36m[homebridge-z2m][39m Zigbee2MQTT is ONLINE
[37m[9/21/2026, 7:02:31 AM] [39m[36m[homebridge-z2m][39m [31mZigbee2MQTT is OFFLINE![39m
[37m[9/21/2026, 7:03:23 AM] [39m[36m[homebridge-z2m][39m Zigbee2MQTT is ONLINE
[37m[9/21/2026, 11:03:49 AM] [39m[36m[homebridge-z2m][39m [31mZigbee2MQTT is OFFLINE![39m
[37m[9/21/2026, 11:04:42 AM] [39m[36m[homebridge-z2m][39m Zigbee2MQTT is ONLINE
[37m[9/21/2026, 2:04:57 PM] [39m[36m[homebridge-z2m][39m [31mZigbee2MQTT is OFFLINE![39m
[37m[9/21/2026, 2:05:49 PM] [39m[36m[homebridge-z2m][39m Zigbee2MQTT is ONLINE
[37m[9/21/2026, 4:06:05 PM] [39m[36m[homebridge-z2m][39m [31mZigbee2MQTT is OFFLINE![39m
[37m[9/21/2026, 4:06:56 PM] [39m[36m[homebridge-z2m][39m Zigbee2MQTT is ONLINE
[37m[9/21/2026, 8:05:14 PM] [39m[36m[homebridge-ring][39m Reconnecting location socket.io connection
[37m[9/21/2026, 8:05:15 PM] [39m[36m[homebridge-ring][39m Creating location socket.io connection - UK Home
[37m[9/21/2026, 8:05:15 PM] [39m[36m[homebridge-ring][39m Ring connected to socket.io server
[37m[9/21/2026, 11:07:12 PM] [39m[36m[homebridge-z2m][39m [31mZigbee2MQTT is OFFLINE![39m
[37m[9/21/2026, 11:08:04 PM] [39m[36m[homebridge-z2m][39m Zigbee2MQTT is ONLINE
[37m[9/22/2026, 12:08:20 AM] [39m[36m[homebridge-z2m][39m [31mZigbee2MQTT is OFFLINE![39m
[37m[9/22/2026, 12:09:10 AM] [39m[36m[homebridge-z2m][39m Zigbee2MQTT is ONLINE
[37m[9/22/2026, 4:09:27 AM] [39m[36m[homebridge-z2m][39m [31mZigbee2MQTT is OFFLINE![39m
[37m[9/22/2026, 4:10:18 AM] [39m[36m[homebridge-z2m][39m Zigbee2MQTT is ONLINE
[37m[9/22/2026, 5:10:34 AM] [39m[36m[homebridge-z2m][39m [31mZigbee2MQTT is OFFLINE![39m
[37m[9/22/2026, 5:11:24 AM] [39m[36m[homebridge-z2m][39m Zigbee2MQTT is ONLINE
[37m[9/22/2026, 4:11:40 PM] [39m[36m[homebridge-z2m][39m [31mZigbee2MQTT is OFFLINE![39m
[37m[9/22/2026, 4:12:32 PM] [39m[36m[homebridge-z2m][39m Zigbee2MQTT is ONLINE
[37m[9/22/2026, 8:05:15 PM] [39m[36m[homebridge-ring][39m Reconnecting location socket.io connection
[37m[9/22/2026, 8:05:16 PM] [39m[36m[homebridge-ring][39m Creating location socket.io connection - UK Home
[37m[9/22/2026, 8:05:16 PM] [39m[36m[homebridge-ring][39m Ring connected to socket.io server
[37m[9/22/2026, 9:05:03 PM] [39m[36m[homebridge-z2m][39m [31mZigbee2MQTT is OFFLINE![39m
[37m[9/22/2026, 9:05:56 PM] [39m[36m[homebridge-z2m][39m Zigbee2MQTT is ONLINE
[37m[9/23/2026, 5:06:12 AM] [39m[36m[homebridge-z2m][39m [31mZigbee2MQTT is OFFLINE![39m
[37m[9/23/2026, 5:07:03 AM] [39m[36m[homebridge-z2m][39m Zigbee2MQTT is ONLINE
[37m[9/23/2026, 10:07:20 AM] [39m[36m[homebridge-z2m][39m [31mZigbee2MQTT is OFFLINE![39m
[37m[9/23/2026, 10:08:12 AM] [39m[36m[homebridge-z2m][39m Zigbee2MQTT is ONLINE
[37m[9/23/2026, 11:34:29 AM] [39m[36m[homebridge-z2m][39m [31mZigbee2MQTT is OFFLINE![39m
[37m[9/23/2026, 11:35:22 AM] [39m[36m[homebridge-z2m][39m Zigbee2MQTT is ONLINE
[37m[9/23/2026, 2:35:38 PM] [39m[36m[homebridge-z2m][39m [31mZigbee2MQTT is OFFLINE![39m
[37m[9/23/2026, 2:37:28 PM] [39m[36m[homebridge-z2m][39m Zigbee2MQTT is ONLINE
[37m[9/23/2026, 3:37:44 PM] [39m[36m[homebridge-z2m][39m [31mZigbee2MQTT is OFFLINE![39m
[37m[9/23/2026, 3:38:34 PM] [39m[36m[homebridge-z2m][39m Zigbee2MQTT is ONLINE
[37m[9/23/2026, 8:05:16 PM] [39m[36m[homebridge-ring][39m Reconnecting location socket.io connection
[37m[9/23/2026, 8:05:17 PM] [39m[36m[homebridge-ring][39m Creating location socket.io connection - UK Home
[37m[9/23/2026, 8:05:17 PM] [39m[36m[homebridge-ring][39m Ring connected to socket.io server
[37m[9/24/2026, 3:38:51 AM] [39m[36m[homebridge-z2m][39m [31mZigbee2MQTT is OFFLINE![39m
[37m[9/24/2026, 3:39:43 AM] [39m[36m[homebridge-z2m][39m Zigbee2MQTT is ONLINE
[37m[9/24/2026, 1:50:17 PM] [39m[36m[homebridge-z2m][39m [31mZigbee2MQTT is OFFLINE![39m
[37m[9/24/2026, 1:51:10 PM] [39m[36m[homebridge-z2m][39m Zigbee2MQTT is ONLINE
[37m[9/24/2026, 3:51:21 PM] [39m[36m[homebridge-ring][39m Preparing Live Stream for Front Door
[37m[9/24/2026, 3:51:21 PM] [39m[36m[homebridge-ring][39m Stream Prepared for Front Door (0.46s)
[37m[9/24/2026, 3:51:21 PM] [39m[36m[homebridge-ring][39m iceConnectionStateChange: checking
[37m[9/24/2026, 3:51:21 PM] [39m[36m[homebridge-ring][39m iceConnectionStateChange: completed
[37m[9/24/2026, 3:51:22 PM] [39m[36m[homebridge-ring][39m connectionStateChange: connecting
[37m[9/24/2026, 3:51:22 PM] [39m[36m[homebridge-ring][39m iceConnectionStateChange: checking
[37m[9/24/2026, 3:51:22 PM] [39m[36m[homebridge-ring][39m connectionStateChange: connecting
[37m[9/24/2026, 3:51:22 PM] [39m[36m[homebridge-ring][39m Activating Session
[37m[9/24/2026, 3:51:22 PM] [39m[36m[homebridge-ring][39m Activating stream for Front Door (1.485s)
[37m[9/24/2026, 3:51:22 PM] [39m[36m[homebridge-ring][39m Streaming active for Front Door (1.53s)
[37m[9/24/2026, 3:51:23 PM] [39m[36m[homebridge-ring][39m iceConnectionStateChange: connected
[37m[9/24/2026, 3:51:23 PM] [39m[36m[homebridge-ring][39m connectionStateChange: connected
[37m[9/24/2026, 3:51:23 PM] [39m[36m[homebridge-ring][39m Received stream data from Front Door (2.797s)
[37m[9/24/2026, 3:51:34 PM] [39m[36m[homebridge-ring][39m Stopped Live Stream for Front Door
[37m[9/24/2026, 3:51:34 PM] [39m[36m[homebridge-ring][39m connectionStateChange: closed
[37m[9/24/2026, 3:51:34 PM] [39m[36m[homebridge-ring][39m iceConnectionStateChange: closed
[37m[9/24/2026, 5:32:55 PM] [39m[36m[homebridge-ring][39m Location connection told to reconnect
[37m[9/24/2026, 5:32:55 PM] [39m[36m[homebridge-ring][39m Reconnecting location socket.io connection
[37m[9/24/2026, 5:32:56 PM] [39m[36m[homebridge-ring][39m Creating location socket.io connection - UK Home
[37m[9/24/2026, 5:32:56 PM] [39m[36m[homebridge-ring][39m Ring connected to socket.io server
[37m[9/24/2026, 5:32:56 PM] [39m[36m[homebridge-ring][39m [31mRing base_station_v1 643d9320-b6ce-41ac-48a8-cd1b91239331 is offline or on cellular backup.  Waiting for status to change[39m
[37m[9/24/2026, 5:33:26 PM] [39m[36m[homebridge-ring][39m Ring base_station_v1 643d9320-b6ce-41ac-48a8-cd1b91239331 has come back online
[37m[9/24/2026, 11:51:26 PM] [39m[36m[homebridge-z2m][39m [31mZigbee2MQTT is OFFLINE![39m
[37m[9/24/2026, 11:52:19 PM] [39m[36m[homebridge-z2m][39m Zigbee2MQTT is ONLINE
[37m[9/25/2026, 5:32:56 PM] [39m[36m[homebridge-ring][39m Reconnecting location socket.io connection
[37m[9/25/2026, 5:32:57 PM] [39m[36m[homebridge-ring][39m Creating location socket.io connection - UK Home
[37m[9/25/2026, 5:32:57 PM] [39m[36m[homebridge-ring][39m Ring connected to socket.io server
[37m[9/25/2026, 5:52:35 PM] [39m[36m[homebridge-z2m][39m [31mZigbee2MQTT is OFFLINE![39m
[37m[9/25/2026, 5:53:37 PM] [39m[36m[homebridge-z2m][39m Zigbee2MQTT is ONLINE
[37m[9/25/2026, 8:31:54 PM] [39m[36m[homebridge-z2m][39m [31mZigbee2MQTT is OFFLINE![39m
[37m[9/25/2026, 8:32:46 PM] [39m[36m[homebridge-z2m][39m Zigbee2MQTT is ONLINE
[37m[9/26/2026, 8:33:03 AM] [39m[36m[homebridge-z2m][39m [31mZigbee2MQTT is OFFLINE![39m
[37m[9/26/2026, 8:33:54 AM] [39m[36m[homebridge-z2m][39m Zigbee2MQTT is ONLINE
[37m[9/26/2026, 12:34:11 PM] [39m[36m[homebridge-z2m][39m [31mZigbee2MQTT is OFFLINE![39m
[37m[9/26/2026, 12:35:03 PM] [39m[36m[homebridge-z2m][39m Zigbee2MQTT is ONLINE
[37m[9/26/2026, 2:33:27 PM] [39m[36m[homebridge-ring][39m Preparing Live Stream for Front Door
[37m[9/26/2026, 2:33:28 PM] [39m[36m[homebridge-ring][39m Stream Prepared for Front Door (0.424s)
[37m[9/26/2026, 2:33:28 PM] [39m[36m[homebridge-ring][39m iceConnectionStateChange: checking
[37m[9/26/2026, 2:33:28 PM] [39m[36m[homebridge-ring][39m iceConnectionStateChange: completed
[37m[9/26/2026, 2:33:28 PM] [39m[36m[homebridge-ring][39m connectionStateChange: connecting
[37m[9/26/2026, 2:33:28 PM] [39m[36m[homebridge-ring][39m iceConnectionStateChange: checking
[37m[9/26/2026, 2:33:28 PM] [39m[36m[homebridge-ring][39m connectionStateChange: connecting
[37m[9/26/2026, 2:33:28 PM] [39m[36m[homebridge-ring][39m Activating Session
[37m[9/26/2026, 2:33:29 PM] [39m[36m[homebridge-ring][39m Activating stream for Front Door (1.421s)
[37m[9/26/2026, 2:33:29 PM] [39m[36m[homebridge-ring][39m Streaming active for Front Door (1.449s)
[37m[9/26/2026, 2:33:29 PM] [39m[36m[homebridge-ring][39m iceConnectionStateChange: connected
[37m[9/26/2026, 2:33:29 PM] [39m[36m[homebridge-ring][39m connectionStateChange: connected
[37m[9/26/2026, 2:33:30 PM] [39m[36m[homebridge-ring][39m Received stream data from Front Door (3.207s)
[37m[9/26/2026, 2:33:48 PM] [39m[36m[homebridge-ring][39m Stopped Live Stream for Front Door
[37m[9/26/2026, 2:33:48 PM] [39m[36m[homebridge-ring][39m connectionStateChange: closed
[37m[9/26/2026, 2:33:48 PM] [39m[36m[homebridge-ring][39m iceConnectionStateChange: closed
[37m[9/26/2026, 2:35:19 PM] [39m[36m[homebridge-z2m][39m [31mZigbee2MQTT is OFFLINE![39m
[37m[9/26/2026, 2:36:10 PM] [39m[36m[homebridge-z2m][39m Zigbee2MQTT is ONLINE
[37m[9/26/2026, 5:32:57 PM] [39m[36m[homebridge-ring][39m Reconnecting location socket.io connection
[37m[9/26/2026, 5:32:58 PM] [39m[36m[homebridge-ring][39m Creating location socket.io connection - UK Home
[37m[9/26/2026, 5:32:58 PM] [39m[36m[homebridge-ring][39m Ring connected to socket.io server
[37m[9/26/2026, 6:08:43 PM] [39m[36m[homebridge-ring][39m [31mRetry #1 failed to reach Ring server at https://api.ring.com/clients_api/ring_devices.  Error: fetch failed, Cause: Connect Timeout Error (attempted addresses: 3.93.105.211:443, 34.231.108.148:443, 34.235.34.105:443, 52.21.105.42:443, timeout: 10000ms), Code: UND_ERR_CONNECT_TIMEOUT.  Trying again in 5 seconds...[39m
[37m[9/26/2026, 6:08:59 PM] [39m[36m[homebridge-ring][39m [31mRetry #2 failed to reach Ring server at https://api.ring.com/clients_api/ring_devices.  Error: fetch failed, Cause: Connect Timeout Error (attempted address: api.ring.com:443, timeout: 10000ms), Code: UND_ERR_CONNECT_TIMEOUT.  Trying again in 5 seconds...[39m
[37m[9/26/2026, 6:09:24 PM] [39m[36m[homebridge-ring][39m [31mRetry #3 failed to reach Ring server at https://api.ring.com/clients_api/ring_devices.  Error: The operation was aborted due to timeout.  Trying again in 5 seconds...[39m
[37m[9/26/2026, 6:09:39 PM] [39m[36m[homebridge-ring][39m [31mRetry #4 failed to reach Ring server at https://api.ring.com/clients_api/ring_devices.  Error: fetch failed, Cause: Connect Timeout Error (attempted addresses: 52.21.105.42:443, 54.90.31.88:443, 54.243.151.124:443, 174.129.184.38:443, 3.93.105.211:443, 32.199.144.208:443, 52.206.193.123:443, 100.60.59.205:443, timeout: 10000ms), Code: UND_ERR_CONNECT_TIMEOUT.  Trying again in 5 seconds...[39m
[37m[9/26/2026, 7:36:25 PM] [39m[36m[homebridge-z2m][39m [31mZigbee2MQTT is OFFLINE![39m
[37m[9/26/2026, 7:37:18 PM] [39m[36m[homebridge-z2m][39m Zigbee2MQTT is ONLINE
[37m[9/27/2026, 5:37:34 AM] [39m[36m[homebridge-z2m][39m [31mZigbee2MQTT is OFFLINE![39m
[37m[9/27/2026, 5:38:26 AM] [39m[36m[homebridge-z2m][39m Zigbee2MQTT is ONLINE
[37m[9/27/2026, 11:20:04 AM] [39m[36m[homebridge-ring][39m Preparing Live Stream for Front Door
[37m[9/27/2026, 11:20:10 AM] [39m[36m[homebridge-ring][39m Stream Prepared for Front Door (5.438s)
[37m[9/27/2026, 11:20:10 AM] [39m[36m[homebridge-ring][39m iceConnectionStateChange: checking
[37m[9/27/2026, 11:20:10 AM] [39m[36m[homebridge-ring][39m iceConnectionStateChange: completed
[37m[9/27/2026, 11:20:10 AM] [39m[36m[homebridge-ring][39m connectionStateChange: connecting
[37m[9/27/2026, 11:20:10 AM] [39m[36m[homebridge-ring][39m iceConnectionStateChange: checking
[37m[9/27/2026, 11:20:10 AM] [39m[36m[homebridge-ring][39m connectionStateChange: connecting
[37m[9/27/2026, 11:20:10 AM] [39m[36m[homebridge-ring][39m Activating Session
[37m[9/27/2026, 11:20:11 AM] [39m[36m[homebridge-ring][39m iceConnectionStateChange: connected
[37m[9/27/2026, 11:20:11 AM] [39m[36m[homebridge-ring][39m connectionStateChange: connected
[37m[9/27/2026, 11:20:30 AM] [39m[36m[homebridge-ring][39m Live stream for Front Door appears to be inactive. (25.438s)
[37m[9/27/2026, 11:20:30 AM] [39m[36m[homebridge-ring][39m connectionStateChange: closed
[37m[9/27/2026, 11:20:30 AM] [39m[36m[homebridge-ring][39m iceConnectionStateChange: closed
[37m[9/27/2026, 11:21:03 AM] [39m[36m[homebridge-ring][39m Stopped Live Stream for Front Door
[37m[9/27/2026, 11:38:42 AM] [39m[36m[homebridge-z2m][39m [31mZigbee2MQTT is OFFLINE![39m
[37m[9/27/2026, 11:39:36 AM] [39m[36m[homebridge-z2m][39m Zigbee2MQTT is ONLINE
[37m[9/27/2026, 1:39:52 PM] [39m[36m[homebridge-z2m][39m [31mZigbee2MQTT is OFFLINE![39m
[37m[9/27/2026, 1:40:43 PM] [39m[36m[homebridge-z2m][39m Zigbee2MQTT is ONLINE
[37m[9/27/2026, 5:32:58 PM] [39m[36m[homebridge-ring][39m Reconnecting location socket.io connection
[37m[9/27/2026, 5:32:59 PM] [39m[36m[homebridge-ring][39m Creating location socket.io connection - UK Home
[37m[9/27/2026, 5:33:05 PM] [39m[36m[homebridge-ring][39m Ring connected to socket.io server
[37m[9/28/2026, 1:31:59 AM] [39m[36m[homebridge-z2m][39m [31mZigbee2MQTT is OFFLINE![39m
[37m[9/28/2026, 1:32:51 AM] [39m[36m[homebridge-z2m][39m Zigbee2MQTT is ONLINE
[37m[9/28/2026, 4:33:08 AM] [39m[36m[homebridge-z2m][39m [31mZigbee2MQTT is OFFLINE![39m
[37m[9/28/2026, 4:33:59 AM] [39m[36m[homebridge-z2m][39m Zigbee2MQTT is ONLINE
[37m[9/28/2026, 8:34:15 AM] [39m[36m[homebridge-z2m][39m [31mZigbee2MQTT is OFFLINE![39m
[37m[9/28/2026, 8:35:07 AM] [39m[36m[homebridge-z2m][39m Zigbee2MQTT is ONLINE
[37m[9/28/2026, 9:35:24 AM] [39m[36m[homebridge-z2m][39m [31mZigbee2MQTT is OFFLINE![39m
[37m[9/28/2026, 9:36:14 AM] [39m[36m[homebridge-z2m][39m Zigbee2MQTT is ONLINE
[37m[9/28/2026, 10:36:30 AM] [39m[36m[homebridge-z2m][39m [31mZigbee2MQTT is OFFLINE![39m
[37m[9/28/2026, 10:37:19 AM] [39m[36m[homebridge-z2m][39m Zigbee2MQTT is ONLINE
[37m[9/28/2026, 4:37:35 PM] [39m[36m[homebridge-z2m][39m [31mZigbee2MQTT is OFFLINE![39m
[37m[9/28/2026, 4:38:27 PM] [39m[36m[homebridge-z2m][39m Zigbee2MQTT is ONLINE
[37m[9/28/2026, 5:32:59 PM] [39m[36m[homebridge-ring][39m Reconnecting location socket.io connection
[37m[9/28/2026, 5:33:00 PM] [39m[36m[homebridge-ring][39m Creating location socket.io connection - UK Home
[37m[9/28/2026, 5:33:00 PM] [39m[36m[homebridge-ring][39m Ring connected to socket.io server
[37m[9/28/2026, 8:38:43 PM] [39m[36m[homebridge-z2m][39m [31mZigbee2MQTT is OFFLINE![39m
[37m[9/28/2026, 8:39:35 PM] [39m[36m[homebridge-z2m][39m Zigbee2MQTT is ONLINE
[37m[9/29/2026, 6:39:52 AM] [39m[36m[homebridge-z2m][39m [31mZigbee2MQTT is OFFLINE![39m
[37m[9/29/2026, 6:40:44 AM] [39m[36m[homebridge-z2m][39m Zigbee2MQTT is ONLINE
[37m[9/29/2026, 11:41:00 AM] [39m[36m[homebridge-z2m][39m [31mZigbee2MQTT is OFFLINE![39m
[37m[9/29/2026, 11:41:51 AM] [39m[36m[homebridge-z2m][39m Zigbee2MQTT is ONLINE
[37m[9/29/2026, 3:42:08 PM] [39m[36m[homebridge-z2m][39m [31mZigbee2MQTT is OFFLINE![39m
[37m[9/29/2026, 3:42:59 PM] [39m[36m[homebridge-z2m][39m Zigbee2MQTT is ONLINE
[37m[9/29/2026, 5:33:00 PM] [39m[36m[homebridge-ring][39m Reconnecting location socket.io connection
[37m[9/29/2026, 5:33:01 PM] [39m[36m[homebridge-ring][39m Creating location socket.io connection - UK Home
[37m[9/29/2026, 5:33:01 PM] [39m[36m[homebridge-ring][39m Ring connected to socket.io server
[37m[9/29/2026, 8:43:15 PM] [39m[36m[homebridge-z2m][39m [31mZigbee2MQTT is OFFLINE![39m
[37m[9/29/2026, 8:44:08 PM] [39m[36m[homebridge-z2m][39m Zigbee2MQTT is ONLINE
[37m[9/29/2026, 11:11:32 PM] [39m[36m[homebridge-z2m][39m [31mZigbee2MQTT is OFFLINE![39m
[37m[9/29/2026, 11:13:22 PM] [39m[36m[homebridge-z2m][39m Zigbee2MQTT is ONLINE
[37m[9/30/2026, 8:13:39 AM] [39m[36m[homebridge-z2m][39m [31mZigbee2MQTT is OFFLINE![39m
[37m[9/30/2026, 8:14:31 AM] [39m[36m[homebridge-z2m][39m Zigbee2MQTT is ONLINE
[37m[9/30/2026, 9:15:53 AM] [39m[36m[homebridge-z2m][39m [31mZigbee2MQTT is OFFLINE![39m
[37m[9/30/2026, 9:16:44 AM] [39m[36m[homebridge-z2m][39m Zigbee2MQTT is ONLINE
[37m[9/30/2026, 12:17:01 PM] [39m[36m[homebridge-z2m][39m [31mZigbee2MQTT is OFFLINE![39m
[37m[9/30/2026, 12:17:52 PM] [39m[36m[homebridge-z2m][39m Zigbee2MQTT is ONLINE
[37m[9/30/2026, 4:18:08 PM] [39m[36m[homebridge-z2m][39m [31mZigbee2MQTT is OFFLINE![39m
[37m[9/30/2026, 4:19:01 PM] [39m[36m[homebridge-z2m][39m Zigbee2MQTT is ONLINE
[37m[9/30/2026, 5:33:01 PM] [39m[36m[homebridge-ring][39m Reconnecting location socket.io connection
[37m[9/30/2026, 5:33:02 PM] [39m[36m[homebridge-ring][39m Creating location socket.io connection - UK Home
[37m[9/30/2026, 5:33:02 PM] [39m[36m[homebridge-ring][39m Ring connected to socket.io server
[37m[10/1/2026, 2:19:17 AM] [39m[36m[homebridge-z2m][39m [31mZigbee2MQTT is OFFLINE![39m
[37m[10/1/2026, 2:20:09 AM] [39m[36m[homebridge-z2m][39m Zigbee2MQTT is ONLINE
[37m[10/1/2026, 4:20:25 AM] [39m[36m[homebridge-z2m][39m [31mZigbee2MQTT is OFFLINE![39m
[37m[10/1/2026, 4:21:17 AM] [39m[36m[homebridge-z2m][39m Zigbee2MQTT is ONLINE
[37m[10/1/2026, 7:12:20 AM] [39m[36m[homebridge-z2m][39m [31mZigbee2MQTT is OFFLINE![39m
[37m[10/1/2026, 7:13:15 AM] [39m[36m[homebridge-z2m][39m Zigbee2MQTT is ONLINE
[37m[10/1/2026, 11:34:18 AM] [39m[36m[homebridge-ring][39m Preparing Live Stream for Front Door
[37m[10/1/2026, 11:34:19 AM] [39m[36m[homebridge-ring][39m Stream Prepared for Front Door (0.438s)
[37m[10/1/2026, 11:34:19 AM] [39m[36m[homebridge-ring][39m Activating stream for Front Door (0.605s)
[37m[10/1/2026, 11:34:19 AM] [39m[36m[homebridge-ring][39m iceConnectionStateChange: checking
[37m[10/1/2026, 11:34:19 AM] [39m[36m[homebridge-ring][39m iceConnectionStateChange: completed
[37m[10/1/2026, 11:34:20 AM] [39m[36m[homebridge-ring][39m connectionStateChange: connecting
[37m[10/1/2026, 11:34:20 AM] [39m[36m[homebridge-ring][39m iceConnectionStateChange: checking
[37m[10/1/2026, 11:34:20 AM] [39m[36m[homebridge-ring][39m connectionStateChange: connecting
[37m[10/1/2026, 11:34:20 AM] [39m[36m[homebridge-ring][39m Activating Session
[37m[10/1/2026, 11:34:20 AM] [39m[36m[homebridge-ring][39m Streaming active for Front Door (1.188s)
[37m[10/1/2026, 11:34:20 AM] [39m[36m[homebridge-ring][39m iceConnectionStateChange: connected
[37m[10/1/2026, 11:34:20 AM] [39m[36m[homebridge-ring][39m connectionStateChange: connected
[37m[10/1/2026, 11:34:21 AM] [39m[36m[homebridge-ring][39m Received stream data from Front Door (2.597s)
[37m[10/1/2026, 11:34:42 AM] [39m[36m[homebridge-ring][39m Stopped Live Stream for Front Door
[37m[10/1/2026, 11:34:42 AM] [39m[36m[homebridge-ring][39m connectionStateChange: closed
[37m[10/1/2026, 11:34:42 AM] [39m[36m[homebridge-ring][39m iceConnectionStateChange: closed
[37m[10/1/2026, 2:03:07 PM] [39m[36m[homebridge-ring][39m Preparing Live Stream for Front Door
[37m[10/1/2026, 2:03:08 PM] [39m[36m[homebridge-ring][39m Stream Prepared for Front Door (0.414s)
[37m[10/1/2026, 2:03:08 PM] [39m[36m[homebridge-ring][39m Activating stream for Front Door (0.553s)
[37m[10/1/2026, 2:03:08 PM] [39m[36m[homebridge-ring][39m iceConnectionStateChange: checking
[37m[10/1/2026, 2:03:08 PM] [39m[36m[homebridge-ring][39m iceConnectionStateChange: completed
[37m[10/1/2026, 2:03:08 PM] [39m[36m[homebridge-ring][39m connectionStateChange: connecting
[37m[10/1/2026, 2:03:08 PM] [39m[36m[homebridge-ring][39m iceConnectionStateChange: checking
[37m[10/1/2026, 2:03:08 PM] [39m[36m[homebridge-ring][39m connectionStateChange: connecting
[37m[10/1/2026, 2:03:08 PM] [39m[36m[homebridge-ring][39m Activating Session
[37m[10/1/2026, 2:03:08 PM] [39m[36m[homebridge-ring][39m Streaming active for Front Door (0.933s)
[37m[10/1/2026, 2:03:09 PM] [39m[36m[homebridge-ring][39m iceConnectionStateChange: connected
[37m[10/1/2026, 2:03:09 PM] [39m[36m[homebridge-ring][39m connectionStateChange: connected
[37m[10/1/2026, 2:03:09 PM] [39m[36m[homebridge-ring][39m Received stream data from Front Door (1.995s)
[37m[10/1/2026, 2:07:09 PM] [39m[36m[homebridge-ring][39m Stopped Live Stream for Front Door
[37m[10/1/2026, 2:07:09 PM] [39m[36m[homebridge-ring][39m connectionStateChange: closed
[37m[10/1/2026, 2:07:09 PM] [39m[36m[homebridge-ring][39m iceConnectionStateChange: closed
[37m[10/1/2026, 2:07:25 PM] [39m[36m[homebridge-ring][39m Preparing Live Stream for Front Door
[37m[10/1/2026, 2:07:26 PM] [39m[36m[homebridge-ring][39m Stream Prepared for Front Door (0.353s)
[37m[10/1/2026, 2:07:26 PM] [39m[36m[homebridge-ring][39m Activating stream for Front Door (0.431s)
[37m[10/1/2026, 2:07:26 PM] [39m[36m[homebridge-ring][39m iceConnectionStateChange: checking
[37m[10/1/2026, 2:07:26 PM] [39m[36m[homebridge-ring][39m iceConnectionStateChange: completed
[37m[10/1/2026, 2:07:26 PM] [39m[36m[homebridge-ring][39m connectionStateChange: connecting
[37m[10/1/2026, 2:07:26 PM] [39m[36m[homebridge-ring][39m iceConnectionStateChange: checking
[37m[10/1/2026, 2:07:26 PM] [39m[36m[homebridge-ring][39m connectionStateChange: connecting
[37m[10/1/2026, 2:07:26 PM] [39m[36m[homebridge-ring][39m Activating Session
[37m[10/1/2026, 2:07:26 PM] [39m[36m[homebridge-ring][39m Streaming active for Front Door (0.834s)
[37m[10/1/2026, 2:07:27 PM] [39m[36m[homebridge-ring][39m iceConnectionStateChange: connected
[37m[10/1/2026, 2:07:27 PM] [39m[36m[homebridge-ring][39m Received stream data from Front Door (1.735s)
[37m[10/1/2026, 2:07:27 PM] [39m[36m[homebridge-ring][39m connectionStateChange: connected
[37m[10/1/2026, 2:07:27 PM] [39m[36m[homebridge-ring][39m Stopped Live Stream for Front Door
[37m[10/1/2026, 2:07:27 PM] [39m[36m[homebridge-ring][39m connectionStateChange: closed
[37m[10/1/2026, 2:07:27 PM] [39m[36m[homebridge-ring][39m iceConnectionStateChange: closed
[37m[10/1/2026, 2:07:35 PM] [39m[36m[homebridge-ring][39m Preparing Live Stream for Front Door
[37m[10/1/2026, 2:07:35 PM] [39m[36m[homebridge-ring][39m Stream Prepared for Front Door (0.105s)
[37m[10/1/2026, 2:07:35 PM] [39m[36m[homebridge-ring][39m Activating stream for Front Door (0.186s)
[37m[10/1/2026, 2:07:36 PM] [39m[36m[homebridge-ring][39m iceConnectionStateChange: checking
[37m[10/1/2026, 2:07:36 PM] [39m[36m[homebridge-ring][39m iceConnectionStateChange: completed
[37m[10/1/2026, 2:07:36 PM] [39m[36m[homebridge-ring][39m connectionStateChange: connecting
[37m[10/1/2026, 2:07:36 PM] [39m[36m[homebridge-ring][39m iceConnectionStateChange: checking
[37m[10/1/2026, 2:07:36 PM] [39m[36m[homebridge-ring][39m connectionStateChange: connecting
[37m[10/1/2026, 2:07:36 PM] [39m[36m[homebridge-ring][39m Activating Session
[37m[10/1/2026, 2:07:36 PM] [39m[36m[homebridge-ring][39m Streaming active for Front Door (0.571s)
[37m[10/1/2026, 2:07:37 PM] [39m[36m[homebridge-ring][39m iceConnectionStateChange: connected
[37m[10/1/2026, 2:07:37 PM] [39m[36m[homebridge-ring][39m connectionStateChange: connected
[37m[10/1/2026, 2:07:37 PM] [39m[36m[homebridge-ring][39m Received stream data from Front Door (1.499s)
[37m[10/1/2026, 2:07:46 PM] [39m[36m[homebridge-ring][39m Stopped Live Stream for Front Door
[37m[10/1/2026, 2:07:46 PM] [39m[36m[homebridge-ring][39m connectionStateChange: closed
[37m[10/1/2026, 2:07:46 PM] [39m[36m[homebridge-ring][39m iceConnectionStateChange: closed
[37m[10/1/2026, 2:30:48 PM] [39m[36m[homebridge-ring][39m Preparing Live Stream for Front Door
[37m[10/1/2026, 2:30:48 PM] [39m[36m[homebridge-ring][39m Stream Prepared for Front Door (0.463s)
[37m[10/1/2026, 2:30:48 PM] [39m[36m[homebridge-ring][39m Activating stream for Front Door (0.605s)
[37m[10/1/2026, 2:30:49 PM] [39m[36m[homebridge-ring][39m iceConnectionStateChange: checking
[37m[10/1/2026, 2:30:49 PM] [39m[36m[homebridge-ring][39m iceConnectionStateChange: completed
[37m[10/1/2026, 2:30:49 PM] [39m[36m[homebridge-ring][39m connectionStateChange: connecting
[37m[10/1/2026, 2:30:49 PM] [39m[36m[homebridge-ring][39m iceConnectionStateChange: checking
[37m[10/1/2026, 2:30:49 PM] [39m[36m[homebridge-ring][39m connectionStateChange: connecting
[37m[10/1/2026, 2:30:49 PM] [39m[36m[homebridge-ring][39m Activating Session
[37m[10/1/2026, 2:30:49 PM] [39m[36m[homebridge-ring][39m Streaming active for Front Door (1.23s)
[37m[10/1/2026, 2:30:50 PM] [39m[36m[homebridge-ring][39m iceConnectionStateChange: connected
[37m[10/1/2026, 2:30:50 PM] [39m[36m[homebridge-ring][39m connectionStateChange: connected
[37m[10/1/2026, 2:30:51 PM] [39m[36m[homebridge-ring][39m Received stream data from Front Door (3.624s)
[37m[10/1/2026, 2:31:36 PM] [39m[36m[homebridge-ring][39m Stopped Live Stream for Front Door
[37m[10/1/2026, 2:31:36 PM] [39m[36m[homebridge-ring][39m connectionStateChange: closed
[37m[10/1/2026, 2:31:36 PM] [39m[36m[homebridge-ring][39m iceConnectionStateChange: closed
[37m[10/1/2026, 2:40:49 PM] [39m[36m[homebridge-ring][39m Preparing Live Stream for Front Door
[37m[10/1/2026, 2:40:49 PM] [39m[36m[homebridge-ring][39m Stream Prepared for Front Door (0.4s)
[37m[10/1/2026, 2:40:49 PM] [39m[36m[homebridge-ring][39m Activating stream for Front Door (0.525s)
[37m[10/1/2026, 2:40:49 PM] [39m[36m[homebridge-ring][39m iceConnectionStateChange: checking
[37m[10/1/2026, 2:40:49 PM] [39m[36m[homebridge-ring][39m iceConnectionStateChange: completed
[37m[10/1/2026, 2:40:50 PM] [39m[36m[homebridge-ring][39m connectionStateChange: connecting
[37m[10/1/2026, 2:40:50 PM] [39m[36m[homebridge-ring][39m iceConnectionStateChange: checking
[37m[10/1/2026, 2:40:50 PM] [39m[36m[homebridge-ring][39m connectionStateChange: connecting
[37m[10/1/2026, 2:40:50 PM] [39m[36m[homebridge-ring][39m Activating Session
[37m[10/1/2026, 2:40:50 PM] [39m[36m[homebridge-ring][39m Streaming active for Front Door (0.885s)
[37m[10/1/2026, 2:40:50 PM] [39m[36m[homebridge-ring][39m iceConnectionStateChange: connected
[37m[10/1/2026, 2:40:50 PM] [39m[36m[homebridge-ring][39m connectionStateChange: connected
[37m[10/1/2026, 2:40:52 PM] [39m[36m[homebridge-ring][39m Received stream data from Front Door (3.001s)
[37m[10/1/2026, 2:41:02 PM] [39m[36m[homebridge-ring][39m Stopped Live Stream for Front Door
[37m[10/1/2026, 2:41:02 PM] [39m[36m[homebridge-ring][39m connectionStateChange: closed
[37m[10/1/2026, 2:41:02 PM] [39m[36m[homebridge-ring][39m iceConnectionStateChange: closed
[37m[10/1/2026, 5:33:02 PM] [39m[36m[homebridge-ring][39m Reconnecting location socket.io connection
[37m[10/1/2026, 5:33:03 PM] [39m[36m[homebridge-ring][39m Creating location socket.io connection - UK Home
[37m[10/1/2026, 5:33:03 PM] [39m[36m[homebridge-ring][39m Ring connected to socket.io server
[37m[10/1/2026, 6:13:31 PM] [39m[36m[homebridge-z2m][39m [31mZigbee2MQTT is OFFLINE![39m
[37m[10/1/2026, 6:14:24 PM] [39m[36m[homebridge-z2m][39m Zigbee2MQTT is ONLINE
[37m[10/1/2026, 6:34:33 PM] [39m[36m[homebridge-z2m][39m [31mZigbee2MQTT is OFFLINE![39m
[37m[10/1/2026, 6:35:25 PM] [39m[36m[homebridge-z2m][39m Zigbee2MQTT is ONLINE
[37m[10/1/2026, 6:46:37 PM] [39m[36m[homebridge-ring][39m Preparing Live Stream for Front Door
[37m[10/1/2026, 6:46:38 PM] [39m[36m[homebridge-ring][39m Stream Prepared for Front Door (0.414s)
[37m[10/1/2026, 6:46:38 PM] [39m[36m[homebridge-ring][39m Activating stream for Front Door (0.58s)
[37m[10/1/2026, 6:46:43 PM] [39m[36m[homebridge-ring][39m iceConnectionStateChange: checking
[37m[10/1/2026, 6:46:43 PM] [39m[36m[homebridge-ring][39m iceConnectionStateChange: completed
[37m[10/1/2026, 6:46:43 PM] [39m[36m[homebridge-ring][39m connectionStateChange: connecting
[37m[10/1/2026, 6:46:43 PM] [39m[36m[homebridge-ring][39m iceConnectionStateChange: checking
[37m[10/1/2026, 6:46:43 PM] [39m[36m[homebridge-ring][39m connectionStateChange: connecting
[37m[10/1/2026, 6:46:43 PM] [39m[36m[homebridge-ring][39m Activating Session
[37m[10/1/2026, 6:46:43 PM] [39m[36m[homebridge-ring][39m Streaming active for Front Door (6.059s)
[37m[10/1/2026, 6:46:44 PM] [39m[36m[homebridge-ring][39m iceConnectionStateChange: connected
[37m[10/1/2026, 6:46:44 PM] [39m[36m[homebridge-ring][39m connectionStateChange: connected
[37m[10/1/2026, 6:46:45 PM] [39m[36m[homebridge-ring][39m Received stream data from Front Door (7.942s)
[37m[10/1/2026, 6:46:51 PM] [39m[36m[homebridge-ring][39m Stopped Live Stream for Front Door
[37m[10/1/2026, 6:46:51 PM] [39m[36m[homebridge-ring][39m connectionStateChange: closed
[37m[10/1/2026, 6:46:51 PM] [39m[36m[homebridge-ring][39m iceConnectionStateChange: closed
[37m[10/1/2026, 8:35:41 PM] [39m[36m[homebridge-z2m][39m [31mZigbee2MQTT is OFFLINE![39m
[37m[10/1/2026, 8:36:33 PM] [39m[36m[homebridge-z2m][39m Zigbee2MQTT is ONLINE
[37m[10/1/2026, 11:36:50 PM] [39m[36m[homebridge-z2m][39m [31mZigbee2MQTT is OFFLINE![39m
[37m[10/1/2026, 11:37:42 PM] [39m[36m[homebridge-z2m][39m Zigbee2MQTT is ONLINE
[37m[10/2/2026, 2:37:58 AM] [39m[36m[homebridge-z2m][39m [31mZigbee2MQTT is OFFLINE![39m
[37m[10/2/2026, 2:38:51 AM] [39m[36m[homebridge-z2m][39m Zigbee2MQTT is ONLINE
[37m[10/2/2026, 5:39:07 AM] [39m[36m[homebridge-z2m][39m [31mZigbee2MQTT is OFFLINE![39m
[37m[10/2/2026, 5:39:59 AM] [39m[36m[homebridge-z2m][39m Zigbee2MQTT is ONLINE
[37m[10/2/2026, 6:40:15 AM] [39m[36m[homebridge-z2m][39m [31mZigbee2MQTT is OFFLINE![39m
[37m[10/2/2026, 6:41:05 AM] [39m[36m[homebridge-z2m][39m Zigbee2MQTT is ONLINE
[37m[10/2/2026, 11:41:21 AM] [39m[36m[homebridge-z2m][39m [31mZigbee2MQTT is OFFLINE![39m
[37m[10/2/2026, 11:42:14 AM] [39m[36m[homebridge-z2m][39m Zigbee2MQTT is ONLINE
[37m[10/2/2026, 12:23:46 PM][0m [36m[HB Supervisor][0m [DEBUG] Stopping services...
[37m[10/2/2026, 1:10:39 PM][0m [36m[HB Supervisor][0m [DEBUG] OS: Linux 6.8.0-142-generic x64.
[37m[10/2/2026, 1:10:39 PM][0m [36m[HB Supervisor][0m [DEBUG] Node.js v22.23.2 /opt/homebridge/bin/node.
[37m[10/2/2026, 1:10:39 PM][0m [36m[HB Supervisor][0m [DEBUG] Homebridge path: /var/lib/homebridge/node_modules/homebridge/bin/homebridge.js.
[37m[10/2/2026, 1:10:39 PM][0m [36m[HB Supervisor][0m [DEBUG] UI path: /opt/homebridge/lib/node_modules/homebridge-config-ui-x/dist/bin/standalone.js.
[0;37m[10/2/2026, 1:11:34 PM] [0m[0;36m[Homebridge UI][0m [0;32mHomebridge UI v5.27.0 is listening on :: port 8581.[0m
[37m[10/2/2026, 1:11:38 PM][0m [36m[HB Supervisor][0m [DEBUG] Starting Homebridge with extra flags: -I -P /var/lib/homebridge/node_modules --strict-plugin-resolution.
[37m[10/2/2026, 1:11:38 PM][0m [36m[HB Supervisor][0m [SUCCESS] Started Homebridge v2.3.1 with PID: 147.
[37m[10/2/2026, 1:11:48 PM] [39mLoaded config.json with 0 accessories and 3 platforms.
[37m[10/2/2026, 1:11:48 PM] [39mLoaded 0 cached accessories from cachedAccessories.
[37m[10/2/2026, 1:11:48 PM] [39m---
[37m[10/2/2026, 1:12:20 PM] [39mLoaded plugin: homebridge-ring@14.3.0
[37m[10/2/2026, 1:12:20 PM] [39mRegistering platform 'homebridge-ring.Ring'
[37m[10/2/2026, 1:12:20 PM] [39m---
[37m[10/2/2026, 1:12:23 PM] [39mLoaded plugin: homebridge-tapo-camera@2.9.6
[37m[10/2/2026, 1:12:23 PM] [39mRegistering platform 'homebridge-tapo-camera.tapo-camera'
[37m[10/2/2026, 1:12:23 PM] [39m---
[37m[10/2/2026, 1:12:26 PM] [39mLoaded plugin: homebridge-z2m@1.11.0
[37m[10/2/2026, 1:12:26 PM] [39mRegistering platform 'homebridge-z2m.zigbee2mqtt'
[37m[10/2/2026, 1:12:26 PM] [39m---
[37m[10/2/2026, 1:12:26 PM] [39mLoading 3 platforms...
[37m[10/2/2026, 1:12:26 PM] [39m[36m[zigbee2mqtt][39m Initializing zigbee2mqtt platform...
[37m[10/2/2026, 1:12:26 PM] [39m[36m[zigbee2mqtt][39m Initializing child bridge 0E:85:25:C6:58:78
[37m[10/2/2026, 1:12:26 PM] [39m[36m[Ring][39m Initializing Ring platform...
[37m[10/2/2026, 1:12:26 PM] [39m[36m[Ring][39m Initializing child bridge 0E:98:C8:CF:BE:1F
Setup Payload:
X-HM://0024GB2GTC3BR
Enter this code with your HomeKit app on your iOS device to pair with Homebridge:
[30m[47m                       [49m[39m
[30m[47m    ┌────────────┐     [49m[39m
[30m[47m    │ 594-16-893 │     [49m[39m
[30m[47m    └────────────┘     [49m[39m
[30m[47m                       [49m[39m
[37m[10/2/2026, 1:12:27 PM] [39m[32mHomebridge v2.3.1 (HAP v2.2.0) (Homebridge BA2C) is running on port 51833.[39m
[37m[10/2/2026, 1:12:27 PM] [39m[36m[homebridge-z2m][39m Child bridge starting (pid 177)...
[37m[10/2/2026, 1:12:27 PM] [39m[36m[homebridge-ring][39m Child bridge starting (pid 178)...
[37m[10/2/2026, 1:12:27 PM] [39mRegistering platform 'homebridge-z2m.zigbee2mqtt'
[37m[10/2/2026, 1:12:27 PM] [39m[36m[homebridge-z2m][39m [32mChild bridge started successfully (plugin v1.11.0).[39m
[37m[10/2/2026, 1:12:27 PM] [39mLoaded 7 cached accessories from cachedAccessories.0E8525C65878.
[37m[10/2/2026, 1:12:27 PM] [39m[36m[homebridge-z2m][39m Connecting to MQTT server at mqtt://192.168.0.254:1883
[37m[10/2/2026, 1:12:28 PM] [39m[36m[homebridge-z2m][39m Restoring accessory: Stair Window Blind (0x0ceff6fffea68c9f)
[37m[10/2/2026, 1:12:28 PM] [39m[36m[homebridge-z2m][39m Restoring accessory: IR Controller (0x881a14fffefeb90c)
[37m[10/2/2026, 1:12:28 PM] [39m[36m[homebridge-z2m][39m Restoring accessory: KitchenSensor (0xa4c1385b0afe776f)
[37m[10/2/2026, 1:12:28 PM] [39m[36m[homebridge-z2m][39m Restoring accessory: 0xa4c1382be2a2c9bb (0xa4c1382be2a2c9bb)
[37m[10/2/2026, 1:12:28 PM] [39m[36m[homebridge-z2m][39m Restoring accessory: 0xa4c13850a9de526a (0xa4c13850a9de526a)
[37m[10/2/2026, 1:12:28 PM] [39m[36m[homebridge-z2m][39m Restoring accessory: CurtainRod (0x842712fffe476f83)
[37m[10/2/2026, 1:12:28 PM] [39m[36m[homebridge-z2m][39m Restoring accessory: 0xa4c138b062025916 (0xa4c138b062025916)
[37m[10/2/2026, 1:12:28 PM] [39m[32mHomebridge v2.3.1 (HAP v2.2.0) (homebridge-z2m) is running on port 55785.[39m
[37m[10/2/2026, 1:12:28 PM] [39m[36m[homebridge-z2m][39m Connected to MQTT server
[37m[10/2/2026, 1:12:28 PM] [39m[36m[homebridge-z2m][39m Zigbee2MQTT is ONLINE
[37m[10/2/2026, 1:12:28 PM] [39m[36m[homebridge-z2m][39m Using Zigbee2MQTT v1.41.0 (identified via zigbee2mqtt/bridge/info)
[37m[10/2/2026, 1:12:28 PM] [39mRegistering platform 'homebridge-ring.Ring'
[37m[10/2/2026, 1:12:28 PM] [39m[36m[homebridge-ring][39m [32mChild bridge started successfully (plugin v14.3.0).[39m
[37m[10/2/2026, 1:12:28 PM] [39mLoaded 8 cached accessories from cachedAccessories.0E98C8CFBE1F.
[37m[10/2/2026, 1:12:28 PM] [39m[36m[homebridge-ring][39m Configuring cached accessory ad9d8f33-139c-49f5-b19d-01ef771d75e9 Alarm
[37m[10/2/2026, 1:12:28 PM] [39m[36m[homebridge-ring][39m Configuring cached accessory d83034c6-8acc-41b5-8472-2b196c0da16f Base Station
[37m[10/2/2026, 1:12:28 PM] [39m[36m[homebridge-ring][39m Configuring cached accessory 40a5dd88-aa49-4079-b3ae-042bf8164f54 Main Door
[37m[10/2/2026, 1:12:28 PM] [39m[36m[homebridge-ring][39m Configuring cached accessory 240c1867-c517-4a5f-b141-3286d054b43f Living Room Motion
[37m[10/2/2026, 1:12:28 PM] [39m[36m[homebridge-ring][39m Configuring cached accessory 0c7a7ccb-7d7c-44f2-adda-c97834c5a8a8 Entrance hall Keypad
[37m[10/2/2026, 1:12:28 PM] [39m[36m[homebridge-ring][39m Configuring cached accessory 6bfcffbd-d4c0-4a7b-b9dc-242c8b4b90cf Conservatory Door
[37m[10/2/2026, 1:12:28 PM] [39m[36m[homebridge-ring][39m Configuring cached accessory f90f7eff-cc81-440f-b2aa-f5b16c9db8cc Kitchen Window
[37m[10/2/2026, 1:12:28 PM] [39m[36m[homebridge-ring][39m Configuring cached accessory 5e2c8d9b-3287-49d5-9f2c-a63f3099106e Dining Room Window
[37m[10/2/2026, 1:12:28 PM] [39m[32mHomebridge v2.3.1 (HAP v2.2.0) (homebridge-ring) is running on port 58615.[39m
[37m[10/2/2026, 1:12:29 PM] [39m[36m[homebridge-ring][39m Found the following locations:
[37m[10/2/2026, 1:12:29 PM] [39m[36m[homebridge-ring][39m   locationId: 31fec751-e7b7-4c41-a2b5-c850a4d16903 - UK Home
[37m[10/2/2026, 1:12:29 PM] [39m[36m[homebridge-ring][39m Creating location socket.io connection - UK Home
[37m[10/2/2026, 1:12:30 PM] [39m[36m[homebridge-ring][39m Ignoring push notification received in first two seconds after starting up
[37m[10/2/2026, 1:12:30 PM] [39m[36m[homebridge-ring][39m Ring connected to socket.io server
[37m[10/2/2026, 1:12:31 PM] [39m[36m[homebridge-ring][39m Configuring 2 cameras and 16 devices for location "UK Home" - locationId: 31fec751-e7b7-4c41-a2b5-c850a4d16903
[37m[10/2/2026, 1:12:31 PM] [39m[36m[homebridge-ring][39m Hidden accessory a43913b0-f3bf-4977-82f9-82749323ba25 adapter.shadow Shadow Adapter
[37m[10/2/2026, 1:12:31 PM] [39m[36m[homebridge-ring][39m Configured camera 23e4601d-cf67-451a-aae4-7b0e8df1b231 cocoa_doorbell_v2 Front Door
[37m[10/2/2026, 1:12:31 PM] [39m[36m[homebridge-ring][39m Configured camera 00d47fe9-0b58-4f7b-b0ac-98c7d9017d7d stickup_cam_mini_v2 Conservatory
[37m[10/2/2026, 1:12:31 PM] [39m[32mFront Door FD52 is running on port 45079.[39m
[37m[10/2/2026, 1:12:31 PM] [39mPlease add [Front Door FD52] manually in Home app. Setup Code: 594-16-893
[37m[10/2/2026, 1:12:31 PM] [39m[32mConservatory 04EF is running on port 43807.[39m
[37m[10/2/2026, 1:12:31 PM] [39mPlease add [Conservatory 04EF] manually in Home app. Setup Code: 594-16-893
[37m[10/2/2026, 1:14:41 PM] [39m[36m[homebridge-z2m][39m [31mZigbee2MQTT is OFFLINE![39m
[37m[10/2/2026, 1:15:34 PM] [39m[36m[homebridge-z2m][39m [31mDisconnected from MQTT server![39m
[37m[10/2/2026, 1:16:10 PM] [39m[36m[homebridge-z2m][39m Connected to MQTT server
[37m[10/2/2026, 1:16:10 PM] [39m[36m[homebridge-z2m][39m Zigbee2MQTT is ONLINE
[37m[10/2/2026, 7:30:01 PM] [39m[36m[homebridge-ring][39m Preparing Live Stream for Front Door
[37m[10/2/2026, 7:30:01 PM] [39m[36m[homebridge-ring][39m Stream Prepared for Front Door (0.474s)
[37m[10/2/2026, 7:30:01 PM] [39m[36m[homebridge-ring][39m Activating stream for Front Door (0.572s)
[37m[10/2/2026, 7:30:02 PM] [39m[36m[homebridge-ring][39m iceConnectionStateChange: checking
[37m[10/2/2026, 7:30:02 PM] [39m[36m[homebridge-ring][39m iceConnectionStateChange: completed
[37m[10/2/2026, 7:30:02 PM] [39m[36m[homebridge-ring][39m connectionStateChange: connecting
[37m[10/2/2026, 7:30:02 PM] [39m[36m[homebridge-ring][39m iceConnectionStateChange: checking
[37m[10/2/2026, 7:30:02 PM] [39m[36m[homebridge-ring][39m connectionStateChange: connecting
[37m[10/2/2026, 7:30:02 PM] [39m[36m[homebridge-ring][39m Activating Session
[37m[10/2/2026, 7:30:02 PM] [39m[36m[homebridge-ring][39m Streaming active for Front Door (1.283s)
[37m[10/2/2026, 7:30:02 PM] [39m[36m[homebridge-ring][39m iceConnectionStateChange: connected
[37m[10/2/2026, 7:30:03 PM] [39m[36m[homebridge-ring][39m connectionStateChange: connected
[37m[10/2/2026, 7:30:04 PM] [39m[36m[homebridge-ring][39m Received stream data from Front Door (3.218s)
[37m[10/2/2026, 7:30:21 PM] [39m[36m[homebridge-ring][39m Stopped Live Stream for Front Door
[37m[10/2/2026, 7:30:21 PM] [39m[36m[homebridge-ring][39m connectionStateChange: closed
[37m[10/2/2026, 7:30:21 PM] [39m[36m[homebridge-ring][39m iceConnectionStateChange: closed
[37m[10/2/2026, 9:10:47 PM] [39m[36m[homebridge-z2m][39m [31mZigbee2MQTT is OFFLINE![39m
[37m[10/2/2026, 9:11:41 PM] [39m[36m[homebridge-z2m][39m Zigbee2MQTT is ONLINE
[37m[10/2/2026, 9:33:18 PM] [39m[36m[homebridge-z2m][39m [31mZigbee2MQTT is OFFLINE![39m
[37m[10/2/2026, 9:34:09 PM] [39m[36m[homebridge-z2m][39m Zigbee2MQTT is ONLINE
[37m[10/3/2026, 6:30:54 AM] [39m[36m[homebridge-z2m][39m [31mZigbee2MQTT is OFFLINE![39m
[37m[10/3/2026, 6:31:49 AM] [39m[36m[homebridge-z2m][39m Zigbee2MQTT is ONLINE
[37m[10/3/2026, 8:32:05 AM] [39m[36m[homebridge-z2m][39m [31mZigbee2MQTT is OFFLINE![39m
[37m[10/3/2026, 8:32:56 AM] [39m[36m[homebridge-z2m][39m Zigbee2MQTT is ONLINE
[37m[10/3/2026, 1:12:30 PM] [39m[36m[homebridge-ring][39m Reconnecting location socket.io connection
[37m[10/3/2026, 1:12:31 PM] [39m[36m[homebridge-ring][39m Creating location socket.io connection - UK Home
[37m[10/3/2026, 1:12:31 PM] [39m[36m[homebridge-ring][39m Ring connected to socket.io server
[37m[10/3/2026, 1:14:34 PM] [39m[36m[homebridge-z2m][39m [31mZigbee2MQTT is OFFLINE![39m
[37m[10/3/2026, 1:15:26 PM] [39m[36m[homebridge-z2m][39m Zigbee2MQTT is ONLINE
[37m[10/3/2026, 5:34:08 PM] [39m[36m[homebridge-ring][39m Location connection told to reconnect
[37m[10/3/2026, 5:34:08 PM] [39m[36m[homebridge-ring][39m Reconnecting location socket.io connection
[37m[10/3/2026, 5:34:09 PM] [39m[36m[homebridge-ring][39m Creating location socket.io connection - UK Home
[37m[10/3/2026, 5:34:10 PM] [39m[36m[homebridge-ring][39m Ring connected to socket.io server
[37m[10/3/2026, 5:34:10 PM] [39m[36m[homebridge-ring][39m [31mRing base_station_v1 643d9320-b6ce-41ac-48a8-cd1b91239331 is offline or on cellular backup.  Waiting for status to change[39m
[37m[10/3/2026, 5:34:20 PM] [39m[36m[homebridge-ring][39m Ring base_station_v1 643d9320-b6ce-41ac-48a8-cd1b91239331 has come back online
[37m[10/3/2026, 8:29:18 PM] [39m[36m[homebridge-ring][39m Location connection told to reconnect
[37m[10/3/2026, 8:29:18 PM] [39m[36m[homebridge-ring][39m Reconnecting location socket.io connection
[37m[10/3/2026, 8:29:19 PM] [39m[36m[homebridge-ring][39m Creating location socket.io connection - UK Home
[37m[10/3/2026, 8:29:20 PM] [39m[36m[homebridge-ring][39m Ring connected to socket.io server
[37m[10/3/2026, 8:29:20 PM] [39m[36m[homebridge-ring][39m [31mRing base_station_v1 643d9320-b6ce-41ac-48a8-cd1b91239331 is offline or on cellular backup.  Waiting for status to change[39m
[37m[10/3/2026, 8:29:30 PM] [39m[36m[homebridge-ring][39m Ring base_station_v1 643d9320-b6ce-41ac-48a8-cd1b91239331 has come back online
[37m[10/3/2026, 9:15:42 PM] [39m[36m[homebridge-z2m][39m [31mZigbee2MQTT is OFFLINE![39m
[37m[10/3/2026, 9:16:32 PM] [39m[36m[homebridge-z2m][39m Zigbee2MQTT is ONLINE
[37m[10/3/2026, 9:48:44 PM] [39m[36m[homebridge-ring][39m Location connection told to reconnect
[37m[10/3/2026, 9:48:44 PM] [39m[36m[homebridge-ring][39m Reconnecting location socket.io connection
[37m[10/3/2026, 9:48:45 PM] [39m[36m[homebridge-ring][39m Creating location socket.io connection - UK Home
[37m[10/3/2026, 9:48:46 PM] [39m[36m[homebridge-ring][39m Ring connected to socket.io server
[37m[10/3/2026, 9:48:46 PM] [39m[36m[homebridge-ring][39m [31mRing base_station_v1 643d9320-b6ce-41ac-48a8-cd1b91239331 is offline or on cellular backup.  Waiting for status to change[39m
[37m[10/3/2026, 9:49:16 PM] [39m[36m[homebridge-ring][39m Ring base_station_v1 643d9320-b6ce-41ac-48a8-cd1b91239331 has come back online
[37m[10/3/2026, 11:19:26 PM] [39m[36m[homebridge-z2m][39m [31mZigbee2MQTT is OFFLINE![39m
[37m[10/3/2026, 11:20:21 PM] [39m[36m[homebridge-z2m][39m Zigbee2MQTT is ONLINE
[37m[10/3/2026, 11:21:56 PM] [39m[36m[homebridge-z2m][39m New accessory: CurtainRod (CurtainRod)
[37m[10/3/2026, 11:25:17 PM] [39m[36m[homebridge-z2m][39m New accessory: CurtainRod (CurtainRod)
[37m[10/4/2026, 2:21:42 AM] [39m[36m[homebridge-ring][39m Location connection told to reconnect
[37m[10/4/2026, 2:21:42 AM] [39m[36m[homebridge-ring][39m Reconnecting location socket.io connection
[37m[10/4/2026, 2:21:43 AM] [39m[36m[homebridge-ring][39m Creating location socket.io connection - UK Home
[37m[10/4/2026, 2:21:44 AM] [39m[36m[homebridge-ring][39m Ring connected to socket.io server
[37m[10/4/2026, 2:21:44 AM] [39m[36m[homebridge-ring][39m [31mRing base_station_v1 643d9320-b6ce-41ac-48a8-cd1b91239331 is offline or on cellular backup.  Waiting for status to change[39m
[37m[10/4/2026, 2:21:55 AM] [39m[36m[homebridge-ring][39m Ring base_station_v1 643d9320-b6ce-41ac-48a8-cd1b91239331 has come back online
[37m[10/4/2026, 8:19:16 AM] [39m[36m[homebridge-ring][39m Preparing Live Stream for Front Door
[37m[10/4/2026, 8:19:17 AM] [39m[36m[homebridge-ring][39m Stream Prepared for Front Door (0.416s)
[37m[10/4/2026, 8:19:17 AM] [39m[36m[homebridge-ring][39m Activating stream for Front Door (0.64s)
[37m[10/4/2026, 8:19:17 AM] [39m[36m[homebridge-ring][39m iceConnectionStateChange: checking
[37m[10/4/2026, 8:19:17 AM] [39m[36m[homebridge-ring][39m iceConnectionStateChange: completed
[37m[10/4/2026, 8:19:17 AM] [39m[36m[homebridge-ring][39m connectionStateChange: connecting
[37m[10/4/2026, 8:19:17 AM] [39m[36m[homebridge-ring][39m iceConnectionStateChange: checking
[37m[10/4/2026, 8:19:17 AM] [39m[36m[homebridge-ring][39m connectionStateChange: connecting
[37m[10/4/2026, 8:19:17 AM] [39m[36m[homebridge-ring][39m Activating Session
[37m[10/4/2026, 8:19:17 AM] [39m[36m[homebridge-ring][39m Streaming active for Front Door (0.922s)
[37m[10/4/2026, 8:19:17 AM] [39m[36m[homebridge-ring][39m iceConnectionStateChange: connected
[37m[10/4/2026, 8:19:18 AM] [39m[36m[homebridge-ring][39m connectionStateChange: connected
[37m[10/4/2026, 8:19:20 AM] [39m[36m[homebridge-ring][39m Received stream data from Front Door (3.409s)
[37m[10/4/2026, 8:19:30 AM] [39m[36m[homebridge-ring][39m Stopped Live Stream for Front Door
[37m[10/4/2026, 8:19:30 AM] [39m[36m[homebridge-ring][39m connectionStateChange: closed
[37m[10/4/2026, 8:19:30 AM] [39m[36m[homebridge-ring][39m iceConnectionStateChange: closed
[37m[10/4/2026, 8:46:34 AM] [39m[36m[homebridge-z2m][39m [31mZigbee2MQTT is OFFLINE![39m
[37m[10/4/2026, 8:48:25 AM] [39m[36m[homebridge-z2m][39m Zigbee2MQTT is ONLINE
[37m[10/4/2026, 10:48:41 AM] [39m[36m[homebridge-z2m][39m [31mZigbee2MQTT is OFFLINE![39m
[37m[10/4/2026, 10:49:31 AM] [39m[36m[homebridge-z2m][39m Zigbee2MQTT is ONLINE
[37m[10/4/2026, 11:49:47 AM] [39m[36m[homebridge-z2m][39m [31mZigbee2MQTT is OFFLINE![39m
[37m[10/4/2026, 11:50:36 AM] [39m[36m[homebridge-z2m][39m Zigbee2MQTT is ONLINE
[37m[10/4/2026, 4:50:52 PM] [39m[36m[homebridge-z2m][39m [31mZigbee2MQTT is OFFLINE![39m
[37m[10/4/2026, 4:52:41 PM] [39m[36m[homebridge-z2m][39m Zigbee2MQTT is ONLINE
[37m[10/4/2026, 7:27:00 PM] [39m[36m[homebridge-ring][39m Reconnecting location socket.io connection
[37m[10/4/2026, 7:27:01 PM] [39m[36m[homebridge-ring][39m Creating location socket.io connection - UK Home
[37m[10/4/2026, 7:27:06 PM] [39m[36m[homebridge-ring][39m Ring connected to socket.io server
[37m[10/4/2026, 7:27:06 PM] [39m[36m[homebridge-ring][39m [31mRing base_station_v1 643d9320-b6ce-41ac-48a8-cd1b91239331 is offline or on cellular backup.  Waiting for status to change[39m
[37m[10/4/2026, 7:27:37 PM] [39m[36m[homebridge-ring][39m Ring base_station_v1 643d9320-b6ce-41ac-48a8-cd1b91239331 has come back online
[37m[10/4/2026, 7:52:57 PM] [39m[36m[homebridge-z2m][39m [31mZigbee2MQTT is OFFLINE![39m
[37m[10/4/2026, 7:53:48 PM] [39m[36m[homebridge-z2m][39m Zigbee2MQTT is ONLINE
[37m[10/5/2026, 2:38:32 AM] [39m[36m[homebridge-ring][39m Reconnecting location socket.io connection
[37m[10/5/2026, 2:38:33 AM] [39m[36m[homebridge-ring][39m Creating location socket.io connection - UK Home
[37m[10/5/2026, 2:38:34 AM] [39m[36m[homebridge-ring][39m Ring connected to socket.io server
[37m[10/5/2026, 2:38:47 AM] [39m[36m[homebridge-ring][39m Location connection told to reconnect
[37m[10/5/2026, 2:38:47 AM] [39m[36m[homebridge-ring][39m Reconnecting location socket.io connection
[37m[10/5/2026, 2:38:48 AM] [39m[36m[homebridge-ring][39m Creating location socket.io connection - UK Home
[37m[10/5/2026, 2:38:48 AM] [39m[36m[homebridge-ring][39m Ring connected to socket.io server
[37m[10/5/2026, 2:38:48 AM] [39m[36m[homebridge-ring][39m [31mRing base_station_v1 643d9320-b6ce-41ac-48a8-cd1b91239331 is offline or on cellular backup.  Waiting for status to change[39m
[37m[10/5/2026, 2:39:19 AM] [39m[36m[homebridge-ring][39m Ring base_station_v1 643d9320-b6ce-41ac-48a8-cd1b91239331 has come back online
[37m[10/5/2026, 6:26:57 AM] [39m[36m[homebridge-z2m][39m [31mZigbee2MQTT is OFFLINE![39m
[37m[10/5/2026, 6:27:49 AM] [39m[36m[homebridge-z2m][39m Zigbee2MQTT is ONLINE
[37m[10/5/2026, 10:03:59 AM] [39m[36m[homebridge-ring][39m Preparing Live Stream for Front Door
[37m[10/5/2026, 10:04:00 AM] [39m[36m[homebridge-ring][39m Stream Prepared for Front Door (0.458s)
[37m[10/5/2026, 10:04:00 AM] [39m[36m[homebridge-ring][39m Activating stream for Front Door (0.506s)
[37m[10/5/2026, 10:04:05 AM] [39m[36m[homebridge-ring][39m iceConnectionStateChange: checking
[37m[10/5/2026, 10:04:05 AM] [39m[36m[homebridge-ring][39m iceConnectionStateChange: completed
[37m[10/5/2026, 10:04:05 AM] [39m[36m[homebridge-ring][39m connectionStateChange: connecting
[37m[10/5/2026, 10:04:05 AM] [39m[36m[homebridge-ring][39m iceConnectionStateChange: checking
[37m[10/5/2026, 10:04:05 AM] [39m[36m[homebridge-ring][39m connectionStateChange: connecting
[37m[10/5/2026, 10:04:05 AM] [39m[36m[homebridge-ring][39m Activating Session
[37m[10/5/2026, 10:04:05 AM] [39m[36m[homebridge-ring][39m Streaming active for Front Door (6.008s)
[37m[10/5/2026, 10:04:06 AM] [39m[36m[homebridge-ring][39m iceConnectionStateChange: connected
[37m[10/5/2026, 10:04:06 AM] [39m[36m[homebridge-ring][39m connectionStateChange: connected
[37m[10/5/2026, 10:04:06 AM] [39m[36m[homebridge-ring][39m Received stream data from Front Door (6.635s)
[37m[10/5/2026, 10:15:51 AM] [39m[36m[homebridge-ring][39m [31mVideo stream closed[39m
[37m[10/5/2026, 10:15:51 AM] [39m[36m[homebridge-ring][39m [31m{[39m
[31m  doorbot_id: 410690930,[39m
[31m  session_id: 'eyJraWQiOiJTaWduYWxsaW5nIiwiYWxnIjoiSFMyNTYifQ.eyJkaW5nX2tpbmQiOiJtb3Rpb24iLCJkb29yYm90X2lkIjo0MTA2OTA5MzAsInBpbmdfaW50ZXJ2YWwiOjEwLCJkaW5nX2lkIjoiNzY5MzEwNjg5NTE0OTI0NTgxMCIsImlwIjoiMTUuMjE2LjIzMC4xMSIsImNyZWF0ZWRfYXQiOjE3OTExOTEwMzA4MzcsInJtc19mcWRuIjoiMTUtMjE2LTIzMC0xMS4zMzk3MTMwNzkzMzIuZXUtc291dGgtMi5wcm9kLnJtcy5yaW5nLmRldmljZXMuYTJ6LmNvbSIsInNlc3Npb25faWQiOiIxZjRhZTkwOS05OTY4LTQzODItYmEyOS02ZDg5NWE5NWNmZDIiLCJleHAiOjE3OTEyNzc0NDUsImlhdCI6MTc5MTE5MTA0NSwicm1zX3ZlcnNpb24iOiJkNGI2NjExMSJ9.fP5M1OrGyGKSHZgMF4tBxUsZmLGnt-tHdeVvLD74_gs',[39m
[31m  reason: { code: 10, text: 'answered_timeout' }[39m
[31m}[39m
[37m[10/5/2026, 10:15:51 AM] [39m[36m[homebridge-ring][39m connectionStateChange: closed
[37m[10/5/2026, 10:15:51 AM] [39m[36m[homebridge-ring][39m iceConnectionStateChange: closed
[37m[10/5/2026, 10:16:21 AM] [39m[36m[homebridge-ring][39m Stopped Live Stream for Front Door
[37m[10/5/2026, 10:16:21 AM] [39m[36m[homebridge-ring][39m Preparing Live Stream for Front Door
[37m[10/5/2026, 10:16:21 AM] [39m[36m[homebridge-ring][39m Stream Prepared for Front Door (0.398s)
[37m[10/5/2026, 10:16:21 AM] [39m[36m[homebridge-ring][39m Activating stream for Front Door (0.448s)
[37m[10/5/2026, 10:16:22 AM] [39m[36m[homebridge-ring][39m iceConnectionStateChange: checking
[37m[10/5/2026, 10:16:22 AM] [39m[36m[homebridge-ring][39m iceConnectionStateChange: completed
[37m[10/5/2026, 10:16:22 AM] [39m[36m[homebridge-ring][39m connectionStateChange: connecting
[37m[10/5/2026, 10:16:22 AM] [39m[36m[homebridge-ring][39m iceConnectionStateChange: checking
[37m[10/5/2026, 10:16:22 AM] [39m[36m[homebridge-ring][39m connectionStateChange: connecting
[37m[10/5/2026, 10:16:22 AM] [39m[36m[homebridge-ring][39m Activating Session
[37m[10/5/2026, 10:16:22 AM] [39m[36m[homebridge-ring][39m Streaming active for Front Door (1.107s)
[37m[10/5/2026, 10:16:22 AM] [39m[36m[homebridge-ring][39m iceConnectionStateChange: connected
[37m[10/5/2026, 10:16:23 AM] [39m[36m[homebridge-ring][39m connectionStateChange: connected
[37m[10/5/2026, 10:16:24 AM] [39m[36m[homebridge-ring][39m Received stream data from Front Door (2.97s)
[37m[10/5/2026, 10:24:45 AM] [39m[36m[homebridge-ring][39m Stopped Live Stream for Front Door
[37m[10/5/2026, 10:24:45 AM] [39m[36m[homebridge-ring][39m connectionStateChange: closed
[37m[10/5/2026, 10:24:45 AM] [39m[36m[homebridge-ring][39m iceConnectionStateChange: closed
[37m[10/5/2026, 10:27:08 AM] [39m[36m[homebridge-ring][39m Preparing Live Stream for Front Door
[37m[10/5/2026, 10:27:09 AM] [39m[36m[homebridge-ring][39m Stream Prepared for Front Door (0.415s)
[37m[10/5/2026, 10:27:09 AM] [39m[36m[homebridge-ring][39m Activating stream for Front Door (0.461s)
[37m[10/5/2026, 10:27:09 AM] [39m[36m[homebridge-ring][39m iceConnectionStateChange: checking
[37m[10/5/2026, 10:27:09 AM] [39m[36m[homebridge-ring][39m iceConnectionStateChange: completed
[37m[10/5/2026, 10:27:09 AM] [39m[36m[homebridge-ring][39m connectionStateChange: connecting
[37m[10/5/2026, 10:27:09 AM] [39m[36m[homebridge-ring][39m iceConnectionStateChange: checking
[37m[10/5/2026, 10:27:09 AM] [39m[36m[homebridge-ring][39m connectionStateChange: connecting
[37m[10/5/2026, 10:27:09 AM] [39m[36m[homebridge-ring][39m Activating Session
[37m[10/5/2026, 10:27:09 AM] [39m[36m[homebridge-ring][39m Streaming active for Front Door (0.9s)
[37m[10/5/2026, 10:27:10 AM] [39m[36m[homebridge-ring][39m iceConnectionStateChange: connected
[37m[10/5/2026, 10:27:10 AM] [39m[36m[homebridge-ring][39m connectionStateChange: connected
[37m[10/5/2026, 10:27:12 AM] [39m[36m[homebridge-ring][39m Received stream data from Front Door (3.41s)
[37m[10/5/2026, 10:27:20 AM] [39m[36m[homebridge-ring][39m Stopped Live Stream for Front Door
[37m[10/5/2026, 10:27:20 AM] [39m[36m[homebridge-ring][39m connectionStateChange: closed
[37m[10/5/2026, 10:27:20 AM] [39m[36m[homebridge-ring][39m iceConnectionStateChange: closed
[37m[10/5/2026, 10:28:06 AM] [39m[36m[homebridge-z2m][39m [31mZigbee2MQTT is OFFLINE![39m
[37m[10/5/2026, 10:28:56 AM] [39m[36m[homebridge-z2m][39m Zigbee2MQTT is ONLINE
[37m[10/5/2026, 10:56:33 AM] [39m[36m[homebridge-ring][39m Preparing Live Stream for Front Door
[37m[10/5/2026, 10:56:33 AM] [39m[36m[homebridge-ring][39m Stream Prepared for Front Door (0.405s)
[37m[10/5/2026, 10:56:33 AM] [39m[36m[homebridge-ring][39m Activating stream for Front Door (0.579s)
[37m[10/5/2026, 10:56:33 AM] [39m[36m[homebridge-ring][39m iceConnectionStateChange: checking
[37m[10/5/2026, 10:56:33 AM] [39m[36m[homebridge-ring][39m iceConnectionStateChange: completed
[37m[10/5/2026, 10:56:33 AM] [39m[36m[homebridge-ring][39m connectionStateChange: connecting
[37m[10/5/2026, 10:56:33 AM] [39m[36m[homebridge-ring][39m iceConnectionStateChange: checking
[37m[10/5/2026, 10:56:33 AM] [39m[36m[homebridge-ring][39m connectionStateChange: connecting
[37m[10/5/2026, 10:56:34 AM] [39m[36m[homebridge-ring][39m Activating Session
[37m[10/5/2026, 10:56:34 AM] [39m[36m[homebridge-ring][39m Streaming active for Front Door (0.909s)
[37m[10/5/2026, 10:56:34 AM] [39m[36m[homebridge-ring][39m iceConnectionStateChange: connected
[37m[10/5/2026, 10:56:34 AM] [39m[36m[homebridge-ring][39m connectionStateChange: connected
[37m[10/5/2026, 10:56:35 AM] [39m[36m[homebridge-ring][39m Received stream data from Front Door (2.885s)
[37m[10/5/2026, 10:56:49 AM] [39m[36m[homebridge-ring][39m Stopped Live Stream for Front Door
[37m[10/5/2026, 10:56:49 AM] [39m[36m[homebridge-ring][39m connectionStateChange: closed
[37m[10/5/2026, 10:56:49 AM] [39m[36m[homebridge-ring][39m iceConnectionStateChange: closed
[37m[10/5/2026, 11:49:02 AM] [39m[36m[homebridge-ring][39m Reconnecting location socket.io connection
[37m[10/5/2026, 11:49:03 AM] [39m[36m[homebridge-ring][39m Creating location socket.io connection - UK Home
[37m[10/5/2026, 11:49:04 AM] [39m[36m[homebridge-ring][39m Ring connected to socket.io server
[37m[10/5/2026, 11:49:04 AM] [39m[36m[homebridge-ring][39m [31mRing base_station_v1 643d9320-b6ce-41ac-48a8-cd1b91239331 is offline or on cellular backup.  Waiting for status to change[39m
[37m[10/5/2026, 11:49:34 AM] [39m[36m[homebridge-ring][39m Ring base_station_v1 643d9320-b6ce-41ac-48a8-cd1b91239331 has come back online
[37m[10/5/2026, 11:58:51 AM] [39m[36m[homebridge-ring][39m [31mRetry #1 failed to reach Ring server at https://api.ring.com/clients_api/ring_devices.  Error: fetch failed, Cause: getaddrinfo EAI_AGAIN api.ring.com, Code: EAI_AGAIN.  Trying again in 5 seconds...[39m
[37m[10/5/2026, 11:59:07 AM] [39m[36m[homebridge-ring][39m Reconnecting location socket.io connection
[37m[10/5/2026, 11:59:08 AM] [39m[36m[homebridge-ring][39m Creating location socket.io connection - UK Home
[37m[10/5/2026, 11:59:09 AM] [39m[36m[homebridge-ring][39m Ring connected to socket.io server
[37m[10/5/2026, 12:02:54 PM] [39m[36m[homebridge-ring][39m Reconnecting location socket.io connection
[37m[10/5/2026, 12:02:55 PM] [39m[36m[homebridge-ring][39m Creating location socket.io connection - UK Home
[37m[10/5/2026, 12:02:56 PM] [39m[36m[homebridge-ring][39m Ring connected to socket.io server
[37m[10/5/2026, 12:22:08 PM] [39m[36m[homebridge-ring][39m Reconnecting location socket.io connection
[37m[10/5/2026, 12:22:09 PM] [39m[36m[homebridge-ring][39m Creating location socket.io connection - UK Home
[37m[10/5/2026, 12:22:10 PM] [39m[36m[homebridge-ring][39m Ring connected to socket.io server
[37m[10/5/2026, 12:29:12 PM] [39m[36m[homebridge-z2m][39m [31mZigbee2MQTT is OFFLINE![39m
[37m[10/5/2026, 12:30:03 PM] [39m[36m[homebridge-z2m][39m Zigbee2MQTT is ONLINE
[37m[10/5/2026, 1:30:19 PM] [39m[36m[homebridge-z2m][39m [31mZigbee2MQTT is OFFLINE![39m
[37m[10/5/2026, 1:31:52 PM][0m [36m[HB Supervisor][0m [DEBUG] Stopping services...
[37m[10/5/2026, 1:46:36 PM][0m [36m[HB Supervisor][0m [DEBUG] OS: Linux 6.8.0-142-generic x64.
[37m[10/5/2026, 1:46:36 PM][0m [36m[HB Supervisor][0m [DEBUG] Node.js v22.23.2 /opt/homebridge/bin/node.
[37m[10/5/2026, 1:46:36 PM][0m [36m[HB Supervisor][0m [DEBUG] Homebridge path: /var/lib/homebridge/node_modules/homebridge/bin/homebridge.js.
[37m[10/5/2026, 1:46:36 PM][0m [36m[HB Supervisor][0m [DEBUG] UI path: /opt/homebridge/lib/node_modules/homebridge-config-ui-x/dist/bin/standalone.js.
[0;37m[10/5/2026, 1:48:00 PM] [0m[0;36m[Homebridge UI][0m [0;32mHomebridge UI v5.27.0 is listening on :: port 8581.[0m
[37m[10/5/2026, 1:48:03 PM][0m [36m[HB Supervisor][0m [DEBUG] Starting Homebridge with extra flags: -I -P /var/lib/homebridge/node_modules --strict-plugin-resolution.
[37m[10/5/2026, 1:48:03 PM][0m [36m[HB Supervisor][0m [SUCCESS] Started Homebridge v2.3.1 with PID: 148.
[37m[10/5/2026, 1:48:15 PM] [39mLoaded config.json with 0 accessories and 3 platforms.
[37m[10/5/2026, 1:48:15 PM] [39mLoaded 0 cached accessories from cachedAccessories.
[37m[10/5/2026, 1:48:15 PM] [39m---
[37m[10/5/2026, 1:48:49 PM] [39mLoaded plugin: homebridge-ring@14.3.0
[37m[10/5/2026, 1:48:49 PM] [39mRegistering platform 'homebridge-ring.Ring'
[37m[10/5/2026, 1:48:49 PM] [39m---
[37m[10/5/2026, 1:48:53 PM] [39mLoaded plugin: homebridge-tapo-camera@2.9.6
[37m[10/5/2026, 1:48:53 PM] [39mRegistering platform 'homebridge-tapo-camera.tapo-camera'
[37m[10/5/2026, 1:48:53 PM] [39m---
[37m[10/5/2026, 1:48:57 PM] [39mLoaded plugin: homebridge-z2m@1.11.0
[37m[10/5/2026, 1:48:57 PM] [39mRegistering platform 'homebridge-z2m.zigbee2mqtt'
[37m[10/5/2026, 1:48:57 PM] [39m---
[37m[10/5/2026, 1:48:57 PM] [39mLoading 3 platforms...
[37m[10/5/2026, 1:48:57 PM] [39m[36m[zigbee2mqtt][39m Initializing zigbee2mqtt platform...
[37m[10/5/2026, 1:48:57 PM] [39m[36m[zigbee2mqtt][39m Initializing child bridge 0E:85:25:C6:58:78
[37m[10/5/2026, 1:48:57 PM] [39m[36m[Ring][39m Initializing Ring platform...
[37m[10/5/2026, 1:48:57 PM] [39m[36m[Ring][39m Initializing child bridge 0E:98:C8:CF:BE:1F
Setup Payload:
X-HM://0024GB2GTC3BR
Enter this code with your HomeKit app on your iOS device to pair with Homebridge:
[30m[47m                       [49m[39m
[30m[47m    ┌────────────┐     [49m[39m
[30m[47m    │ 594-16-893 │     [49m[39m
[30m[47m    └────────────┘     [49m[39m
[30m[47m                       [49m[39m
[37m[10/5/2026, 1:48:57 PM] [39m[32mHomebridge v2.3.1 (HAP v2.2.0) (Homebridge BA2C) is running on port 51833.[39m
[37m[10/5/2026, 1:48:57 PM] [39m[36m[homebridge-z2m][39m Child bridge starting (pid 178)...
[37m[10/5/2026, 1:48:57 PM] [39m[36m[homebridge-ring][39m Child bridge starting (pid 179)...
[37m[10/5/2026, 1:48:58 PM] [39mRegistering platform 'homebridge-z2m.zigbee2mqtt'
[37m[10/5/2026, 1:48:58 PM] [39m[36m[homebridge-z2m][39m [32mChild bridge started successfully (plugin v1.11.0).[39m
[37m[10/5/2026, 1:48:58 PM] [39mLoaded 7 cached accessories from cachedAccessories.0E8525C65878.
[37m[10/5/2026, 1:48:58 PM] [39m[36m[homebridge-z2m][39m Connecting to MQTT server at mqtt://192.168.0.254:1883
[37m[10/5/2026, 1:48:58 PM] [39mRegistering platform 'homebridge-ring.Ring'
[37m[10/5/2026, 1:48:58 PM] [39m[36m[homebridge-ring][39m [32mChild bridge started successfully (plugin v14.3.0).[39m
[37m[10/5/2026, 1:48:59 PM] [39mLoaded 8 cached accessories from cachedAccessories.0E98C8CFBE1F.
[37m[10/5/2026, 1:48:59 PM] [39m[36m[homebridge-z2m][39m Restoring accessory: Stair Window Blind (0x0ceff6fffea68c9f)
[37m[10/5/2026, 1:48:59 PM] [39m[36m[homebridge-z2m][39m Restoring accessory: IR Controller (0x881a14fffefeb90c)
[37m[10/5/2026, 1:48:59 PM] [39m[36m[homebridge-z2m][39m Restoring accessory: KitchenSensor (0xa4c1385b0afe776f)
[37m[10/5/2026, 1:48:59 PM] [39m[36m[homebridge-z2m][39m Restoring accessory: 0xa4c1382be2a2c9bb (0xa4c1382be2a2c9bb)
[37m[10/5/2026, 1:48:59 PM] [39m[36m[homebridge-ring][39m Configuring cached accessory ad9d8f33-139c-49f5-b19d-01ef771d75e9 Alarm
[37m[10/5/2026, 1:48:59 PM] [39m[36m[homebridge-ring][39m Configuring cached accessory d83034c6-8acc-41b5-8472-2b196c0da16f Base Station
[37m[10/5/2026, 1:48:59 PM] [39m[36m[homebridge-z2m][39m Restoring accessory: 0xa4c13850a9de526a (0xa4c13850a9de526a)
[37m[10/5/2026, 1:48:59 PM] [39m[36m[homebridge-ring][39m Configuring cached accessory 40a5dd88-aa49-4079-b3ae-042bf8164f54 Main Door
[37m[10/5/2026, 1:48:59 PM] [39m[36m[homebridge-ring][39m Configuring cached accessory 240c1867-c517-4a5f-b141-3286d054b43f Living Room Motion
[37m[10/5/2026, 1:48:59 PM] [39m[36m[homebridge-ring][39m Configuring cached accessory 0c7a7ccb-7d7c-44f2-adda-c97834c5a8a8 Entrance hall Keypad
[37m[10/5/2026, 1:48:59 PM] [39m[36m[homebridge-ring][39m Configuring cached accessory 6bfcffbd-d4c0-4a7b-b9dc-242c8b4b90cf Conservatory Door
[37m[10/5/2026, 1:48:59 PM] [39m[36m[homebridge-ring][39m Configuring cached accessory f90f7eff-cc81-440f-b2aa-f5b16c9db8cc Kitchen Window
[37m[10/5/2026, 1:48:59 PM] [39m[36m[homebridge-ring][39m Configuring cached accessory 5e2c8d9b-3287-49d5-9f2c-a63f3099106e Dining Room Window
[37m[10/5/2026, 1:48:59 PM] [39m[36m[homebridge-z2m][39m Restoring accessory: 0xa4c138b062025916 (0xa4c138b062025916)
[37m[10/5/2026, 1:48:59 PM] [39m[36m[homebridge-z2m][39m Restoring accessory: CurtainRod (0x842712fffe476f83)
[37m[10/5/2026, 1:48:59 PM] [39m[32mHomebridge v2.3.1 (HAP v2.2.0) (homebridge-z2m) is running on port 55785.[39m
[37m[10/5/2026, 1:48:59 PM] [39m[36m[homebridge-z2m][39m Connected to MQTT server
[37m[10/5/2026, 1:48:59 PM] [39m[32mHomebridge v2.3.1 (HAP v2.2.0) (homebridge-ring) is running on port 58615.[39m
[37m[10/5/2026, 1:48:59 PM] [39m[36m[homebridge-z2m][39m Zigbee2MQTT is ONLINE
[37m[10/5/2026, 1:48:59 PM] [39m[36m[homebridge-z2m][39m Using Zigbee2MQTT v1.41.0 (identified via zigbee2mqtt/bridge/info)
[37m[10/5/2026, 1:49:00 PM] [39m[36m[homebridge-ring][39m Found the following locations:
[37m[10/5/2026, 1:49:00 PM] [39m[36m[homebridge-ring][39m   locationId: 31fec751-e7b7-4c41-a2b5-c850a4d16903 - UK Home
[37m[10/5/2026, 1:49:00 PM] [39m[36m[homebridge-ring][39m Creating location socket.io connection - UK Home
[37m[10/5/2026, 1:49:00 PM] [39m[36m[homebridge-ring][39m Ignoring push notification received in first two seconds after starting up
[37m[10/5/2026, 1:49:01 PM] [39m[36m[homebridge-ring][39m Ring connected to socket.io server
[37m[10/5/2026, 1:49:01 PM] [39m[36m[homebridge-ring][39m Configuring 2 cameras and 16 devices for location "UK Home" - locationId: 31fec751-e7b7-4c41-a2b5-c850a4d16903
[37m[10/5/2026, 1:49:01 PM] [39m[36m[homebridge-ring][39m Hidden accessory a43913b0-f3bf-4977-82f9-82749323ba25 adapter.shadow Shadow Adapter
[37m[10/5/2026, 1:49:01 PM] [39m[36m[homebridge-ring][39m Configured camera 23e4601d-cf67-451a-aae4-7b0e8df1b231 cocoa_doorbell_v2 Front Door
[37m[10/5/2026, 1:49:01 PM] [39m[36m[homebridge-ring][39m Configured camera 00d47fe9-0b58-4f7b-b0ac-98c7d9017d7d stickup_cam_mini_v2 Conservatory
[37m[10/5/2026, 1:49:01 PM] [39m[32mFront Door FD52 is running on port 33203.[39m
[37m[10/5/2026, 1:49:01 PM] [39mPlease add [Front Door FD52] manually in Home app. Setup Code: 594-16-893
[37m[10/5/2026, 1:49:01 PM] [39m[32mConservatory 04EF is running on port 33021.[39m
[37m[10/5/2026, 1:49:01 PM] [39mPlease add [Conservatory 04EF] manually in Home app. Setup Code: 594-16-893
[37m[10/5/2026, 2:03:20 PM] [39m[36m[homebridge-ring][39m [31mRetry #1 failed to reach Ring server at https://api.ring.com/clients_api/ring_devices.  Error: fetch failed, Cause: getaddrinfo EAI_AGAIN api.ring.com, Code: EAI_AGAIN.  Trying again in 5 seconds...[39m
[37m[10/5/2026, 2:03:25 PM] [39m[36m[homebridge-ring][39m [31mRetry #2 failed to reach Ring server at https://api.ring.com/clients_api/ring_devices.  Error: fetch failed, Cause: getaddrinfo EAI_AGAIN api.ring.com, Code: EAI_AGAIN.  Trying again in 5 seconds...[39m
[37m[10/5/2026, 2:03:30 PM] [39m[36m[homebridge-ring][39m [31mRetry #3 failed to reach Ring server at https://api.ring.com/clients_api/ring_devices.  Error: fetch failed, Cause: getaddrinfo EAI_AGAIN api.ring.com, Code: EAI_AGAIN.  Trying again in 5 seconds...[39m
[37m[10/5/2026, 2:03:38 PM] [39m[36m[homebridge-ring][39m Location connection told to reconnect
[37m[10/5/2026, 2:03:38 PM] [39m[36m[homebridge-ring][39m Reconnecting location socket.io connection
[37m[10/5/2026, 2:03:39 PM] [39m[36m[homebridge-ring][39m Creating location socket.io connection - UK Home
[37m[10/5/2026, 2:03:40 PM] [39m[36m[homebridge-ring][39m Ring connected to socket.io server
[37m[10/5/2026, 2:03:40 PM] [39m[36m[homebridge-ring][39m [31mRing base_station_v1 643d9320-b6ce-41ac-48a8-cd1b91239331 is offline or on cellular backup.  Waiting for status to change[39m
[37m[10/5/2026, 2:04:10 PM] [39m[36m[homebridge-ring][39m Ring base_station_v1 643d9320-b6ce-41ac-48a8-cd1b91239331 has come back online
[37m[10/5/2026, 2:05:01 PM] [39m[36m[homebridge-ring][39m [31mRetry #1 failed to reach Ring server at https://api.ring.com/clients_api/ring_devices.  Error: fetch failed, Cause: getaddrinfo EAI_AGAIN api.ring.com, Code: EAI_AGAIN.  Trying again in 5 seconds...[39m
[37m[10/5/2026, 2:05:06 PM] [39m[36m[homebridge-ring][39m [31mRetry #2 failed to reach Ring server at https://api.ring.com/clients_api/ring_devices.  Error: fetch failed, Cause: getaddrinfo EAI_AGAIN api.ring.com, Code: EAI_AGAIN.  Trying again in 5 seconds...[39m
[37m[10/5/2026, 2:05:43 PM] [39m[36m[homebridge-ring][39m Location connection told to reconnect
[37m[10/5/2026, 2:05:43 PM] [39m[36m[homebridge-ring][39m Reconnecting location socket.io connection
[37m[10/5/2026, 2:05:44 PM] [39m[36m[homebridge-ring][39m Creating location socket.io connection - UK Home
[37m[10/5/2026, 2:05:45 PM] [39m[36m[homebridge-ring][39m Ring connected to socket.io server
[37m[10/5/2026, 2:13:16 PM] [39m[36m[homebridge-ring][39m Reconnecting location socket.io connection
[37m[10/5/2026, 2:13:17 PM] [39m[36m[homebridge-ring][39m Creating location socket.io connection - UK Home
[37m[10/5/2026, 2:13:36 PM] [39m[36m[homebridge-ring][39m [31mRetry #1 failed to reach Ring server at https://api.ring.com/clients_api/ring_devices.  Error: fetch failed, Cause: Connect Timeout Error (attempted address: api.ring.com:443, timeout: 10000ms), Code: UND_ERR_CONNECT_TIMEOUT.  Trying again in 5 seconds...[39m
[37m[10/5/2026, 2:13:43 PM] [39m[36m[homebridge-ring][39m [31mRetry #1 failed to reach Ring server at https://prd-api-us.prd.rings.solutions/api/v1/clap/tickets?locationID=31fec751-e7b7-4c41-a2b5-c850a4d16903&enableExtendedEmergencyCellUsage=true&requestedTransport=ws.  Error: fetch failed, Cause: Connect Timeout Error (attempted address: prd-api-us.prd.rings.solutions:443, timeout: 10000ms), Code: UND_ERR_CONNECT_TIMEOUT.  Trying again in 5 seconds...[39m
[37m[10/5/2026, 2:13:51 PM] [39m[36m[homebridge-ring][39m [31mRetry #2 failed to reach Ring server at https://api.ring.com/clients_api/ring_devices.  Error: fetch failed, Cause: Connect Timeout Error (attempted address: api.ring.com:443, timeout: 10000ms), Code: UND_ERR_CONNECT_TIMEOUT.  Trying again in 5 seconds...[39m
[37m[10/5/2026, 2:13:59 PM] [39m[36m[homebridge-ring][39m [31mRetry #2 failed to reach Ring server at https://prd-api-us.prd.rings.solutions/api/v1/clap/tickets?locationID=31fec751-e7b7-4c41-a2b5-c850a4d16903&enableExtendedEmergencyCellUsage=true&requestedTransport=ws.  Error: fetch failed, Cause: Connect Timeout Error (attempted address: prd-api-us.prd.rings.solutions:443, timeout: 10000ms), Code: UND_ERR_CONNECT_TIMEOUT.  Trying again in 5 seconds...[39m
[37m[10/5/2026, 2:14:07 PM] [39m[36m[homebridge-ring][39m [31mRetry #3 failed to reach Ring server at https://api.ring.com/clients_api/ring_devices.  Error: fetch failed, Cause: Connect Timeout Error (attempted address: api.ring.com:443, timeout: 10000ms), Code: UND_ERR_CONNECT_TIMEOUT.  Trying again in 5 seconds...[39m
[37m[10/5/2026, 2:14:14 PM] [39m[36m[homebridge-ring][39m [31mRetry #3 failed to reach Ring server at https://prd-api-us.prd.rings.solutions/api/v1/clap/tickets?locationID=31fec751-e7b7-4c41-a2b5-c850a4d16903&enableExtendedEmergencyCellUsage=true&requestedTransport=ws.  Error: fetch failed, Cause: Connect Timeout Error (attempted address: prd-api-us.prd.rings.solutions:443, timeout: 10000ms), Code: UND_ERR_CONNECT_TIMEOUT.  Trying again in 5 seconds...[39m
[37m[10/5/2026, 2:14:22 PM] [39m[36m[homebridge-ring][39m [31mRetry #4 failed to reach Ring server at https://api.ring.com/clients_api/ring_devices.  Error: fetch failed, Cause: Connect Timeout Error (attempted address: api.ring.com:443, timeout: 10000ms), Code: UND_ERR_CONNECT_TIMEOUT.  Trying again in 5 seconds...[39m
[37m[10/5/2026, 2:14:30 PM] [39m[36m[homebridge-ring][39m [31mRetry #4 failed to reach Ring server at https://prd-api-us.prd.rings.solutions/api/v1/clap/tickets?locationID=31fec751-e7b7-4c41-a2b5-c850a4d16903&enableExtendedEmergencyCellUsage=true&requestedTransport=ws.  Error: fetch failed, Cause: Connect Timeout Error (attempted address: prd-api-us.prd.rings.solutions:443, timeout: 10000ms), Code: UND_ERR_CONNECT_TIMEOUT.  Trying again in 5 seconds...[39m
[37m[10/5/2026, 2:14:38 PM] [39m[36m[homebridge-ring][39m [31mRetry #5 failed to reach Ring server at https://api.ring.com/clients_api/ring_devices.  Error: fetch failed, Cause: Connect Timeout Error (attempted address: api.ring.com:443, timeout: 10000ms), Code: UND_ERR_CONNECT_TIMEOUT.  Trying again in 5 seconds...[39m
[37m[10/5/2026, 2:14:45 PM] [39m[36m[homebridge-ring][39m [31mRetry #5 failed to reach Ring server at https://prd-api-us.prd.rings.solutions/api/v1/clap/tickets?locationID=31fec751-e7b7-4c41-a2b5-c850a4d16903&enableExtendedEmergencyCellUsage=true&requestedTransport=ws.  Error: fetch failed, Cause: Connect Timeout Error (attempted address: prd-api-us.prd.rings.solutions:443, timeout: 10000ms), Code: UND_ERR_CONNECT_TIMEOUT.  Trying again in 5 seconds...[39m
[37m[10/5/2026, 2:14:53 PM] [39m[36m[homebridge-ring][39m [31mRetry #6 failed to reach Ring server at https://api.ring.com/clients_api/ring_devices.  Error: fetch failed, Cause: Connect Timeout Error (attempted address: api.ring.com:443, timeout: 10000ms), Code: UND_ERR_CONNECT_TIMEOUT.  Trying again in 5 seconds...[39m
[37m[10/5/2026, 2:15:01 PM] [39m[36m[homebridge-ring][39m [31mRetry #6 failed to reach Ring server at https://prd-api-us.prd.rings.solutions/api/v1/clap/tickets?locationID=31fec751-e7b7-4c41-a2b5-c850a4d16903&enableExtendedEmergencyCellUsage=true&requestedTransport=ws.  Error: fetch failed, Cause: Connect Timeout Error (attempted address: prd-api-us.prd.rings.solutions:443, timeout: 10000ms), Code: UND_ERR_CONNECT_TIMEOUT.  Trying again in 5 seconds...[39m
[37m[10/5/2026, 2:15:09 PM] [39m[36m[homebridge-ring][39m [31mRetry #7 failed to reach Ring server at https://api.ring.com/clients_api/ring_devices.  Error: fetch failed, Cause: Connect Timeout Error (attempted address: api.ring.com:443, timeout: 10000ms), Code: UND_ERR_CONNECT_TIMEOUT.  Trying again in 5 seconds...[39m
[37m[10/5/2026, 2:15:16 PM] [39m[36m[homebridge-ring][39m [31mRetry #7 failed to reach Ring server at https://prd-api-us.prd.rings.solutions/api/v1/clap/tickets?locationID=31fec751-e7b7-4c41-a2b5-c850a4d16903&enableExtendedEmergencyCellUsage=true&requestedTransport=ws.  Error: fetch failed, Cause: Connect Timeout Error (attempted address: prd-api-us.prd.rings.solutions:443, timeout: 10000ms), Code: UND_ERR_CONNECT_TIMEOUT.  Trying again in 5 seconds...[39m
[37m[10/5/2026, 2:15:24 PM] [39m[36m[homebridge-ring][39m [31mRetry #8 failed to reach Ring server at https://api.ring.com/clients_api/ring_devices.  Error: fetch failed, Cause: Connect Timeout Error (attempted address: api.ring.com:443, timeout: 10000ms), Code: UND_ERR_CONNECT_TIMEOUT.  Trying again in 5 seconds...[39m
[37m[10/5/2026, 2:15:31 PM] [39m[36m[homebridge-ring][39m Ring connected to socket.io server
[37m[10/5/2026, 5:15:45 PM] [39m[36m[homebridge-ring][39m Preparing Live Stream for Front Door
[37m[10/5/2026, 5:15:45 PM] [39m[36m[homebridge-ring][39m Stream Prepared for Front Door (0.432s)
[37m[10/5/2026, 5:15:46 PM] [39m[36m[homebridge-ring][39m iceConnectionStateChange: checking
[37m[10/5/2026, 5:15:46 PM] [39m[36m[homebridge-ring][39m iceConnectionStateChange: completed
[37m[10/5/2026, 5:15:46 PM] [39m[36m[homebridge-ring][39m connectionStateChange: connecting
[37m[10/5/2026, 5:15:46 PM] [39m[36m[homebridge-ring][39m iceConnectionStateChange: checking
[37m[10/5/2026, 5:15:46 PM] [39m[36m[homebridge-ring][39m connectionStateChange: connecting
[37m[10/5/2026, 5:15:46 PM] [39m[36m[homebridge-ring][39m Activating Session
[37m[10/5/2026, 5:15:46 PM] [39m[36m[homebridge-ring][39m iceConnectionStateChange: connected
[37m[10/5/2026, 5:15:46 PM] [39m[36m[homebridge-ring][39m connectionStateChange: connected
[37m[10/5/2026, 5:15:47 PM] [39m[36m[homebridge-ring][39m Activating stream for Front Door (1.798s)
[37m[10/5/2026, 5:15:47 PM] [39m[36m[homebridge-ring][39m Streaming active for Front Door (1.878s)
[37m[10/5/2026, 5:15:47 PM] [39m[36m[homebridge-ring][39m Received stream data from Front Door (2.068s)
[37m[10/5/2026, 5:16:34 PM] [39m[36m[homebridge-ring][39m Stopped Live Stream for Front Door
[37m[10/5/2026, 5:16:34 PM] [39m[36m[homebridge-ring][39m connectionStateChange: closed
[37m[10/5/2026, 5:16:34 PM] [39m[36m[homebridge-ring][39m iceConnectionStateChange: closed
[37m[10/5/2026, 5:41:36 PM] [39m[36m[homebridge-z2m][39m [31mZigbee2MQTT is OFFLINE![39m
[37m[10/5/2026, 5:42:29 PM] [39m[36m[homebridge-z2m][39m Zigbee2MQTT is ONLINE
[37m[10/6/2026, 12:42:46 AM] [39m[36m[homebridge-z2m][39m [31mZigbee2MQTT is OFFLINE![39m
[37m[10/6/2026, 12:43:38 AM] [39m[36m[homebridge-z2m][39m Zigbee2MQTT is ONLINE
[37m[10/6/2026, 3:43:55 AM] [39m[36m[homebridge-z2m][39m [31mZigbee2MQTT is OFFLINE![39m
[37m[10/6/2026, 3:44:49 AM] [39m[36m[homebridge-z2m][39m Zigbee2MQTT is ONLINE
[37m[10/6/2026, 6:45:05 AM] [39m[36m[homebridge-z2m][39m [31mZigbee2MQTT is OFFLINE![39m
[37m[10/6/2026, 6:45:57 AM] [39m[36m[homebridge-z2m][39m Zigbee2MQTT is ONLINE
